,date,real_hpi,real_bci
0,1890-01,1.0,1.0
1,1890-02,0.9918433927540674,0.9952712914174959
2,1890-03,0.983686785508135,0.990542582834992
3,1890-04,0.9755301782622026,0.985813875212915
4,1890-05,0.9554492828047031,0.9689918630323976
5,1890-06,0.9473932176229154,0.9643214426703863
6,1890-07,0.9393371552176001,0.9596510223083751
7,1890-08,0.898070991104355,0.9209253627628413
8,1890-09,0.8798436090701084,0.9056560615148519
9,1890-10,0.8721660902923122,0.9012050995103978
10,1890-11,0.8852879673088375,0.9183298353818624
11,1890-12,0.8774257291986642,0.9137717843499588
12,1891-01,0.8801516135767514,0.9202846516294133
13,1891-02,0.8708738663649125,0.911791870428721
14,1891-03,0.8618166835389567,0.9035009946870045
15,1891-04,0.8529722946708258,0.8954049089033597
16,1891-05,0.8644062761714961,0.9085959768599096
17,1891-06,0.8867832570266887,0.9333322988755868
18,1891-07,0.8990568293086612,0.9474786745283841
19,1891-08,0.9003995063762139,0.9501203700390594
20,1891-09,0.912996194061926,0.9646528166912718
21,1891-10,0.9143556281343941,0.9673274815313834
22,1891-11,0.9272878879231922,0.9822610533696712
23,1891-12,0.9286645025513188,0.9849695206788277
24,1892-01,0.9542887084135805,1.0134282604020852
25,1892-02,0.9576787223396069,1.0071103249093496
26,1892-03,0.9866577300843652,1.0274390477671123
27,1892-04,1.0034973416426398,1.0347279995824272
28,1892-05,1.0070245738571078,1.0281543315122759
29,1892-06,1.010551806071576,1.0215806633382931
30,1892-07,0.9874333437383539,0.9883369178470349
31,1892-08,0.9780188000540313,0.9692027103562619
32,1892-09,0.981408813980058,0.9628847745641498
33,1892-10,0.9847988279060843,0.956566838772038
34,1892-11,0.9630798796410861,0.9261039594560246
35,1892-12,0.9543229999850028,0.908465352909748
36,1893-01,0.9230267086118665,0.8698180408681765
37,1893-02,0.9246143222815381,0.8674964393927923
38,1893-03,0.9599965918277614,0.896835429280887
39,1893-04,0.9848539191911687,0.9162045535410258
40,1893-05,1.0103317000752075,0.9360571426383301
41,1893-06,1.0498612918391887,0.9687839165414599
42,1893-07,1.091328504204541,1.0031010813919765
43,1893-08,1.150557466119951,1.0534843644065168
44,1893-09,1.1190911223116193,1.0208243492363152
45,1893-10,1.1182805966695963,1.0163335167196181
46,1893-11,1.1621215522656398,1.0523735731009043
47,1893-12,1.192057256459842,1.0756733843373032
48,1894-01,1.2399490348175022,1.1150211347852674
49,1894-02,1.24773625416957,1.1334103439087568
50,1894-03,1.2739171219087584,1.1689990819388005
51,1894-04,1.2639868076691976,1.171785388081157
52,1894-05,1.2540564966890841,1.1745716942235136
53,1894-06,1.2441261857089707,1.177358001479468
54,1894-07,1.2341958747288573,1.1801443076218245
55,1894-08,1.1898302629179132,1.1496579540135976
56,1894-09,1.1638118121208447,1.1363841721440036
57,1894-10,1.187224988204706,1.1715501030513158
58,1894-11,1.177436325804639,1.174296664586537
59,1894-12,1.1845443165688425,1.1940758394472057
60,1895-01,1.1746140055887289,1.1968621455895623
61,1895-02,1.1615312123972632,1.1960007822033634
62,1895-03,1.1484484224652451,1.195139417703566
63,1895-04,1.0881277892237025,1.1445891123040501
64,1895-05,1.06072370289068,1.1279557398002222
65,1895-06,1.0342136490522211,1.1119337751329605
66,1895-07,1.0359933468288207,1.126327506490178
67,1895-08,1.0379739050760608,1.1412870076116217
68,1895-09,1.0254354356010682,1.1404614819721473
69,1895-10,1.0128969630022402,1.1396359552654074
70,1895-11,1.0003584935272476,1.1388104285586675
71,1895-12,1.001712382436665,1.153989131753734
72,1896-01,1.0031048990174132,1.1696008599182137
73,1896-02,1.0203001149347786,1.187404004870138
74,1896-03,1.0229797230217317,1.1882822325802909
75,1896-04,1.0407192440074988,1.2066210841570315
76,1896-05,1.0589874722853907,1.2255065065746111
77,1896-06,1.0778084017372953,1.2449633032373089
78,1896-07,1.0806096162422076,1.2458813856587074
79,1896-08,1.0834108273397516,1.2467994692442415
80,1896-09,1.086212041844664,1.2477175516656402
81,1896-10,1.0570329597952608,1.2119678190691456
82,1896-11,1.0295187502952232,1.178257861005184
83,1896-12,1.0321601357442995,1.179123560345482
84,1897-01,1.065189819342795,1.2146411865252027
85,1897-02,1.0709476017746293,1.2160367648822787
86,1897-03,1.0767053842064638,1.2174323421094058
87,1897-04,1.0985939936545979,1.2369908463400996
88,1897-05,1.1211448346945907,1.257141087591982
89,1897-06,1.127076817550318,1.2585788888611347
90,1897-07,1.1330088004060457,1.2600166889661524
91,1897-08,1.089497047811719,1.2066921856325543
92,1897-09,1.0643672792328502,1.1740878742632122
93,1897-10,1.0851432167495303,1.1921911374335603
94,1897-11,1.090736738120997,1.1935469019936624
95,1897-12,1.0963302594924638,1.1949026654560515
96,1898-01,1.1019237840768843,1.1962584300161536
97,1898-02,1.082443754519276,1.185068260865338
98,1898-03,1.0784608026059763,1.190701860502428
99,1898-04,1.0744778506926762,1.1963354590572428
100,1898-05,1.0000266963427862,1.122846216495674
101,1898-06,1.0665119468660764,1.207602658331423
102,1898-07,1.077685189325226,1.23054217946945
103,1898-08,1.0736454235332828,1.2362561382605226
104,1898-09,1.06960565774134,1.2419700959538822
105,1898-10,1.0655658919493967,1.2476840547449546
106,1898-11,1.0615261261574536,1.253398012438314
107,1898-12,1.042614235386277,1.2414042529071379
108,1899-01,1.0386312834729772,1.2470378525442278
109,1899-02,1.0221383872173033,1.202851088226591
110,1899-03,1.034205608315983,1.1929551718553906
111,1899-04,1.0321560992064365,1.167096945874727
112,1899-05,1.0440605045112836,1.1573345491818767
113,1899-06,1.041907080999913,1.1322947776045411
114,1899-07,1.0398102403217822,1.1079129439733988
115,1899-08,1.0377677841818875,1.0841634548277446
116,1899-09,1.0097879275706696,1.0343989010711638
117,1899-10,1.0082165073854115,1.0127296492993523
118,1899-11,1.0066833555717503,0.9915881020297039
119,1899-12,1.0051870937470555,0.9709552164406939
120,1900-01,1.0158011139764374,0.9622510205290364
121,1900-02,0.9902605150618822,0.9517694407421627
122,1900-03,0.9767946290887386,0.9527260299931087
123,1900-04,0.963328743115595,0.9536826192440548
124,1900-05,0.9729946109052131,0.9778872794529672
125,1900-06,0.9710243434518466,0.9909331277521228
126,1900-07,0.9454069795290976,0.9798470490744905
127,1900-08,0.9430966515620418,0.9929170553371615
128,1900-09,0.917819345410317,0.9818068196330513
129,1900-10,0.9151689596722368,0.994900981973612
130,1900-11,0.9012051137273344,0.995892945291837
131,1900-12,0.898314299894798,1.009326325625033
132,1901-01,0.8732774218375292,0.9978768719282876
133,1901-02,0.8973626952007332,1.011170436388574
134,1901-03,0.9105492121692585,1.0120102028793447
135,1901-04,0.9354099173604549,1.025650389005732
136,1901-05,0.9487630829539285,1.0265007694551818
137,1901-06,0.9621162485474023,1.0273511499046317
138,1901-07,0.9632952687988655,1.0153692726841343
139,1901-08,0.9644452227667194,1.003682782690979
140,1901-09,0.9655671722160022,0.9922808915711215
141,1901-10,0.9784325587535748,0.993100208392259
142,1901-11,0.9793727452401587,0.9819627878580369
143,1901-12,0.9802905799459054,0.9710901458400191
144,1902-01,1.0047939800802606,0.9835817080006557
145,1902-02,1.0061043526470108,0.979078102062906
146,1902-03,1.0074147279234325,0.9745744961251563
147,1902-04,0.9967344993206922,0.9585397663287264
148,1902-05,0.986305197320465,0.9428817653528839
149,1902-06,0.9759987954161347,0.9274740135656355
150,1902-07,0.9772633697971228,0.9231278109394093
151,1902-08,0.9901439553863588,0.9296883765088136
152,1902-09,0.9797925185590995,0.9144354047935475
153,1902-10,0.9171701374302539,0.8508237108802912
154,1902-11,0.9492605367367312,0.8752592061802091
155,1902-12,0.9399376663840087,0.8613955368262992
156,1903-01,0.9308193866257674,0.847836105156205
157,1903-02,0.9344049764246682,0.8502251771769553
158,1903-03,0.9699178721798559,0.8816355152936506
159,1903-04,0.9736255082098192,0.8841059064981958
160,1903-05,1.0000257164998134,0.9071615951795527
161,1903-06,1.0038194396427784,0.9096893460723375
162,1903-07,1.00761316540071,0.9122170969651221
163,1903-08,1.011406888543675,0.9147448469644972
164,1903-09,1.0035499644155321,0.9067457922524931
165,1903-10,1.0189943374445718,0.9198003487500666
166,1903-11,1.0349294793851629,0.933276966992294
167,1903-12,1.0387682400970653,0.9358347245730602
168,1904-01,1.0185507120251087,0.9167407590212605
169,1904-02,0.9854321538927747,0.8979290463502863
170,1904-03,0.9862314753118245,0.9098944614607014
171,1904-04,0.9870491430789803,0.9221345116123075
172,1904-05,0.9996128961825108,0.9457540071415457
173,1904-06,0.9888643693643941,0.9475943881624717
174,1904-07,0.9781158451922864,0.9494347691833978
175,1904-08,0.9560185144435919,0.9401151337776327
176,1904-09,0.9345465290304186,0.9311241010303655
177,1904-10,0.9240460077716801,0.9329220185607145
178,1904-11,0.8930478880439138,0.9137472403119774
179,1904-12,0.8827829713009006,0.9155048172269784
180,1905-01,0.8725180520309302,0.9172623950053203
181,1905-02,0.8860824090961859,0.924820361825787
182,1905-03,0.9098541495828034,0.9429570875776001
183,1905-04,0.9235724077493608,0.9506008070372576
184,1905-05,0.9480472029130202,0.969241535113486
185,1905-06,0.9619228919961698,0.9769729754415498
186,1905-07,0.9757985836642762,0.98470441665277
187,1905-08,0.9784454378599621,0.9811756866221597
188,1905-09,1.0035499644155321,1.0001672981920542
189,1905-10,1.0174256560836383,1.007898738520118
190,1905-11,1.0196002098040062,1.0041068467474046
191,1905-12,1.0217259721678706,1.0004000352104983
192,1906-01,1.035290326706169,1.007958002030965
193,1906-02,1.0442110311396062,1.007961704899237
194,1906-03,1.0531317330460863,1.0079654077675095
195,1906-04,1.0620524349525662,1.0079691097724408
196,1906-05,1.059091503482503,0.9967901176505382
197,1906-06,1.0679132369572284,0.9967937794382912
198,1906-07,1.1138054544345033,1.0311157875354695
199,1906-08,1.0977352476324003,1.007983920382189
200,1906-09,1.0943784398803265,0.9968047639477877
201,1906-10,1.0792531799884963,0.9751708613702087
202,1906-11,1.07608132100595,0.9645950848075449
203,1906-12,1.0730975081983145,0.9543530032815846
204,1907-01,1.0931545504655664,0.9646021708586568
205,1907-02,1.061475795563372,0.9435372274109768
206,1907-03,1.063957378547246,0.9527617838235861
207,1907-04,1.05516434160955,0.9519644211938416
208,1907-05,1.0246053175370415,0.9313814508208107
209,1907-06,1.00553689977382,0.9210214064835681
210,1907-07,0.997015399896179,0.9202486671444812
211,1907-08,0.9884939023371282,0.9194759285975458
212,1907-09,0.979972402459487,0.9187031892584587
213,1907-10,0.9615530223002843,0.9085778766951823
214,1907-11,0.9936130878306241,0.946382883603024
215,1907-12,1.0063099002153115,0.9662192276459514
216,1908-01,1.0082681490198513,0.9759973776317103
217,1908-02,1.017520589302716,0.9792765936334417
218,1908-03,1.0155870580619462,0.9717278578805297
219,1908-04,1.0025312048473094,0.9535996561306065
220,1908-05,1.0006188892992944,0.9461337489635722
221,1908-06,0.9987065737512794,0.9386678417965374
222,1908-07,0.9859756297868005,0.9210952073600179
223,1908-08,0.984084069405821,0.9137103308317208
224,1908-09,0.9821925090248417,0.9063254543034236
225,1908-10,0.9696659763677248,0.8891882559911495
226,1908-11,0.957515361903319,0.8725164415265537
227,1908-12,0.9456201536506883,0.8561950690077786
228,1909-01,0.9538130300574529,0.8580620979996787
229,1909-02,0.9500849450615053,0.8457541309565202
230,1909-03,0.9563814489862048,0.8424644078143172
231,1909-04,0.9428590307685984,0.8218983611172654
232,1909-05,0.9393565071364739,0.8103350664905729
233,1909-06,0.9359246386575905,0.7990050273357818
234,1909-07,0.9419671142470464,0.7958480239603556
235,1909-08,0.9384448057456668,0.7846932979716464
236,1909-09,0.9350901565293558,0.7738419266812775
237,1909-10,0.9227684186961702,0.7558046028494596
238,1909-11,0.9196608975037452,0.7455431329401043
239,1909-12,0.9166124783159805,0.7354768253903096
240,1910-01,0.9311645030168778,0.7395328628768892
241,1910-02,0.9293866730935987,0.7419157620618834
242,1910-03,0.9101328213356775,0.7302761777925485
243,1910-04,0.8998229914624755,0.7257061232171071
244,1910-05,0.9152658907896508,0.7419412240149033
245,1910-06,0.9222753534004812,0.7514473588018596
246,1910-07,0.920497523477202,0.7538302579868535
247,1910-08,0.9276256497669452,0.763543794919942
248,1910-09,0.9348933272153752,0.7734474982318575
249,1910-10,0.961412900895463,0.7994359016642631
250,1910-11,0.9792996517979758,0.8184489701171536
251,1910-12,0.9773935268558532,0.8210038284371792
252,1911-01,0.9754874019137308,0.8235586867572049
253,1911-02,1.0098107860675796,0.848999735199829
254,1911-03,1.0024031563572648,0.8392835649045578
255,1911-04,1.0384664193579263,0.8658876553646245
256,1911-05,1.041776648802301,0.8650685660860947
257,1911-06,1.0450868782466758,0.8642494759723348
258,1911-07,1.0370233793219306,0.8540633037327239
259,1911-08,1.0078382245833861,0.8266298093896576
260,1911-09,1.0006034003327837,0.8173439365597749
261,1911-10,1.0037428995555178,0.816567093082153
262,1911-11,1.017354681226679,0.8242750390069463
263,1911-12,1.0312525828798644,0.8321450069514854
264,1912-01,1.023698987998246,0.822705191818342
265,1912-02,1.01316139954231,0.8158800455574134
266,1912-03,0.9927239151052109,0.8010324513037477
267,1912-04,0.9634689908682101,0.7789894257816209
268,1912-05,0.9634689908682101,0.7805523024823557
269,1912-06,0.972993398166075,0.7898468068649215
270,1912-07,0.972993398166075,0.7914251334393889
271,1912-08,0.9634689908682101,0.7852409325845603
272,1912-09,0.9541292404465285,0.779176629501407
273,1912-10,0.9541292404465285,0.7807243558667776
274,1912-11,0.9541292404465285,0.7822720822321482
275,1912-12,0.9634689908682101,0.7914924393874997
276,1913-01,0.9541292404465285,0.7853675349628894
277,1913-02,0.9570858157859786,0.777003370608745
278,1913-03,0.9600423911254289,0.7686392062546008
279,1913-04,0.962998966464879,0.7602750426464534
280,1913-05,0.9759138463590133,0.7596625368314053
281,1913-06,0.9689121193272766,0.7435467137889658
282,1913-07,0.9620518391650428,0.7277564631507403
283,1913-08,0.9649785501071249,0.7194767854529159
284,1913-09,0.9582262084387148,0.7040851366044332
285,1913-10,0.9611236522713761,0.6958882556835871
286,1913-11,0.9544763348949153,0.6808825491976571
287,1913-12,0.9669185420765255,0.6794944937687876
288,1914-01,0.9698159859091867,0.671297612774834
289,1914-02,0.972922481659726,0.6800334008092838
290,1914-03,0.9662328541790337,0.6819884049501571
291,1914-04,0.969334486297128,0.6909224233949106
292,1914-05,0.9528536035405327,0.6858984130842115
293,1914-06,0.9461639782212823,0.6878534172250849
294,1914-07,0.9300796072331843,0.6829103370791909
295,1914-08,0.9053498805560062,0.6714174422603411
296,1914-09,0.8988570089226158,0.6733149462794241
297,1914-10,0.9011994236585971,0.681897722011257
298,1914-11,0.8858712635579656,0.6771099541742417
299,1914-12,0.8880851086763039,0.6857303043140507
300,1915-01,0.8815279490665163,0.6876465954292554
301,1915-02,0.897379879393521,0.7164553685851337
302,1915-03,0.9135520507372327,0.7458461371583025
303,1915-04,0.9114531810661999,0.7603199829883052
304,1915-05,0.9093958710521902,0.774507218009793
305,1915-06,0.916362852078269,0.7962223736549274
306,1915-07,0.9233298331043478,0.8179375293000618
307,1915-08,0.9302968141304263,0.8396526849451962
308,1915-09,0.9372637930378643,0.8613678405903306
309,1915-10,0.9349736096123356,0.8744253198017838
310,1915-11,0.9327278957678852,0.8872292557275778
311,1915-12,0.9395595956089916,0.9085227578650397
312,1916-01,0.9372913791476931,0.9208757190409391
313,1916-02,0.9388833797838891,0.9419644759655408
314,1916-03,0.9315184740730631,0.9538812973388078
315,1916-04,0.9242925288473467,0.9655732730257867
316,1916-05,0.9172016480183728,0.9770467071111398
317,1916-06,0.9102420797973426,0.9883076701949123
318,1916-07,0.9117751194283347,1.0086153620482325
319,1916-08,0.904929183159858,1.0194833928565843
320,1916-09,0.8901157589601053,1.020873158031768
321,1916-10,0.8758267037585734,1.0222137279795116
322,1916-11,0.8620346591727474,1.023507669407334
323,1916-12,0.8560306386639059,1.0335914888103617
324,1917-01,0.8501292509842754,1.0435029352321414
325,1917-02,0.8332739246991913,1.0133536204037552
326,1917-03,0.8376718314719033,1.0092924881869283
327,1917-04,0.8019711792805863,0.957362615942234
328,1917-05,0.7935634172037448,0.9385959424610282
329,1917-06,0.7854143554984984,0.9204072674537873
330,1917-07,0.8018094907308401,0.9309807484006442
331,1917-08,0.7935335663559462,0.9129086678582503
332,1917-09,0.7796023491654018,0.8886525635755886
333,1917-10,0.7719619351979549,0.8718769035692103
334,1917-11,0.775871185662588,0.8682664667269148
335,1917-12,0.7683967801253637,0.8520338477526589
336,1918-01,0.7557007676851255,0.8302944869171739
337,1918-02,0.7565793534075179,0.8244058735347827
338,1918-03,0.7682662156071604,0.8302944869171739
339,1918-04,0.7636397995742596,0.8186001983690447
340,1918-05,0.7539064322765833,0.8016636425407196
341,1918-06,0.7496327485350139,0.7907566542068325
342,1918-07,0.7355999694648309,0.769809458068903
343,1918-08,0.7269816657775919,0.7548131699247035
344,1918-09,0.7186927253776536,0.7403899883337858
345,1918-10,0.7107146202427127,0.7265076760525271
346,1918-11,0.7030301876894262,0.713136369131315
347,1918-12,0.699839404448098,0.7044922919297233
348,1919-01,0.7051702005362341,0.7044922919297233
349,1919-02,0.7239778049186905,0.7355897271313733
350,1919-03,0.7208275970680474,0.7444502647692717
351,1919-04,0.7134553726198143,0.7485877308325667
352,1919-05,0.710522890744723,0.7570322998574955
353,1919-06,0.7160336677172036,0.7743358952828098
354,1919-07,0.7008104101525249,0.768891229480879
355,1919-08,0.6941939699146245,0.7723806867601754
356,1919-09,0.6955261459732458,0.784470163951849
357,1919-10,0.6891435110804955,0.7876242917696531
358,1919-11,0.6792772800752374,0.7864016456064072
359,1919-12,0.6698286673135879,0.7852307516617112
360,1920-01,0.6607717068943902,0.7841083921810441
361,1920-02,0.6527740267443113,0.7632566626859124
362,1920-03,0.6449387349526973,0.7428286896662689
363,1920-04,0.6247040717744076,0.7085683812663369
364,1920-05,0.614451078353133,0.6861238394654262
365,1920-06,0.6044924292406032,0.6643239883750233
366,1920-07,0.6062543918067761,0.6555088610730349
367,1920-08,0.6200143303761089,0.6593496188965648
368,1920-09,0.6281245231844538,0.6567508763825237
369,1920-10,0.6300849267407747,0.6474990191422922
370,1920-11,0.6320651312724989,0.638153708798624
371,1920-12,0.6438705761674134,0.6384362731063382
372,1921-01,0.656173091300099,0.6387303500812684
373,1921-02,0.678357389378496,0.65591624084267
374,1921-03,0.6828559110944533,0.6558387061330716
375,1921-04,0.6912016797177313,0.659382900673825
376,1921-05,0.7076405430144128,0.6704978916473024
377,1921-06,0.7124843659782698,0.670500123459508
378,1921-07,0.7092775181401125,0.6629256696524499
379,1921-08,0.7100960044940203,0.6591393521361235
380,1921-09,0.7190392291089488,0.6628432013451127
381,1921-10,0.7198670695926156,0.6590136116285996
382,1921-11,0.7248368360766215,0.6589494473253745
383,1921-12,0.7298640565084196,0.6588849638261043
384,1922-01,0.7479961766899306,0.6705143227309246
385,1922-02,0.748914639940734,0.6816894172464782
386,1922-03,0.758813140355508,0.7011627281166108
387,1922-04,0.7597426018848675,0.7124716560994165
388,1922-05,0.7606720646955608,0.7237805840822222
389,1922-06,0.7616015275062541,0.7350899498356307
390,1922-07,0.7579921141008779,0.7419560273552315
391,1922-08,0.7680596111947786,0.7622723106554663
392,1922-09,0.7689946731790301,0.7736498051182327
393,1922-10,0.7653193774676936,0.7803260995374562
394,1922-11,0.761687834003023,0.7869229142612129
395,1922-12,0.7580992686502583,0.793442092761556
396,1923-01,0.7635356945909489,0.8094065752966161
397,1923-02,0.7636588849571555,0.8094065752966161
398,1923-03,0.7637820753233622,0.8094065752966161
399,1923-04,0.759385116188447,0.8046171872771095
400,1923-05,0.7595075788837454,0.8046171872771095
401,1923-06,0.7551616283110335,0.7998841449990088
402,1923-07,0.7465010046185955,0.7905831665687879
403,1923-08,0.750987536701293,0.795206459940535
404,1923-09,0.7467416555665339,0.7905831665687879
405,1923-10,0.7425448609997067,0.7860133216753267
406,1923-11,0.7426644909507051,0.7860133216753267
407,1923-12,0.7427841209017033,0.7860133216753267
408,1924-01,0.7429037508527017,0.7860133216753267
409,1924-02,0.7504717552122655,0.7895205547857653
410,1924-03,0.75812827299134,0.7930688081665013
411,1924-04,0.7658748674501689,0.796658805704658
412,1924-05,0.7691618838325778,0.795583692606541
413,1924-06,0.7724489002149868,0.7945085795084241
414,1924-07,0.7711994492488727,0.7887935046184339
415,1924-08,0.7790229342385266,0.7923583533121902
416,1924-09,0.7777350386290002,0.7866558528444002
417,1924-10,0.7764621185498175,0.7810196605215848
418,1924-11,0.7797109138115006,0.7799570487385622
419,1924-12,0.778433930408021,0.7743921569731376
420,1925-01,0.781663946506342,0.7733356874547568
421,1925-02,0.7835613376871158,0.7785403747094365
422,1925-03,0.776400216293472,0.7747441726166621
423,1925-04,0.778267004391613,0.7799570487385622
424,1925-05,0.771136486080602,0.7761530803663748
425,1925-06,0.7597217110201766,0.7679787446630989
426,1925-07,0.7485648969780658,0.75998955274798
427,1925-08,0.7459925090491774,0.7606780867612576
428,1925-09,0.743420121120289,0.7613662077367349
429,1925-10,0.7408477331914006,0.7620547417500125
430,1925-11,0.7259707561748038,0.750030887833902
431,1925-12,0.7274828125589464,0.7549014369986695
432,1926-01,0.7249391663946266,0.7555822778944803
433,1926-02,0.7226845714470079,0.7559224941309595
434,1926-03,0.7244773347157748,0.7605117879969782
435,1926-04,0.7181753803563362,0.7566033350267702
436,1926-05,0.7199428110908861,0.7611960431242786
437,1926-06,0.7217302140031296,0.7658410592663389
438,1926-07,0.7276724295368427,0.7749415211226957
439,1926-08,0.7295350728351939,0.7797452005908131
440,1926-09,0.7230601712212416,0.775637924096125
441,1926-10,0.7166588492505312,0.7715769058133616
442,1926-11,0.710329858601524,0.7675617747428325
443,1926-12,0.7080497867958377,0.7679062482683715
444,1927-01,0.7138356558127973,0.7770303122847514
445,1927-02,0.7188302289807046,0.7821964090240324
446,1927-03,0.7238825441157709,0.787421806837232
447,1927-04,0.7247797712220471,0.7881262607120882
448,1927-05,0.7215064408666663,0.7842972047329966
449,1927-06,0.7141894362852441,0.7760767672511415
450,1927-07,0.7274714513039813,0.7902391997488499
451,1927-08,0.7326033800289217,0.7955421632377976
452,1927-09,0.7292659042796391,0.7916476849107552
453,1927-10,0.7259667915503641,0.7877983908615562
454,1927-11,0.7310603584921915,0.7930565926604678
455,1927-12,0.7319575855984677,0.7937606239475168
456,1928-01,0.7328548114678494,0.7944650778223732
457,1928-02,0.7401554043858716,0.8048258929236867
458,1928-03,0.7388845947488152,0.8058947188107034
459,1928-04,0.7376137863631198,0.8069635446977202
460,1928-05,0.7320619141519745,0.8033345079650587
461,1928-06,0.7350721683403681,0.8091011964717539
462,1928-07,0.7338013599546727,0.8101700223587709
463,1928-08,0.7325305503176165,0.8112388482457877
464,1928-09,0.7228058720829972,0.8029168339694196
465,1928-10,0.7257448118395617,0.8086475668801715
466,1928-11,0.7244813906306279,0.8097101786631941
467,1928-12,0.727447315523474,0.8155141517938551
468,1929-01,0.7261765058864176,0.816582977680872
469,1929-02,0.7235743745491711,0.8144453259068383
470,1929-03,0.725213255148567,0.81708595456888
471,1929-04,0.7268715307846418,0.8197578332742594
472,1929-05,0.71997837664678,0.8127855021764122
473,1929-06,0.7131658441947407,0.8058947188107034
474,1929-07,0.7023491022234034,0.7944650778223732
475,1929-08,0.6997770520924677,0.7923521387856115
476,1929-09,0.6972050019615318,0.7902391997488499
477,1929-10,0.694632951830596,0.7881262607120882
478,1929-11,0.6920609016996602,0.7860133216753267
479,1929-12,0.6934975076824962,0.7884579430027429
480,1930-01,0.6949509160744878,0.7909311563924676
481,1930-02,0.6942909509264114,0.789491241702132
482,1930-03,0.6936231742737261,0.7880347191911453
483,1930-04,0.6847951249825264,0.777306769938553
484,1930-05,0.6840711600106466,0.775777717371624
485,1930-06,0.683338576408149,0.7742308969627713
486,1930-07,0.6867092507911974,0.7773197231084097
487,1930-08,0.6859793359158096,0.7757536811045241
488,1930-09,0.6769846097643273,0.7648416496155878
489,1930-10,0.6761957576705947,0.7631999829238669
490,1930-11,0.6753972854293775,0.7615382959066372
491,1930-12,0.6829690037589297,0.769295881879687
492,1931-01,0.6864834238991033,0.7724586184206294
493,1931-02,0.6891646312744302,0.7679413433273361
494,1931-03,0.6874796769630184,0.758414028001364
495,1931-04,0.6857729826861868,0.7487642512369321
496,1931-05,0.6885149987745378,0.7438191471584061
497,1931-06,0.6913296524677642,0.7387425627884582
498,1931-07,0.6850249007866076,0.7238145533415157
499,1931-08,0.6787201505225552,0.7088865438945733
500,1931-09,0.6768981681670078,0.6985844372926772
501,1931-10,0.6750517311085857,0.6881445380363308
502,1931-11,0.6777597988525486,0.6821728349722787
503,1931-12,0.6758813228866624,0.6714055082653835
504,1932-01,0.6834031862769094,0.6697277956661375
505,1932-02,0.6908951437787889,0.6865729888936682
506,1932-03,0.6936126763859835,0.6988745355719008
507,1932-04,0.6963693117212146,0.7113536088763716
508,1932-05,0.704269299010657,0.7292983086683591
509,1932-06,0.7071650984241798,0.7422758223060594
510,1932-07,0.7048824486830855,0.7498913859365707
511,1932-08,0.7078042403120598,0.763118112156468
512,1932-09,0.7107696423682034,0.7765417066207616
513,1932-10,0.7137796353275766,0.7901677093303128
514,1932-11,0.7168352358619612,0.8040001666263724
515,1932-12,0.7199374867861835,0.8180432484025957
516,1933-01,0.7286927921722363,0.8387549007324773
517,1933-02,0.7419608395977675,0.8610779233141623
518,1933-03,0.7496562131240613,0.8770990748809389
519,1933-04,0.751463010256585,0.8862856944556137
520,1933-05,0.7532698056908331,0.8954723140302885
521,1933-06,0.7491311177617557,0.8975362105662681
522,1933-07,0.7279947189347956,0.8789665099872142
523,1933-08,0.7242042774178502,0.8810767187479857
524,1933-09,0.7259289457869054,0.8898463185517711
525,1933-10,0.7276536157770415,0.8986153645094153
526,1933-11,0.7293782841460965,0.9073844104670594
527,1933-12,0.7311029541362328,0.916154010270845
528,1934-01,0.7328276225052878,0.924923056228489
529,1934-02,0.7332366938575426,0.9175108625250437
530,1934-03,0.7391557457250046,0.9170524278331609
531,1934-04,0.7450747992013594,0.9165945428231629
532,1934-05,0.7509938510688214,0.9161366578131648
533,1934-06,0.7512643007799138,0.9088448035457501
534,1934-07,0.7571391806185142,0.9083903355880655
535,1934-08,0.7630140620540007,0.9079358676303808
536,1934-09,0.7575817515706511,0.8941355474150783
537,1934-10,0.7690248320441757,0.9003076721638585
538,1934-11,0.7748561942543422,0.8998565706354901
539,1934-12,0.7865135846021744,0.9061169046400803
540,1935-01,0.7807356929048811,0.8923438714370663
541,1935-02,0.7771156719561709,0.8884985764146044
542,1935-03,0.7791944501236808,0.8911667403077412
543,1935-04,0.7756118296367814,0.8873578396776833
544,1935-05,0.7776755441943819,0.8900066690498556
545,1935-06,0.7854307877500459,0.8991712319871521
546,1935-07,0.7875095659175559,0.901839395880289
547,1935-08,0.7895883456469834,0.904507559773426
548,1935-09,0.7916671253764112,0.907175723666563
549,1935-10,0.7937459035439209,0.9098438875596999
550,1935-11,0.7900578377423823,0.9058996452828887
551,1935-12,0.7921215522999826,0.9085484746550608
552,1936-01,0.7941852684081824,0.9111973040272331
553,1936-02,0.7958817746485006,0.9217926215159218
554,1936-03,0.8034000201653798,0.9391936903842064
555,1936-04,0.8051089096629267,0.9498663459567542
556,1936-05,0.8068177991604735,0.9605390015293019
557,1936-06,0.8026677996097736,0.9641738914706768
558,1936-07,0.7985775122828251,0.9677564808373557
559,1936-08,0.7945456576319758,0.9712878903559393
560,1936-09,0.796217928068861,0.9817318461662182
561,1936-10,0.7978901985057462,0.9921758019764972
562,1936-11,0.7995624689426314,1.0026197577867761
563,1936-12,0.8012347393795164,1.013063713597055
564,1937-01,0.7972126338602569,1.0162487497661472
565,1937-02,0.7966322095035671,1.016680655484798
566,1937-03,0.7904457866599274,1.0099503115308233
567,1937-04,0.7843458857163197,1.0033135870189274
568,1937-05,0.778330707105142,0.9967690392363636
569,1937-06,0.7777623749225498,0.9971924546115052
570,1937-07,0.7718340823487669,0.9907352563474932
571,1937-08,0.7712696696984686,0.9911552474256293
572,1937-09,0.7654264539177033,0.9847841280187443
573,1937-10,0.7648659056418403,0.9852012424456603
574,1937-11,0.7695764302718305,0.9924157248510078
575,1937-12,0.774352378855015,0.9997309160931702
576,1938-01,0.7846824120200435,1.0142404973503258
577,1938-02,0.7893903753335763,1.0214336923669949
578,1938-03,0.7885332166752129,1.0214336923669949
579,1938-04,0.7821290420168527,1.0142404973503258
580,1938-05,0.7868188963232705,1.0214336923669949
581,1938-06,0.7859617361472993,1.0214336923669949
582,1938-07,0.7851045759713281,1.0214336923669949
583,1938-08,0.7842474157953568,1.0214336923669949
584,1938-09,0.7833902571369936,1.0214336923669949
585,1938-10,0.7881226190821726,1.0287296473124734
586,1938-11,0.7872593363335159,1.0287296473124734
587,1938-12,0.7863960535848591,1.0287296473124734
588,1939-01,0.7855327708362023,1.0287296473124734
589,1939-02,0.7933641987303923,1.0387603530727052
590,1939-03,0.7955443117264803,1.0413901261184588
591,1939-04,0.8035050364959204,1.051585260752359
592,1939-05,0.8057009474122699,1.054234090124531
593,1939-06,0.8078968583286195,1.0568829194967033
594,1939-07,0.8100927692449689,1.0595317488688756
595,1939-08,0.812288678610719,1.0621805782410478
596,1939-09,0.7971551301754288,1.0421734627703856
597,1939-10,0.8050136361513692,1.0522285478856008
598,1939-11,0.8071781769117709,1.0548395368381709
599,1939-12,0.8093427176721726,1.0574505257907405
600,1940-01,0.8173454401479164,1.0676878565759957
601,1940-02,0.8058371028280681,1.0635430074126666
602,1940-03,0.800166947223562,1.0670239778842325
603,1940-04,0.794496793147504,1.070505470553589
604,1940-05,0.7888266375429979,1.0739869632229455
605,1940-06,0.7776021806481478,1.0698263171434865
606,1940-07,0.7774863263339856,1.080949426363868
607,1940-08,0.7718161722579276,1.0844309190332244
608,1940-09,0.7661460166534215,1.0879118895047906
609,1940-10,0.7604758610489154,1.0913933821741468
610,1940-11,0.7548057054444094,1.0948748748435033
611,1940-12,0.7438225332735403,1.0905660875468774
612,1941-01,0.7381925915385698,1.0940228887788626
613,1941-02,0.7402429467248889,1.0987759256610596
614,1941-03,0.7370658842921148,1.0957571169782292
615,1941-04,0.7339332562989601,1.0927810406384495
616,1941-05,0.7308441370279325,1.0898462986922781
617,1941-06,0.7178956177775054,1.072163075540049
618,1941-07,0.7198622849970359,1.0767221109168503
619,1941-08,0.7121399729921829,1.0667673054038038
620,1941-09,0.7046222255437499,1.0570757191911648
621,1941-10,0.6973010205122694,1.0476379856095142
622,1941-11,0.694650366452149,1.0451869480431522
623,1941-12,0.6920339129993673,1.042767065105449
624,1942-01,0.6850595961539677,1.0337520591830216
625,1942-02,0.6872168935669736,1.0299082939963538
626,1942-03,0.685038636068692,1.0197001294925252
627,1942-04,0.6871558655801219,1.0160152663260469
628,1942-05,0.6850184475202977,1.0061650002342517
629,1942-06,0.6913123897743401,1.008781627641492
630,1942-07,0.6933526348818679,1.0052307467393458
631,1942-08,0.6953681497456681,1.0017229068178315
632,1942-09,0.7015858017905705,1.0043078175292266
633,1942-10,0.6993267657655872,0.9948336949222268
634,1942-11,0.7012707289896544,0.9914503822125083
635,1942-12,0.7031916867317801,0.9881075412963405
636,1943-01,0.7092621766808431,0.9906308380992369
637,1943-02,0.71906431396233,0.9927937875274012
638,1943-03,0.7161536643035178,0.9776028403807592
639,1943-04,0.7174424808894201,0.9684668218324731
640,1943-05,0.7228088735733164,0.9650215168697719
641,1943-06,0.7322749375765809,0.9671103080318277
642,1943-07,0.7460038821290557,0.9747692089593658
643,1943-08,0.75989154156663,0.9825166520941583
644,1943-09,0.7650448154689558,0.978970800377294
645,1943-10,0.7745652833686913,0.9810715960862582
646,1943-11,0.7840857500386413,0.9831723917952223
647,1943-12,0.7936062167085913,0.9852731875041865
648,1944-01,0.8031266846083271,0.9873739832131505
649,1944-02,0.8110089548502197,0.9887743736327461
650,1944-03,0.8188912263218981,0.9901751842114833
651,1944-04,0.8220490778061847,0.9859094284903298
652,1944-05,0.8298863077265962,0.9873018166789562
653,1944-06,0.8329637436036573,0.9830770395427137
654,1944-07,0.8360064074029138,0.9788995869634306
655,1944-08,0.8437550810530383,0.9802762419521857
656,1944-09,0.8515037534942208,0.9816533099787409
657,1944-10,0.8592524271443454,0.9830299649674957
658,1944-11,0.8670011007944699,0.9844066199562508
659,1944-12,0.8698354486669129,0.980245577376161
660,1945-01,0.8775405904425985,0.9816144983481253
661,1945-02,0.8951657635336453,0.9894867180509864
662,1945-03,0.9127909366246918,0.9973585270364845
663,1945-04,0.9304161097157384,1.0052307467393458
664,1945-05,0.9427449615956706,1.0074431733335916
665,1945-06,0.9496609333471343,1.004052541580837
666,1945-07,0.9669939764974456,1.0117942825040929
667,1945-08,0.9843270196477564,1.0195360234273487
668,1945-09,1.0016600627980674,1.0272773604407113
669,1945-10,1.0189931059483786,1.0350191013639671
670,1945-11,1.0363261490986897,1.0427608422872232
671,1945-12,1.0478698548521233,1.044730189304429
672,1946-01,1.0651076615016084,1.052429393189645
673,1946-02,1.0899701105824946,1.0754100906854878
674,1946-03,1.0968283368173242,1.0806355369815916
675,1946-04,1.1095357677158109,1.0916488050064637
676,1946-05,1.1221058209829624,1.1025430106743095
677,1946-06,1.1284736497539403,1.1073664910604557
678,1946-07,1.0831291308694089,1.061538437787188
679,1946-08,1.078685958090504,1.0558994432446596
680,1946-09,1.0849488193942187,1.0607782568087214
681,1946-10,1.0805988210507664,1.0553165444352748
682,1946-11,1.0713593915525739,1.045131070873686
683,1946-12,1.077369981501568,1.0498604416262936
684,1947-01,1.0933467053254695,1.0643119618754002
685,1947-02,1.0952222639396525,1.0722460165100454
686,1947-03,1.0770595071372482,1.0604510886018224
687,1947-04,1.0789008089730898,1.0682402289965651
688,1947-05,1.0807421117860216,1.0760293693913079
689,1947-06,1.077662580896231,1.0788923943219806
690,1947-07,1.0697703283748656,1.0768565247625426
691,1947-08,1.057298925401121,1.0700798677499248
692,1947-09,1.036067405727398,1.054234196077706
693,1947-10,1.0378206462318855,1.0616508123666133
694,1947-11,1.0350735659540387,1.0644394311288732
695,1947-12,1.023526662612885,1.0580829207047397
696,1948-01,1.0122720859385954,1.0518870261238724
697,1948-02,1.0209631796495582,1.0636910782627556
698,1948-03,1.0254026071275437,1.0711004636087467
699,1948-04,1.008244003857329,1.0559146499362877
700,1948-05,1.004100149657922,1.0543006898963443
701,1948-06,0.9958414889312245,1.048331825634545
702,1948-07,0.9836707446009189,1.038189131878341
703,1948-08,0.979728671562544,1.0366870464436935
704,1948-09,0.9798015811551932,1.0394221692710368
705,1948-10,0.9838903698082843,1.0464287281630895
706,1948-11,0.9920955086091755,1.057846230876792
707,1948-12,0.9962862080813369,1.065016153381256
708,1949-01,1.0005118291575053,1.072246129855302
709,1949-02,1.011980210625328,1.0871442280352177
710,1949-03,1.0150409296632554,1.0930315473605063
711,1949-04,1.0138418091668686,1.094321185685815
712,1949-05,1.0211623677391106,1.1048068003614246
713,1949-06,1.0199376345311095,1.1060468639558065
714,1949-07,1.0316183375440702,1.1212930615719285
715,1949-08,1.0303445257519805,1.1224693726876318
716,1949-09,1.0290813734727955,1.1236355343057534
717,1949-10,1.040839237936814,1.139030159519765
718,1949-11,1.0395266828657632,1.1401319450138387
719,1949-12,1.051422888360502,1.155731292003018
720,1950-01,1.0589968203578946,1.1666120851907302
721,1950-02,1.064333853732143,1.1733526142706843
722,1950-03,1.0651383833474655,1.1750924388970732
723,1950-04,1.0704528030802243,1.1818044064131292
724,1950-05,1.0712281197041404,1.183501536908387
725,1950-06,1.0719969210623093,1.1851840986276732
726,1950-07,1.0638567222231448,1.1770034846770763
727,1950-08,1.0602620283898199,1.1738348318558214
728,1950-09,1.0610568677937484,1.1755156367502588
729,1950-10,1.0575287747342395,1.172397722361188
730,1950-11,1.0583250260225554,1.1740642268608967
731,1950-12,1.050641937082078,1.16631126104296
732,1951-01,1.0390342012341256,1.1541804708446033
733,1951-02,1.030676435766214,1.144263368591162
734,1951-03,1.0304379870402454,1.143370278532279
735,1951-04,1.0341944090497377,1.1469123178090208
736,1951-05,1.0339432980667906,1.1460124483711462
737,1951-06,1.0376852165164012,1.1495408118205648
738,1951-07,1.0414271341398231,1.1530691752699833
739,1951-08,1.0451690517632455,1.1565975387194019
740,1951-09,1.0408733382572015,1.151236048512354
741,1951-10,1.0405996104946411,1.1503299801340605
742,1951-11,1.0363873288941101,1.1450768974565277
743,1951-12,1.0361336282736282,1.1442043285355574
744,1952-01,1.0397908240413605,1.1476528045106493
745,1952-02,1.057079090434069,1.159854902390576
746,1952-03,1.0664602014577074,1.16332960251757
747,1952-04,1.0717661568052148,1.1623845893769709
748,1952-05,1.0811117341279408,1.1658461277610594
749,1952-06,1.0863423781999093,1.1648951843861097
750,1952-07,1.087445552944478,1.1595920224558747
751,1952-08,1.0966861237804317,1.1630146671502544
752,1952-09,1.1059266946163853,1.166437311844634
753,1952-10,1.115167265452339,1.169859956539014
754,1952-11,1.1244078362882926,1.1732826012333937
755,1952-12,1.1336484071242463,1.1767052459277736
756,1953-01,1.1471855530653137,1.1845644616395297
757,1953-02,1.1515145551523527,1.1924829921868467
758,1953-03,1.1471855530653137,1.191435485198924
759,1953-04,1.1498503274440681,1.1948709969786209
760,1953-05,1.146871169286471,1.1938184693996725
761,1953-06,1.14259179925182,1.192773796504149
762,1953-07,1.1452366880530567,1.1961836701362365
763,1953-08,1.1422968300505654,1.1951340882152817
764,1953-09,1.1436143583009957,1.1985312857372126
765,1953-10,1.1393787495665475,1.1974768962841096
766,1953-11,1.1422968300505654,1.2053256807810744
767,1953-12,1.1422968300505654,1.2087228783030053
768,1954-01,1.1422968300505654,1.212120075824936
769,1954-02,1.1436143583009957,1.2173292026171638
770,1954-03,1.1436143583009957,1.22253805763359
771,1954-04,1.146559131655232,1.2323283306363622
772,1954-05,1.1422968300505654,1.232956311218046
773,1954-06,1.1436143583009957,1.2381651662344721
774,1954-07,1.1475669422568113,1.2433742930267002
775,1954-08,1.1502019987576715,1.248583419818928
776,1954-09,1.157138685263292,1.2584706042190683
777,1954-10,1.155816241661117,1.2636991680515657
778,1954-11,1.155816241661117,1.268927731884063
779,1954-12,1.1614725380170874,1.278928142862725
780,1955-01,1.1627999353929888,1.2841762893312991
781,1955-02,1.1588177440667178,1.2891960769458644
782,1955-03,1.1561629493149148,1.2942161383720052
783,1955-04,1.1495259640382742,1.2992359259865702
784,1955-05,1.1495259640382742,1.3042557136011355
785,1955-06,1.1548355527404466,1.3092757750272763
786,1955-07,1.1544937972604985,1.3093914747215358
787,1955-08,1.161106018465147,1.3143925317853005
788,1955-09,1.1594246949197324,1.314489051744387
789,1955-10,1.1581071674647774,1.3194715175179517
790,1955-11,1.155472110963917,1.3244539832915163
791,1955-12,1.157138685263292,1.33439730562014
792,1956-01,1.1544937972604985,1.3393983626839043
793,1956-02,1.1505264648570868,1.3434902110424092
794,1956-03,1.146559131655232,1.3475820594009138
795,1956-04,1.13702671784432,1.3466490976933985
796,1956-05,1.1341281562943992,1.3457230468133465
797,1956-06,1.1375159473007854,1.3398596985282456
798,1956-07,1.138267309975942,1.334081946568475
799,1956-08,1.150226129361244,1.3429855997063787
800,1956-09,1.144734738015525,1.3420864382478859
801,1956-10,1.1392832840614113,1.3411938161454544
802,1956-11,1.136705720480507,1.3451815083639247
803,1956-12,1.13387133417212,1.344280906377386
804,1957-01,1.137723671433404,1.3482541504356442
805,1957-02,1.1438521793594933,1.3469057413717218
806,1957-03,1.1397376031747468,1.3455672960697365
807,1957-04,1.1432743514867068,1.3442381833229962
808,1957-05,1.1429885326746625,1.3429185642387325
809,1957-06,1.1351371674903599,1.3416085976308356
810,1957-07,1.127114996695375,1.3355715928409682
811,1957-08,1.127114996695375,1.3390159208965482
812,1957-09,1.1308720464625635,1.3424605072831906
813,1957-10,1.1371337965786263,1.3459048353387708
814,1957-11,1.1331298043371523,1.3445979339457792
815,1957-12,1.131881863846428,1.3480303915071163
816,1958-01,1.1252058196914378,1.342011804292833
817,1958-02,1.1252058196914378,1.346911297674334
818,1958-03,1.1272367527733034,1.342422962271799
819,1958-04,1.1257889784894815,1.3426265337072232
820,1958-05,1.1282416781390707,1.3474751672958367
821,1958-06,1.1221099297555215,1.3523235479166624
822,1958-07,1.1182405851701576,1.3524922774311197
823,1958-08,1.1208835799307268,1.3620208150938895
824,1958-09,1.117204531196767,1.3668691957147152
825,1958-10,1.1159781813719722,1.3717178293033288
826,1958-11,1.1145742228111426,1.3718196819854183
827,1958-12,1.1196572308463566,1.381414843512768
828,1959-01,1.113352101778847,1.381483258214825
829,1959-02,1.1159781813719722,1.3885824328120728
830,1959-03,1.1159781813719722,1.3909011355549765
831,1959-04,1.1121299807465514,1.3884158840544067
832,1959-05,1.117018464137862,1.3907268433660958
833,1959-06,1.113179912714708,1.3882504799617417
834,1959-07,1.105726402451595,1.3857913283193721
835,1959-08,1.1045126521113013,1.3880864591426247
836,1959-09,1.103162200051984,1.3856360107929884
837,1959-10,1.10543741461931,1.3832024808256305
838,1959-11,1.1066429074267352,1.3854819985140312
839,1959-12,1.1018209340135376,1.3877612675368174
840,1960-01,1.10921023855999,1.394784951727693
841,1960-02,1.10543741461931,1.3919057773341963
842,1960-03,1.10543741461931,1.3937707694431747
843,1960-04,1.1016901691460241,1.390904792868925
844,1960-05,1.0992873549130362,1.3927634629707544
845,1960-06,1.0931788503871522,1.3899105718122033
846,1960-07,1.0931788503871522,1.3917629626231482
847,1960-08,1.097968242898909,1.3936153534340932
848,1960-09,1.102757635410666,1.3954677442450376
849,1960-10,1.0989245139787636,1.3879421475723854
850,1960-11,1.09535657745489,1.3897821062302365
851,1960-12,1.09535657745489,1.3916220648880877
852,1961-01,1.09535657745489,1.393462023545939
853,1961-02,1.0929779526269323,1.395915301756407
854,1961-03,1.09535657745489,1.3983685799668752
855,1961-04,1.0905993285170372,1.4008218581773435
856,1961-05,1.094167265040911,1.4032751363878115
857,1961-06,1.0929779526269323,1.4057284145982798
858,1961-07,1.0892355832231337,1.3987938148566896
859,1961-08,1.094063846375605,1.4059171283067775
860,1961-09,1.090416966887686,1.4036676609014864
861,1961-10,1.090416966887686,1.4061045839238846
862,1961-11,1.0963238844971719,1.4085415069462832
863,1961-12,1.098686651113001,1.4109784299686816
864,1962-01,1.0998680347775533,1.41341535299108
865,1962-02,1.0938590712575325,1.4115533333036334
866,1962-03,1.0938590712575325,1.4143868028032314
867,1962-04,1.0902370213527064,1.412527732022657
868,1962-05,1.0961048203025268,1.4153520612513644
869,1962-06,1.097278379525649,1.418176148401626
870,1962-07,1.0936569987351357,1.416310707077098
871,1962-08,1.0936569987351357,1.419125715087229
872,1962-09,1.088893604379484,1.4172630460223994
873,1962-10,1.0865619260941835,1.42006879413776
874,1962-11,1.0877277652368338,1.4228745422531208
875,1962-12,1.0877277652368338,1.4256800498826572
876,1963-01,1.088893604379484,1.4284857979980177
877,1963-02,1.088893604379484,1.4320930853666998
878,1963-03,1.0911335436072989,1.4309931583985442
879,1963-04,1.0957816097826434,1.4345886185955254
880,1963-05,1.0934575770457624,1.4381840787925066
881,1963-06,1.0898841862711028,1.4370678411496527
882,1963-07,1.088642967373636,1.4359588754132675
883,1963-08,1.088642967373636,1.439530912416783
884,1963-09,1.088642967373636,1.4431029494202985
885,1963-10,1.0851084122847603,1.4419779897146459
886,1963-11,1.092012601837395,1.4455384291954227
887,1963-12,1.0930664775061416,1.444409228324497
888,1964-01,1.0930664775061416,1.4479581453474073
889,1964-02,1.0965074001084536,1.4509155761998325
890,1964-03,1.0965074001084536,1.4538730070522579
891,1964-04,1.0930664775061416,1.456830437904683
892,1964-05,1.0884785804722255,1.4597878687571084
893,1964-06,1.0883971820968774,1.4580267663849866
894,1964-07,1.0871767094815543,1.456276989430049
895,1964-08,1.0941135539770253,1.4639225478907891
896,1964-09,1.09401429844692,1.4621538134390482
897,1964-10,1.0962934952274068,1.465092225443548
898,1964-11,1.096187570832814,1.4633254110459708
899,1964-12,1.096187570832814,1.4662544050632766
900,1965-01,1.1030032451347738,1.4691833990805823
901,1965-02,1.1030032451347738,1.4736746013469584
902,1965-03,1.096082323955064,1.4734429955899988
903,1965-04,1.0903341949019225,1.473213097855984
904,1965-05,1.0892054843943884,1.4776756937384978
905,1965-06,1.0823117787969556,1.4727574361813511
906,1965-07,1.0845549123372449,1.4771917877861271
907,1965-08,1.0845549123372449,1.4816261393909036
908,1965-09,1.0845549123372449,1.4860602596422283
909,1965-10,1.0878417743432118,1.485792735501746
910,1965-11,1.0934319171913054,1.4902130986156554
911,1965-12,1.0933369900432648,1.4899331266056017
912,1966-01,1.096680528716526,1.4943395892065745
913,1966-02,1.0876111810410123,1.4899500428171248
914,1966-03,1.084222984215339,1.4902428813943254
915,1966-04,1.0786067895742713,1.485919471397423
916,1966-05,1.080801310313378,1.4908235715020337
917,1966-06,1.0796532506665732,1.491111002534739
918,1966-07,1.0774217486625706,1.4913968897078291
919,1966-08,1.067580499178046,1.4871193073053017
920,1966-09,1.067580499178046,1.4919631948468877
921,1966-10,1.0653996456373893,1.4877081734003692
922,1966-11,1.0653996456373893,1.4925228370289076
923,1966-12,1.0697086431555658,1.4973372784456207
924,1967-01,1.0697086431555658,1.5021519420741591
925,1967-02,1.0697086431555658,1.5104848855398072
926,1967-03,1.0589492064139516,1.5142153507357416
927,1967-04,1.0600329253778975,1.5179232753564742
928,1967-05,1.06324514663342,1.521608863081901
929,1967-06,1.0621808368379706,1.5252723151453138
930,1967-07,1.059000654691749,1.528913830370023
931,1967-08,1.062187191191808,1.532533605205331
932,1967-09,1.0590259197894514,1.5361318337618575
933,1967-10,1.0600901164176133,1.539708707846238
934,1967-11,1.0600994506415684,1.5432644169952088
935,1967-12,1.062199674335386,1.5467991485090817
936,1968-01,1.054930423754634,1.5457667147940672
937,1968-02,1.057027338547298,1.5535384267789887
938,1968-03,1.0518790664677182,1.5612648226590424
939,1968-04,1.0488212784838005,1.5689462976328163
940,1968-05,1.0426993463777685,1.576583242316887
941,1968-06,1.0448605045569825,1.5796106939854848
942,1968-07,1.0429348288388343,1.5826034470676233
943,1968-08,1.0429928581396213,1.590092272114965
944,1968-09,1.040021368515292,1.5975384257945158
945,1968-10,1.041156956420572,1.6003956931091003
946,1968-11,1.0502299044262773,1.6077496380823435
947,1968-12,1.0562566806569804,1.6150621523796813
948,1969-01,1.0582674070676228,1.622333585136023
949,1969-02,1.0573052296059204,1.6210983056283577
950,1969-03,1.0573545918704859,1.6153897607456251
951,1969-04,1.0525052968722068,1.614209754092834
952,1969-05,1.0544821369051487,1.617474114951172
953,1969-06,1.051624981233801,1.6162925903181564
954,1969-07,1.0555404714219567,1.6151237096819926
955,1969-08,1.0565399972023168,1.6139674655932466
956,1969-09,1.0613345534550331,1.6171710848617782
957,1969-10,1.0641953211746464,1.6160131624403424
958,1969-11,1.0632451463120167,1.6148675911914019
959,1969-12,1.0641852396514144,1.6137343684641756
960,1970-01,1.0716835999990948,1.6168790847024397
961,1970-02,1.0735045293858367,1.626325405555283
962,1970-03,1.073450815572852,1.6356730034350353
963,1970-04,1.06968905670565,1.6406505127419972
964,1970-05,1.075181404917101,1.6540772215003994
965,1970-06,1.0769467594457764,1.6631372182998203
966,1970-07,1.0741502249976298,1.672104104599527
967,1970-08,1.0841465466670517,1.6895998997110282
968,1970-09,1.0894646274606454,1.6983862094093798
969,1970-10,1.0893315333319842,1.7070831324415285
970,1970-11,1.0900947717534821,1.7156922077662817
971,1970-12,1.0908503388994306,1.7242149434086023
972,1971-01,1.0935218089600196,1.741359064246505
973,1971-02,1.0881163781503094,1.7522636359821424
974,1971-03,1.0853960872049335,1.763113867628328
975,1971-04,1.0862246759736995,1.7739098010925114
976,1971-05,1.0887489591359287,1.7802236065133075
977,1971-06,1.0920522812354314,1.782075048569752
978,1971-07,1.0911107031113854,1.7926652405554917
979,1971-08,1.0919110694848382,1.8032035198354193
980,1971-09,1.0945170628625271,1.8181357656551655
981,1971-10,1.095307143842032,1.82858600384859
982,1971-11,1.1039725481249387,1.843481561762443
983,1971-12,1.1011873904651996,1.84933409989123
984,1972-01,1.104636685315516,1.8641571733383488
985,1972-02,1.101861798423224,1.868405992838881
986,1972-03,1.0983442213754244,1.8771370817460247
987,1972-04,1.0974056333690534,1.8858260931162667
988,1972-05,1.0981754760375892,1.8944733303933823
989,1972-06,1.1023412911237347,1.903079094110416
990,1972-07,1.1080756898529913,1.9070812865022435
991,1972-08,1.1096566412648785,1.9155955615353246
992,1972-09,1.1061790361802455,1.924069388706016
993,1972-10,1.1001110144976778,1.9279344904151996
994,1972-11,1.0983522977167062,1.9363192600142118
995,1972-12,1.0966018572499978,1.9446645718739344
996,1973-01,1.0915317935050515,1.9529707038657713
997,1973-02,1.0838987040399812,1.9488283019582884
998,1973-03,1.0747042936085858,1.9402522779239804
999,1973-04,1.0673095392947651,1.9362638945742443
1000,1973-05,1.0624378228169296,1.9323300221586739
1001,1973-06,1.0576322387211066,1.9284497161281344
1002,1973-07,1.0544447729466444,1.9333106009524212
1003,1973-08,1.0451707648909172,1.9080674454882698
1004,1973-09,1.0467789607271,1.9128767980446624
1005,1973-10,1.0453689491542566,1.905048540371655
1006,1973-11,1.0431693485459035,1.9014901004417466
1007,1973-12,1.043299710928345,1.8979780322591764
1008,1974-01,1.0427103688840558,1.8904456493498427
1009,1974-02,1.0377152490784476,1.8794511177919764
1010,1974-03,1.0358113456058198,1.8687324466336999
1011,1974-04,1.0351872885050577,1.8737653426910303
1012,1974-05,1.0275119418724732,1.8632934557458454
1013,1974-06,1.024910457818296,1.8606404109909724
1014,1974-07,1.0216336631549783,1.8580304785149042
1015,1974-08,1.0185888504967304,1.8480406227742976
1016,1974-09,1.016316671931891,1.8382875361269653
1017,1974-10,1.0146951400156106,1.8323419731527018
1018,1974-11,1.014384042716605,1.8300582587996443
1019,1974-12,1.022272308698553,1.8278096053466522
1020,1975-01,1.0378778399169544,1.832603532007099
1021,1975-02,1.0316005438289948,1.8324501153077413
1022,1975-03,1.030121787249442,1.8392525764511174
1023,1975-04,1.0278452037692725,1.8460037394151314
1024,1975-05,1.0248646464145692,1.849221519758402
1025,1975-06,1.0168171812764526,1.848947100307173
1026,1975-07,1.011088131663082,1.8418551958035247
1027,1975-08,1.015531291004322,1.8518147080780403
1028,1975-09,1.0197491927191458,1.854917918936906
1029,1975-10,1.02158238809422,1.8579873480881899
1030,1975-11,1.0211580834980611,1.8576580912500575
1031,1975-12,1.0205626702728035,1.8640265256116335
1032,1976-01,1.023730319191089,1.8737132950994997
1033,1976-02,1.022361924445303,1.880099213517056
1034,1976-03,1.0293373105421133,1.8898141864216682
1035,1976-04,1.0355848619085926,1.896108554860798
1036,1976-05,1.0396152024458205,1.8956241917594743
1037,1976-06,1.0371381183254698,1.8984831644565108
1038,1976-07,1.0403083256767585,1.9013120954089202
1039,1976-08,1.0419542261332793,1.9041114556545098
1040,1976-09,1.0457662853610203,1.910192264952923
1041,1976-10,1.043673963598097,1.9129214398619674
1042,1976-11,1.0477774975469905,1.922228073702197
1043,1976-12,1.0530009176257542,1.928183937825549
1044,1977-01,1.0563796915198695,1.9307928562079741
1045,1977-02,1.0579653676882925,1.9244888284752957
1046,1977-03,1.0659576586477586,1.9247596208002262
1047,1977-04,1.0756198479512908,1.921818418538949
1048,1977-05,1.0833984572480078,1.9252904276461102
1049,1977-06,1.08436717046641,1.9255505842139031
1050,1977-07,1.090259540624629,1.9289643956804496
1051,1977-08,1.0975355953603987,1.9355022191377595
1052,1977-09,1.108597815883061,1.9419974509113092
1053,1977-10,1.1188934546868352,1.9484505058551604
1054,1977-11,1.124878510700122,1.951703696856242
1055,1977-12,1.1315930434372685,1.9580735347846194
1056,1978-01,1.135649136017326,1.9581163869575735
1057,1978-02,1.1410144212410216,1.959708367941888
1058,1978-03,1.1475414455295383,1.958186842476502
1059,1978-04,1.153631454213583,1.9566890136417312
1060,1978-05,1.1584925387224438,1.952183102796946
1061,1978-06,1.1634490369320658,1.944772999997983
1062,1978-07,1.1708796171968348,1.9434182916067713
1063,1978-08,1.180795601108814,1.9479691502615348
1064,1978-09,1.1844668017117834,1.9466068178455154
1065,1978-10,1.1850369875281155,1.9423656564146528
1066,1978-11,1.1924616138965227,1.946826672167946
1067,1978-12,1.2010847382786356,1.9512482595802816
1068,1979-01,1.2061983956562956,1.9470408394184695
1069,1979-02,1.207097938053718,1.9352554745446597
1070,1979-03,1.210933778037933,1.9264958443985885
1071,1979-04,1.2129729163538747,1.915193681271615
1072,1979-05,1.2132671060436273,1.901481648343084
1073,1979-06,1.21493651447881,1.8907219156917845
1074,1979-07,1.2151057530414555,1.8801977901952196
1075,1979-08,1.2157582385703787,1.872435263171072
1076,1979-09,1.2127600208551865,1.862318754289686
1077,1979-10,1.2138967011118555,1.8573436572974082
1078,1979-11,1.211159158217765,1.8500066796774652
1079,1979-12,1.2057801199803944,1.8404010904237953
1080,1980-01,1.1947827404230755,1.8239335166357282
1081,1980-02,1.1851768352177843,1.8105504128389736
1082,1980-03,1.1773057227672985,1.7952912303586819
1083,1980-04,1.1750557725924309,1.7870768830921702
1084,1980-05,1.1719347470755277,1.7812179402102832
1085,1980-06,1.1661670577676337,1.7733256044490515
1086,1980-07,1.1741881757598231,1.7848177444579436
1087,1980-08,1.1726664526043518,1.7833712778560302
1088,1980-09,1.1684985417185891,1.7798241360016989
1089,1980-10,1.16201705678575,1.774240889184883
1090,1980-11,1.1570083663918325,1.770830729609514
1091,1980-12,1.1509940035968598,1.7654278952531732
1092,1981-01,1.1454224896892806,1.762147440679129
1093,1981-02,1.1383199520691094,1.753600408545833
1094,1981-03,1.1371308152935578,1.7511425669209504
1095,1981-04,1.1395600966626647,1.7487179095914547
1096,1981-05,1.1385406193348766,1.7443810057538207
1097,1981-06,1.1358089853667324,1.7381904589185262
1098,1981-07,1.129249463920924,1.728326464520884
1099,1981-08,1.1264811236845864,1.7242616762969387
1100,1981-09,1.1176694439015273,1.7165664590507814
1101,1981-10,1.1166507688291831,1.7218270080902283
1102,1981-11,1.1130755796013418,1.7252218903705638
1103,1981-12,1.110433775531858,1.7285950254153961
1104,1982-01,1.107808780396008,1.7319467758339524
1105,1982-02,1.1061052238270759,1.7361144513165025
1106,1982-03,1.1065963952966102,1.7476219389200054
1107,1982-04,1.1032850262650478,1.7498853462733395
1108,1982-05,1.0942603197241796,1.7429850260411204
1109,1982-06,1.080723078655427,1.7308434188467912
1110,1982-07,1.0749614395562992,1.7313400796055194
1111,1982-08,1.0723228639822386,1.7371494769185012
1112,1982-09,1.070350787373871,1.74293513818526
1113,1982-10,1.067080876618146,1.7469164578588223
1114,1982-11,1.069476942415706,1.7598065540319976
1115,1982-12,1.075614001428658,1.7763820535710573
1116,1983-01,1.076915121726305,1.782093400428779
1117,1983-02,1.0814979979428043,1.7823266671223947
1118,1983-03,1.0860880258241299,1.7843802539390226
1119,1983-04,1.0838029873135193,1.7737512475657016
1120,1983-05,1.082640437198021,1.7650495882996575
1121,1983-06,1.0847526451354206,1.7617483950620494
1122,1983-07,1.086621002034574,1.7567068214016195
1123,1983-08,1.0880658693180933,1.753453668736224
1124,1983-09,1.0856382912154334,1.7467438307519119
1125,1983-10,1.08432039981118,1.7435460386739146
1126,1983-11,1.083657591806223,1.7420869175436091
1127,1983-12,1.0855451541017864,1.7423518480233082
1128,1984-01,1.0823032208348318,1.7340656364485674
1129,1984-02,1.0805709847783422,1.7260745044089845
1130,1984-03,1.0832614923641175,1.7231848229832545
1131,1984-04,1.0840269546929004,1.7153007151838302
1132,1984-05,1.0877110448014171,1.710795402638529
1133,1984-06,1.0907547754829638,1.7063160869761407
1134,1984-07,1.0927302440220958,1.7002278493448302
1135,1984-08,1.0936667485514915,1.694186220231271
1136,1984-09,1.0917195008478715,1.6865827961978068
1137,1984-10,1.0906413135555437,1.682240593524603
1138,1984-11,1.0908445260231339,1.6827034700428463
1139,1984-12,1.0930798631666239,1.6831662771330826
1140,1985-01,1.0948613912355716,1.680437439615968
1141,1985-02,1.0945418426740214,1.6758443517057486
1142,1985-03,1.0966614829078978,1.6728652254972105
1143,1985-04,1.0989384272813632,1.6683462244548917
1144,1985-05,1.1032175706946996,1.6654199701356258
1145,1985-06,1.1080964335411743,1.6640606088071237
1146,1985-07,1.113980585923186,1.664251140157433
1147,1985-08,1.119644812992327,1.664440965836074
1148,1985-09,1.1236563030961357,1.6630931026998137
1149,1985-10,1.1258208128436318,1.660223867743464
1150,1985-11,1.1288079707711633,1.658896200229718
1151,1985-12,1.1317787307594773,1.6575758878054265
1152,1986-01,1.135514186325856,1.6562627366647618
1153,1986-02,1.1452872470062172,1.664041604206611
1154,1986-03,1.1592042288843523,1.6749366365062173
1155,1986-04,1.1721761059729747,1.6812749305082983
1156,1986-05,1.1799506738985286,1.6798880519240211
1157,1986-06,1.1852102717605792,1.6739102060878517
1158,1986-07,1.196935352767279,1.6771371595246072
1159,1986-08,1.205091427423793,1.6773005503123901
1160,1986-09,1.2085558088829633,1.6728968156203545
1161,1986-10,1.2142501331659612,1.6745836852464895
1162,1986-11,1.219158841903619,1.6762674989493886
1163,1986-12,1.2271570585475948,1.6779483311864831
1164,1987-01,1.226359647406919,1.6705633273150278
1165,1987-02,1.2296337249564382,1.6676873075996674
1166,1987-03,1.2306392951079772,1.66334669990022
1167,1987-04,1.2335809993209013,1.657572551814609
1168,1987-05,1.2401916750488486,1.654780619984069
1169,1987-06,1.2484525350495066,1.6520083669681935
1170,1987-07,1.2558792994713617,1.6507048434233897
1171,1987-08,1.2582708162240197,1.6450828034289644
1172,1987-09,1.2582184428289638,1.639519428199698
1173,1987-10,1.2601411323917884,1.6382653579675375
1174,1987-11,1.2625722681861395,1.6398549159822255
1175,1987-12,1.267207942544291,1.6428641146883936
1176,1988-01,1.2683608912506883,1.641605707568992
1177,1988-02,1.2711680872528717,1.6392508917047262
1178,1988-03,1.2732431528554458,1.6340980816288764
1179,1988-04,1.2753078234928195,1.6275982030894958
1180,1988-05,1.2822573535907846,1.6239240225854963
1181,1988-06,1.2887925852048663,1.6189016586933191
1182,1988-07,1.2945503626167285,1.613921677618798
1183,1988-08,1.2981019463188543,1.6089835451247343
1184,1988-09,1.2962209180280324,1.6000698242225313
1185,1988-10,1.2963579267944176,1.5965697838092772
1186,1988-11,1.2995493046449085,1.597065761312477
1187,1988-12,1.30129911494773,1.5962351382398907
1188,1989-01,1.300859493209473,1.5901375493800385
1189,1989-02,1.3016696067185043,1.5870060574066895
1190,1989-03,1.301917810153787,1.5813099641914563
1191,1989-04,1.3014530360058538,1.5743987649987479
1192,1989-05,1.3015266111819173,1.5688430316807485
1193,1989-06,1.3052774003046774,1.5683887136344747
1194,1989-07,1.3079780277674935,1.5679366456010373
1195,1989-08,1.3098284665291526,1.568744767764846
1196,1989-09,1.3082048081767266,1.5670389608276918
1197,1989-10,1.3031480010505687,1.5628515083932504
1198,1989-11,1.3005526906311602,1.562418020690413
1199,1989-12,1.2981505725994342,1.5632252247810046
1200,1990-01,1.285408022160913,1.5505257472183314
1201,1990-02,1.2803857160962788,1.545589850226064
1202,1990-03,1.2767469861466065,1.5395029430693559
1203,1990-04,1.2789161670907596,1.539430173827361
1204,1990-05,1.2802527014842633,1.5381661767776134
1205,1990-06,1.276813031265193,1.5321755041089877
1206,1990-07,1.272737761698886,1.5285898666953857
1207,1990-08,1.259831443334627,1.5169197511428498
1208,1990-09,1.2453569037069045,1.5065950805914765
1209,1990-10,1.232764916787378,1.4998029050772264
1210,1990-11,1.2215247229502384,1.4986712142087477
1211,1990-12,1.2149677036204451,1.5009023647624837
1212,1991-01,1.200751521096416,1.4941995322328463
1213,1991-02,1.1945252455499646,1.495733835330948
1214,1991-03,1.191012015547598,1.4972635381919512
1215,1991-04,1.1920990459319216,1.4987887693785809
1216,1991-05,1.1956837263102584,1.498096648849962
1217,1991-06,1.199719341057779,1.497408545862915
1218,1991-07,1.2021995870078053,1.4989223656492447
1219,1991-08,1.1997757808222818,1.4982349206844645
1220,1991-09,1.1943729838738082,1.4953684170466433
1221,1991-10,1.1881180747831652,1.496871985319288
1222,1991-11,1.1806318460191505,1.4961964785699626
1223,1991-12,1.176827419851571,1.4987783277755071
1224,1992-01,1.1729538405344713,1.5002693364541144
1225,1992-02,1.1679504618587613,1.5019779883721829
1226,1992-03,1.1645391699857857,1.5015154559400994
1227,1992-04,1.1670111809722228,1.5064376834159658
1228,1992-05,1.170241979072415,1.5113458171839556
1229,1992-06,1.169121040892731,1.5129954670803847
1230,1992-07,1.168300006650323,1.5167894541547422
1231,1992-08,1.165287065152909,1.5194880917871731
1232,1992-09,1.1604739189785744,1.5221714505087334
1233,1992-10,1.1559292661012757,1.5237643143931972
1234,1992-11,1.1539998125879327,1.5285685465142727
1235,1992-12,1.1530034821243107,1.5366010389647506
1236,1993-01,1.1462931711330935,1.5359792514247508
1237,1993-02,1.1413907516880208,1.5355084149908174
1238,1993-03,1.138161615116587,1.5350409082727825
1239,1993-04,1.139160830348502,1.5356422733332507
1240,1993-05,1.1430713985101366,1.5383710145076603
1241,1993-06,1.1487493838932534,1.5410922474708464
1242,1993-07,1.1540841333540581,1.545944137581764
1243,1993-08,1.1545905088208333,1.5465120607653537
1244,1993-09,1.153235655321277,1.5481431195148785
1245,1993-10,1.1480459764489062,1.546576386915754
1246,1993-11,1.147258564942425,1.5503209362526873
1247,1993-12,1.1463779775828682,1.5551262877121224
1248,1994-01,1.144558779665645,1.555663650345034
1249,1994-02,1.1406577613300428,1.550402968991663
1250,1994-03,1.138963774997797,1.5451780756282545
1251,1994-04,1.1424993706172228,1.5431228127755223
1252,1994-05,1.1491235196181506,1.5421179150762365
1253,1994-06,1.1523259088696038,1.536949254426669
1254,1994-07,1.1544108647900373,1.5328475709284364
1255,1994-08,1.1534961572389895,1.5267159019893484
1256,1994-09,1.1506942702428642,1.5226691203334337
1257,1994-10,1.149352046039699,1.5216913474812572
1258,1994-11,1.1459582721179096,1.5196990402076214
1259,1994-12,1.1446718028090581,1.5197397695423047
1260,1995-01,1.1393904026369253,1.5137134622163402
1261,1995-02,1.1342928059972228,1.5113686608468424
1262,1995-03,1.1318188169122587,1.5100392059658536
1263,1995-04,1.1321785305648162,1.5087184551277342
1264,1995-05,1.1344458838606233,1.509387193722572
1265,1995-06,1.1375462156813212,1.510053349154211
1266,1995-07,1.142316978149949,1.5136887429291133
1267,1995-08,1.1426873624327054,1.513354681800931
1268,1995-09,1.1417068026860033,1.514010024208904
1269,1995-10,1.137853506172144,1.5126918234188464
1270,1995-11,1.137201179494051,1.5172860078785764
1271,1995-12,1.1362691980211044,1.5218862258735573
1272,1996-01,1.1285371484037674,1.5166057851182875
1273,1996-02,1.1244799283087799,1.5180425899012395
1274,1996-03,1.1224129368120432,1.5165424137339196
1275,1996-04,1.124264981057648,1.5169962749316037
1276,1996-05,1.128670074300749,1.5203536508636533
1277,1996-06,1.1340948048064614,1.5256428740773287
1278,1996-07,1.1369706497334389,1.5289751740213744
1279,1996-08,1.137795003245829,1.5322947633489779
1280,1996-09,1.1350034451685187,1.533655405053634
1281,1996-10,1.1304722409206043,1.5350074976051917
1282,1996-11,1.1273894566700575,1.5382884667360672
1283,1996-12,1.1264450183985528,1.544472934848736
1284,1997-01,1.1234429478903798,1.5457842326866622
1285,1997-02,1.1208619105214286,1.5419722037873425
1286,1997-03,1.1222056711073378,1.5391453501779484
1287,1997-04,1.126281127112986,1.5382506138107592
1288,1997-05,1.1342020193423525,1.5402388546939134
1289,1997-06,1.1399953214592695,1.5393433121678566
1290,1997-07,1.144440959718124,1.5384500015234845
1291,1997-08,1.1464310975914984,1.5366027210729551
1292,1997-09,1.1457102534622121,1.5338102348172649
1293,1997-10,1.1441984875401043,1.5310315727509591
1294,1997-11,1.1478219045752314,1.532998108114965
1295,1997-12,1.152163667646118,1.5359187028182193
1296,1998-01,1.1541296166415405,1.5340852665135563
1297,1998-02,1.1547665829453655,1.5336885824376372
1298,1998-03,1.1593589500219068,1.533293320677849
1299,1998-04,1.1661729492091368,1.5328995633354454
1300,1998-05,1.1746705426676913,1.5325072571871785
1301,1998-06,1.183994004410753,1.533056298082002
1302,1998-07,1.1913278615137683,1.5336040380847373
1303,1998-08,1.197072288892867,1.5341504372306725
1304,1998-09,1.200055949153791,1.534695455750523
1305,1998-10,1.200390915259091,1.5333669450539533
1306,1998-11,1.2030004607270455,1.5357815940055557
1307,1998-12,1.2068678102948682,1.5391346951446294
1308,1999-01,1.2074460588796958,1.537797802570101
1309,1999-02,1.2094902178756182,1.5390020846585915
1310,1999-03,1.2139953456320272,1.5374030277553932
1311,1999-04,1.2159162976821563,1.5293451476757556
1312,1999-05,1.2277613103237022,1.5323876504679983
1313,1999-06,1.2406363240645126,1.5354301092724603
1314,1999-07,1.2475693683564,1.5338581171274963
1315,1999-08,1.2536749914808798,1.533212519983389
1316,1999-09,1.2540738815861605,1.5289188132372
1317,1999-10,1.2573075532123492,1.5291981730475424
1318,1999-11,1.2606290860434248,1.5312940978649274
1319,1999-12,1.2655876875921586,1.5342985937253053
1320,2000-01,1.2676701917788669,1.5327495100002346
1321,2000-02,1.267387690954032,1.5249785070048438
1322,2000-03,1.2682726313045862,1.5137533667058196
1323,2000-04,1.280898363531398,1.5141144750812563
1324,2000-05,1.2938780718486693,1.5135920861970968
1325,2000-06,1.3015213977445774,1.5069273124908114
1326,2000-07,1.3091582201109184,1.5046730432569373
1327,2000-08,1.319064827905931,1.5059070316908663
1328,2000-09,1.3198681357400865,1.4993319572066521
1329,2000-10,1.3248482372152266,1.4979723802768872
1330,2000-11,1.3309701123166808,1.4983367453737007
1331,2000-12,1.337883966644802,1.5004232945987073
1332,2001-01,1.334611865536031,1.4922152282213474
1333,2001-02,1.33453164611695,1.487971598946978
1334,2001-03,1.3406102942687392,1.4862879400622508
1335,2001-04,1.345708226761749,1.4820941530372491
1336,2001-05,1.3510895961378167,1.477101723723186
1337,2001-06,1.3616754855464792,1.4762893497174159
1338,2001-07,1.377084341519139,1.4821297176508212
1339,2001-08,1.3862464189029655,1.483811524035727
1340,2001-09,1.385667179913775,1.4788282302884543
1341,2001-10,1.3929950488522518,1.4855013736283187
1342,2001-11,1.3972806795177042,1.4896962498707607
1343,2001-12,1.4054802181599306,1.4972871684842268
1344,2002-01,1.4068971706192792,1.49559098421504
1345,2002-02,1.4071350169452266,1.492101363309788
1346,2002-03,1.411352525556047,1.4861414362373944
1347,2002-04,1.4187364321055966,1.480247763577546
1348,2002-05,1.4375402536199566,1.4826196161470493
1349,2002-06,1.4550587638565937,1.484166055508645
1350,2002-07,1.4696015365000785,1.4848857994336588
1351,2002-08,1.477037394016247,1.482315393303811
1352,2002-09,1.4835741758804697,1.4822146849324
1353,2002-10,1.4887910290611408,1.4821142695243306
1354,2002-11,1.49469237292138,1.4844664983825582
1355,2002-12,1.5040300670278872,1.4901063712522036
1356,2003-01,1.5032963828684986,1.4858926893314273
1357,2003-02,1.499748964064105,1.484213889406418
1358,2003-03,1.5021773401638756,1.4849751609615094
1359,2003-04,1.5191842342381865,1.4978524817622678
1360,2003-05,1.5374105127302689,1.5099626574752025
1361,2003-06,1.551928083888835,1.5179695652993714
1362,2003-07,1.5667631525463035,1.525959057337082
1363,2003-08,1.576123053996637,1.529776447145635
1364,2003-09,1.5838419225308396,1.5343930542218094
1365,2003-10,1.5959641546381724,1.5456348926522914
1366,2003-11,1.609451664835788,1.5594326105120258
1367,2003-12,1.621183307792753,1.5707443197952446
1368,2004-01,1.6257834616232452,1.5726837993361686
1369,2004-02,1.6322216385990278,1.5714685394406909
1370,2004-03,1.6451777750201204,1.568590379615185
1371,2004-04,1.6638295336946185,1.5707459550355525
1372,2004-05,1.6784800687180972,1.5687289368243365
1373,2004-06,1.6978745532205848,1.570864718236748
1374,2004-07,1.7211261267281956,1.5804616655560149
1375,2004-08,1.736817068651149,1.5867326747393526
1376,2004-09,1.7478073195272894,1.5904804473888174
1377,2004-10,1.7519905942685294,1.5892018824826326
1378,2004-11,1.764517262755652,1.595419066872946
1379,2004-12,1.7841639259500004,1.6083627791316961
1380,2005-01,1.7968041056241233,1.612049498036497
1381,2005-02,1.806469414913368,1.608013452302744
1382,2005-03,1.8218974358773226,1.60070415787379
1383,2005-04,1.8363368776037794,1.595145193181449
1384,2005-05,1.8661847617404892,1.6019259026194257
1385,2005-06,1.8925094567916896,1.6062392238280394
1386,2005-07,1.9065707783834533,1.6039542984168886
1387,2005-08,1.9166925445646747,1.6008748003399509
1388,2005-09,1.9117440838128452,1.586574166761085
1389,2005-10,1.9201512397863332,1.5884040423102919
1390,2005-11,1.9456617817128663,1.6063219944550426
1391,2005-12,1.9583551426387216,1.617928656857997
1392,2006-01,1.9513109819242602,1.6107286966503285
1393,2006-02,1.954598147939985,1.6110428317019563
1394,2006-03,1.9572244049065484,1.6057102775867276
1395,2006-04,1.9502693829065947,1.595670588462763
1396,2006-05,1.9483523682607233,1.5912806601909397
1397,2006-06,1.9463042149385381,1.5916265968029317
1398,2006-07,1.9411966331599642,1.590406617222277
1399,2006-08,1.9351846548233005,1.5907526077398328
1400,2006-09,1.9426130392396568,1.6020756999546646
1401,2006-10,1.95161155386109,1.6143105531923687
1402,2006-11,1.9500569931017588,1.620221239442375
1403,2006-12,1.9429165173266367,1.6213145815177803
1404,2007-01,1.9316123294690972,1.619871910638026
1405,2007-02,1.918703701054482,1.6174183187984452
1406,2007-03,1.8984725389645274,1.6089350039924324
1407,2007-04,1.8855981691281476,1.6046226582028398
1408,2007-05,1.8715732528816662,1.6009120338485412
1409,2007-06,1.8644613206833818,1.6038390176694226
1410,2007-07,1.8592856426625974,1.610272179909254
1411,2007-08,1.8548799345188085,1.6192668353062802
1412,2007-09,1.8383896736554026,1.6208360740518255
1413,2007-10,1.8181813458633065,1.6233829061172953
1414,2007-11,1.7833166665090514,1.6197688075573513
1415,2007-12,1.7659718398774378,1.6268313962781171
1416,2008-01,1.7343265667011758,1.6247307984751223
1417,2008-02,1.7102000450324204,1.6222708211017676
1418,2008-03,1.6826758046246073,1.610554947926568
1419,2008-04,1.6667549535446575,1.6030582242601206
1420,2008-05,1.6497745158950197,1.5918653610713078
1421,2008-06,1.6286216019522566,1.5781558708907857
1422,2008-07,1.6120400573989069,1.5720725976902354
1423,2008-08,1.6045334990367692,1.5805417820750878
1424,2008-09,1.5835756686193478,1.5849027431613534
1425,2008-10,1.5725640337313942,1.6032699221345135
1426,2008-11,1.5721447295309214,1.6368138252833033
1427,2008-12,1.5527458384796604,1.656179846762436
1428,2009-01,1.5136878944451229,1.651253306122112
1429,2009-02,1.4886509150780138,1.6463554399811708
1430,2009-03,1.4739738027589524,1.64562676208956
1431,2009-04,1.4745180128972872,1.6447859032015182
1432,2009-05,1.4825780367592982,1.6432958114809744
1433,2009-06,1.4861220674832494,1.6325202585223386
1434,2009-07,1.4979218253976119,1.6383379468070376
1435,2009-08,1.4937765914476093,1.6378894810095999
1436,2009-09,1.4825384960963457,1.6400814992226176
1437,2009-10,1.4707186139854047,1.641716206474292
1438,2009-11,1.4633478868115393,1.6437655777209659
1439,2009-12,1.453246226797879,1.6498818262171164
1440,2010-01,1.4319038804348918,1.6474677924893677
1441,2010-02,1.412295287631487,1.651976344745664
1442,2010-03,1.4119275192531562,1.650119530915473
1443,2010-04,1.4271469850019245,1.6521488333878032
1444,2010-05,1.4421261712848674,1.6557556967403584
1445,2010-06,1.4500148638811128,1.6622651577068024
1446,2010-07,1.448334781208864,1.6668047781301838
1447,2010-08,1.4352619606596015,1.6693902665465745
1448,2010-09,1.4165987918784817,1.6733004938058733
1449,2010-10,1.4003569967639211,1.676094197145262
1450,2010-11,1.3869567847678375,1.6802621048944197
1451,2010-12,1.3729595942582415,1.6822439560056348
1452,2011-01,1.3510014191469917,1.6791102628641663
1453,2011-02,1.3318021863546825,1.6740639085267832
1454,2011-03,1.3194198759734304,1.6610600774825965
1455,2011-04,1.3240125421414046,1.6535744819979101
1456,2011-05,1.3323020505343794,1.6489597128818771
1457,2011-06,1.345580336217134,1.6538584425279328
1458,2011-07,1.34817775854097,1.6555224611932817
1459,2011-08,1.3392752457968418,1.6540892784706225
1460,2011-09,1.3219662053224908,1.6546961659391888
1461,2011-10,1.3080654812939732,1.6612375552938785
1462,2011-11,1.292711819238762,1.6657639509376023
1463,2011-12,1.2816851622744558,1.673014292527488
1464,2012-01,1.2666297251762657,1.6688028215061075
1465,2012-02,1.2594793884770272,1.6642704082763926
1466,2012-03,1.2673368503111258,1.654488339050211
1467,2012-04,1.287793137219228,1.6522589108118853
1468,2012-05,1.3133287138310847,1.6569570912120584
1469,2012-06,1.3350258944673685,1.6621514438372165
1470,2012-07,1.347572632933144,1.6676303838065827
1471,2012-08,1.3441086480430764,1.661151380439927
1472,2012-09,1.3349011338387038,1.6565099110500008
1473,2012-10,1.3318127679226388,1.6598935288331342
1474,2012-11,1.3380601064400028,1.6705478380853211
1475,2012-12,1.34083454039481,1.6778184282464723
1476,2013-01,1.3409695818743563,1.6756226826757203
1477,2013-02,1.3379104972527893,1.6648710425008202
1478,2013-03,1.3601613799693897,1.6633824234369752
1479,2013-04,1.389275946104477,1.6679693285513568
1480,2013-05,1.4133543363179242,1.6678556527251331
1481,2013-06,1.4335222608295628,1.666706786271352
1482,2013-07,1.449995979128369,1.6688931339072
1483,2013-08,1.458409629956784,1.6697273335764817
1484,2013-09,1.4592743110790358,1.6706237737180873
1485,2013-10,1.461942578296346,1.6777805874602734
1486,2013-11,1.4630983783088007,1.6840635355438844
1487,2013-12,1.4624893895762523,1.6870575310905738
1488,2014-01,1.4578920390520145,1.6836434004078715
1489,2014-02,1.45707782081494,1.6806320932238776
1490,2014-03,1.4597079044375687,1.6730492960374734
1491,2014-04,1.4709778144542287,1.6707126574963314
1492,2014-05,1.4813289422290707,1.6680476879670354
1493,2014-06,1.4923118828763242,1.6680913590780735
1494,2014-07,1.5011573229860087,1.671887734002656
1495,2014-08,1.5064581279929143,1.6778358241911788
1496,2014-09,1.5034374301237607,1.6797222222521762
1497,2014-10,1.5042499228252197,1.6871088438182362
1498,2014-11,1.5101507726210337,1.6994408998635737
1499,2014-12,1.5169397204933528,1.7123231426548484
1500,2015-01,1.5221892622767115,1.7236256321054049
1501,2015-02,1.5190711577385931,1.720039586682221
1502,2015-03,1.523314803641186,1.7137074137075867
1503,2015-04,1.5372273061777606,1.7140674182054365
1504,2015-05,1.5463481369514966,1.7091919570351946
1505,2015-06,1.5552973221436108,1.707029652841341
1506,2015-07,1.5646075951361214,1.7107188589234552
1507,2015-08,1.5707773922626005,1.716954190319931
1508,2015-09,1.5742157474023974,1.7234461903897207
1509,2015-10,1.5749239651176996,1.7280382446667417
1510,2015-11,1.579156759800602,1.7355180684675517
1511,2015-12,1.584299984887534,1.745306691680847
1512,2016-01,1.5809627367625074,1.7462578361637828
1513,2016-02,1.5819186986844003,1.7495750970952888
1514,2016-03,1.5869076743379036,1.7468066991054303
1515,2016-04,1.5964121613823683,1.743274717593576
1516,2016-05,1.6063691408887213,1.740941899358274
1517,2016-06,1.6151382031833246,1.7399190249896357
1518,2016-07,1.6275378986108584,1.7474229221027247
1519,2016-08,1.6317305819352212,1.750499118678162
1520,2016-09,1.6303876470036436,1.7509693749628457
1521,2016-10,1.6289771469317138,1.7534516487194838
1522,2016-11,1.63346541685032,1.7608531608394942
1523,2016-12,1.6344376445181588,1.7649452638925562
1524,2017-01,1.6271707024499311,1.7593604992891996
1525,2017-02,1.6253175958720385,1.7588195180421018
1526,2017-03,1.6372507967794945,1.762363916190251
1527,2017-04,1.6499993225447003,1.7621110888821532
1528,2017-05,1.66607727161178,1.7655600947340153
1529,2017-06,1.6796799008560999,1.7689093618910778
1530,2017-07,1.6916791644375992,1.7750833769445524
1531,2017-08,1.6939496774764857,1.7747218189853715
1532,2017-09,1.6891023368853249,1.7702863246061231
1533,2017-10,1.6924261230158835,1.77632100120277
1534,2017-11,1.6955946668468445,1.7811927477161662
1535,2017-12,1.6999771767336895,1.7871582805888606
1536,2018-01,1.6930972129557436,1.7823662477482218
1537,2018-02,1.692243456341162,1.7764734281906298
1538,2018-03,1.7027453056318842,1.7746140045737067
1539,2018-04,1.713426475219934,1.7697274908615241
1540,2018-05,1.7219797123173737,1.7645287714572877
1541,2018-06,1.7327413388823423,1.763848392160649
1542,2018-07,1.7403514204892354,1.765856817378056
1543,2018-08,1.7426099737438818,1.7670025848047524
1544,2018-09,1.7410111979678695,1.7670754585739634
1545,2018-10,1.7378560512919852,1.7660789778553783
1546,2018-11,1.741488872460525,1.7741412126066785
1547,2018-12,1.743576851969604,1.7819598973133932
1548,2019-01,1.7360933443056166,1.7806987807881243
1549,2019-02,1.7306480436602936,1.7762642502944455
1550,2019-03,1.732303666837004,1.7693436718274693
1551,2019-04,1.739172784874898,1.763052032058849
1552,2019-05,1.7494323852093288,1.7623281528172035
1553,2019-06,1.7593595216422329,1.764997947415002
1554,2019-07,1.762763113086185,1.7650692785521715
1555,2019-08,1.7658550211249533,1.7681744887709516
1556,2019-09,1.7658894260688371,1.7698037397853832
1557,2019-10,1.7626098233644343,1.7687733986393561
1558,2019-11,1.764720239740851,1.772730551417266
1559,2019-12,1.7674097028109805,1.7773557153734998
1560,2020-01,1.761906234947124,1.77348588882114
1561,2020-02,1.7639566178068269,1.7862553902536755
1562,2020-03,1.784135868624327,1.8078066860344084
1563,2020-04,1.8132559339971672,1.837750708418588
1564,2020-05,1.823652892681783,1.8554884669520166
1565,2020-06,1.8247676662397327,1.863067300711127
1566,2020-07,1.8300366567482145,1.871278785247407
1567,2020-08,1.8447014037648468,1.8829294167827948
1568,2020-09,1.864826428334203,1.897818883806215
1569,2020-10,1.8887886649570318,1.9145327076979104
1570,2020-11,1.9105821002769703,1.933214154867465
1571,2020-12,1.9257081842235482,1.9488910111286983
1572,2021-01,1.9344846207107163,1.9580570560959802
1573,2021-02,1.946488314807054,1.9692625549114569
1574,2021-03,1.9731906282888891,1.9771243070424998
1575,2021-04,2.0018964275587945,1.98254246649097
1576,2021-05,2.0307274510026008,1.9881388458777567
1577,2021-06,2.0570839770756253,1.991005278234044
1578,2021-07,2.0811747137359613,2.002539572256936
1579,2021-08,2.102540050023099,2.01943381919107
1580,2021-09,2.11751710169711,2.034929769507702
1581,2021-10,2.117244477316158,2.038955727969807
1582,2021-11,2.1252152261274015,2.0496778772044566
1583,2021-12,2.1385071701912595,2.064027517995705
1584,2022-01,2.146387995940381,2.067260449450189
1585,2022-02,2.1664812250608123,2.04964418124948
1586,2022-03,2.196288166960249,2.0237198655070303
1587,2022-04,2.233463092246074,2.0135598127283796
1588,2022-05,2.244177319652688,1.9926682937277451
1589,2022-06,2.226550982303699,1.9667163192348607
1590,2022-07,2.218219341592843,1.9679973637896977
1591,2022-08,2.193862851874107,1.9697441499657706
1592,2022-09,2.166084160111902,1.9665635775480044
1593,2022-10,2.1446237503936225,1.959661053951599
1594,2022-11,2.1334950090101374,1.9626860199844132
1595,2022-12,2.121968773758741,1.969777071132577
1596,2023-01,2.094408614565929,1.955191473297093
1597,2023-02,2.0871922554700078,1.9486514245968574
1598,2023-03,2.107740792097709,1.9465204816030748
1599,2023-04,2.126615730229346,1.9410001140368889
1600,2023-05,2.148572989673424,1.94039095214828
1601,2023-06,2.1621366570598695,1.9383988693005685
1602,2023-07,2.171040141995034,1.9389533945155542
1603,2023-08,2.171148356899103,1.934749055885434
1604,2023-09,2.1720231716554346,1.9341689441198633
1605,2023-10,2.1765423079881674,1.9391284412607483
1606,2023-11,2.1757801676303696,1.947270154341015
1607,2023-12,2.1696422505377178,1.9534367511556472
1608,2024-01,2.156707675469283,1.9470605419915805
1609,2024-02,2.156679683719564,1.9406977459301156
1610,2024-03,2.171465804259309,1.9338120126607905
1611,2024-04,2.1897284698204875,1.9318693503465554
1612,2024-05,2.2065357106446113,1.9342124456299528
1613,2024-06,2.216552530324578,1.93910582771199
1614,2024-07,2.214116448656447,1.9423951514767799
1615,2024-08,2.2093249715865535,1.9463505523246745
1616,2024-09,2.204293363335802,1.9487593547259892
1617,2024-10,2.1978268092927373,1.9520381507823223
1618,2024-11,2.196915479806616,1.9586189498741426
1619,2024-12,2.1914575961878295,1.963444727388678
