date,30_year_mortgage_rate
1879-01,5.92
1879-02,5.91
1879-03,5.90
1879-04,5.89
1879-05,5.87
1879-06,5.86
1879-07,5.85
1879-08,5.84
1879-09,5.83
1879-10,5.82
1879-11,5.80
1879-12,5.79
1880-01,5.78
1880-02,5.78
1880-03,5.78
1880-04,5.79
1880-05,5.79
1880-06,5.79
1880-07,5.79
1880-08,5.79
1880-09,5.79
1880-10,5.80
1880-11,5.80
1880-12,5.80
1881-01,5.80
1881-02,5.79
1881-03,5.78
1881-04,5.76
1881-05,5.75
1881-06,5.74
1881-07,5.73
1881-08,5.71
1881-09,5.70
1881-10,5.69
1881-11,5.68
1881-12,5.66
1882-01,5.65
1882-02,5.63
1882-03,5.61
1882-04,5.60
1882-05,5.58
1882-06,5.56
1882-07,5.54
1882-08,5.52
1882-09,5.50
1882-10,5.49
1882-11,5.47
1882-12,5.45
1883-01,5.43
1883-02,5.42
1883-03,5.42
1883-04,5.41
1883-05,5.40
1883-06,5.40
1883-07,5.39
1883-08,5.38
1883-09,5.38
1883-10,5.37
1883-11,5.36
1883-12,5.36
1884-01,5.35
1884-02,5.34
1884-03,5.33
1884-04,5.31
1884-05,5.30
1884-06,5.29
1884-07,5.28
1884-08,5.26
1884-09,5.25
1884-10,5.24
1884-11,5.23
1884-12,5.21
1885-01,5.20
1885-02,5.19
1885-03,5.18
1885-04,5.18
1885-05,5.17
1885-06,5.16
1885-07,5.15
1885-08,5.14
1885-09,5.13
1885-10,5.13
1885-11,5.12
1885-12,5.11
1886-01,5.10
1886-02,5.10
1886-03,5.11
1886-04,5.11
1886-05,5.11
1886-06,5.12
1886-07,5.12
1886-08,5.12
1886-09,5.13
1886-10,5.13
1886-11,5.13
1886-12,5.14
1887-01,5.14
1887-02,5.15
1887-03,5.15
1887-04,5.16
1887-05,5.16
1887-06,5.17
1887-07,5.17
1887-08,5.18
1887-09,5.18
1887-10,5.19
1887-11,5.19
1887-12,5.20
1888-01,5.20
1888-02,5.19
1888-03,5.19
1888-04,5.18
1888-05,5.18
1888-06,5.17
1888-07,5.17
1888-08,5.16
1888-09,5.15
1888-10,5.15
1888-11,5.14
1888-12,5.14
1889-01,5.13
1889-02,5.16
1889-03,5.18
1889-04,5.21
1889-05,5.24
1889-06,5.26
1889-07,5.29
1889-08,5.32
1889-09,5.34
1889-10,5.37
1889-11,5.40
1889-12,5.42
1890-01,5.45
1890-02,5.44
1890-03,5.44
1890-04,5.43
1890-05,5.43
1890-06,5.42
1890-07,5.42
1890-08,5.41
1890-09,5.40
1890-10,5.40
1890-11,5.39
1890-12,5.39
1891-01,5.38
1891-02,5.37
1891-03,5.35
1891-04,5.34
1891-05,5.32
1891-06,5.31
1891-07,5.29
1891-08,5.28
1891-09,5.26
1891-10,5.25
1891-11,5.23
1891-12,5.22
1892-01,5.20
1892-02,5.20
1892-03,5.20
1892-04,5.20
1892-05,5.20
1892-06,5.20
1892-07,5.20
1892-08,5.20
1892-09,5.20
1892-10,5.20
1892-11,5.20
1892-12,5.20
1893-01,5.20
1893-02,5.20
1893-03,5.19
1893-04,5.19
1893-05,5.19
1893-06,5.18
1893-07,5.18
1893-08,5.18
1893-09,5.17
1893-10,5.17
1893-11,5.17
1893-12,5.16
1894-01,5.16
1894-02,5.15
1894-03,5.14
1894-04,5.13
1894-05,5.12
1894-06,5.11
1894-07,5.10
1894-08,5.09
1894-09,5.08
1894-10,5.07
1894-11,5.06
1894-12,5.05
1895-01,5.04
1895-02,5.05
1895-03,5.05
1895-04,5.06
1895-05,5.07
1895-06,5.07
1895-07,5.08
1895-08,5.09
1895-09,5.09
1895-10,5.10
1895-11,5.11
1895-12,5.11
1896-01,5.12
1896-02,5.11
1896-03,5.11
1896-04,5.10
1896-05,5.09
1896-06,5.09
1896-07,5.08
1896-08,5.07
1896-09,5.07
1896-10,5.06
1896-11,5.05
1896-12,5.05
1897-01,5.04
1897-02,5.03
1897-03,5.03
1897-04,5.02
1897-05,5.01
1897-06,5.01
1897-07,5.00
1897-08,4.99
1897-09,4.99
1897-10,4.98
1897-11,4.97
1897-12,4.97
1898-01,4.96
1898-02,4.97
1898-03,4.98
1898-04,4.98
1898-05,4.99
1898-06,5.00
1898-07,5.01
1898-08,5.01
1898-09,5.02
1898-10,5.03
1898-11,5.04
1898-12,5.04
1899-01,5.05
1899-02,5.06
1899-03,5.07
1899-04,5.08
1899-05,5.09
1899-06,5.10
1899-07,5.11
1899-08,5.12
1899-09,5.13
1899-10,5.14
1899-11,5.15
1899-12,5.16
1900-01,5.17
1900-02,5.17
1900-03,5.16
1900-04,5.16
1900-05,5.15
1900-06,5.15
1900-07,5.14
1900-08,5.14
1900-09,5.13
1900-10,5.13
1900-11,5.12
1900-12,5.12
1901-01,5.11
1901-02,5.11
1901-03,5.11
1901-04,5.11
1901-05,5.10
1901-06,5.10
1901-07,5.10
1901-08,5.10
1901-09,5.10
1901-10,5.10
1901-11,5.09
1901-12,5.09
1902-01,5.09
1902-02,5.10
1902-03,5.11
1902-04,5.11
1902-05,5.12
1902-06,5.13
1902-07,5.14
1902-08,5.14
1902-09,5.15
1902-10,5.16
1902-11,5.17
1902-12,5.17
1903-01,5.18
1903-02,5.19
1903-03,5.21
1903-04,5.22
1903-05,5.24
1903-06,5.25
1903-07,5.27
1903-08,5.28
1903-09,5.29
1903-10,5.31
1903-11,5.32
1903-12,5.34
1904-01,5.35
1904-02,5.36
1904-03,5.38
1904-04,5.39
1904-05,5.40
1904-06,5.41
1904-07,5.43
1904-08,5.44
1904-09,5.45
1904-10,5.46
1904-11,5.48
1904-12,5.49
1905-01,5.50
1905-02,5.52
1905-03,5.53
1905-04,5.55
1905-05,5.56
1905-06,5.58
1905-07,5.59
1905-08,5.61
1905-09,5.62
1905-10,5.64
1905-11,5.65
1905-12,5.67
1906-01,5.68
1906-02,5.66
1906-03,5.64
1906-04,5.62
1906-05,5.60
1906-06,5.58
1906-07,5.57
1906-08,5.55
1906-09,5.53
1906-10,5.51
1906-11,5.49
1906-12,5.47
1907-01,5.45
1907-02,5.46
1907-03,5.48
1907-04,5.49
1907-05,5.50
1907-06,5.51
1907-07,5.53
1907-08,5.54
1907-09,5.55
1907-10,5.56
1907-11,5.58
1907-12,5.59
1908-01,5.60
1908-02,5.58
1908-03,5.56
1908-04,5.54
1908-05,5.52
1908-06,5.50
1908-07,5.48
1908-08,5.45
1908-09,5.43
1908-10,5.41
1908-11,5.39
1908-12,5.37
1909-01,5.35
1909-02,5.35
1909-03,5.35
1909-04,5.35
1909-05,5.35
1909-06,5.35
1909-07,5.35
1909-08,5.35
1909-09,5.35
1909-10,5.35
1909-11,5.35
1909-12,5.35
1910-01,5.35
1910-02,5.36
1910-03,5.37
1910-04,5.38
1910-05,5.39
1910-06,5.40
1910-07,5.41
1910-08,5.42
1910-09,5.43
1910-10,5.44
1910-11,5.45
1910-12,5.46
1911-01,5.47
1911-02,5.47
1911-03,5.47
1911-04,5.47
1911-05,5.47
1911-06,5.47
1911-07,5.47
1911-08,5.46
1911-09,5.46
1911-10,5.46
1911-11,5.46
1911-12,5.46
1912-01,5.46
1912-02,5.46
1912-03,5.47
1912-04,5.47
1912-05,5.47
1912-06,5.48
1912-07,5.48
1912-08,5.48
1912-09,5.49
1912-10,5.49
1912-11,5.49
1912-12,5.50
1913-01,5.50
1913-02,5.51
1913-03,5.51
1913-04,5.52
1913-05,5.53
1913-06,5.53
1913-07,5.54
1913-08,5.55
1913-09,5.55
1913-10,5.56
1913-11,5.57
1913-12,5.57
1914-01,5.58
1914-02,5.58
1914-03,5.58
1914-04,5.59
1914-05,5.59
1914-06,5.59
1914-07,5.59
1914-08,5.59
1914-09,5.59
1914-10,5.60
1914-11,5.60
1914-12,5.60
1915-01,5.60
1915-02,5.59
1915-03,5.58
1915-04,5.58
1915-05,5.57
1915-06,5.56
1915-07,5.55
1915-08,5.54
1915-09,5.53
1915-10,5.53
1915-11,5.52
1915-12,5.51
1916-01,5.50
1916-02,5.50
1916-03,5.50
1916-04,5.49
1916-05,5.49
1916-06,5.49
1916-07,5.49
1916-08,5.48
1916-09,5.48
1916-10,5.48
1916-11,5.48
1916-12,5.47
1917-01,5.47
1917-02,5.48
1917-03,5.48
1917-04,5.49
1917-05,5.50
1917-06,5.50
1917-07,5.51
1917-08,5.52
1917-09,5.52
1917-10,5.53
1917-11,5.54
1917-12,5.54
1918-01,5.55
1918-02,5.56
1918-03,5.57
1918-04,5.58
1918-05,5.58
1918-06,5.59
1918-07,5.60
1918-08,5.61
1918-09,5.62
1918-10,5.63
1918-11,5.63
1918-12,5.64
1919-01,5.65
1919-02,5.66
1919-03,5.67
1919-04,5.68
1919-05,5.68
1919-06,5.69
1919-07,5.70
1919-08,5.71
1919-09,5.72
1919-10,5.73
1919-11,5.73
1919-12,5.74
1920-01,5.75
1920-02,5.77
1920-03,5.79
1920-04,5.81
1920-05,5.82
1920-06,5.84
1920-07,5.86
1920-08,5.88
1920-09,5.90
1920-10,5.92
1920-11,5.93
1920-12,5.95
1921-01,5.97
1921-02,5.97
1921-03,5.97
1921-04,5.97
1921-05,5.96
1921-06,5.96
1921-07,5.96
1921-08,5.96
1921-09,5.96
1921-10,5.96
1921-11,5.95
1921-12,5.95
1922-01,5.95
1922-02,5.95
1922-03,5.94
1922-04,5.94
1922-05,5.94
1922-06,5.93
1922-07,5.93
1922-08,5.93
1922-09,5.92
1922-10,5.92
1922-11,5.92
1922-12,5.91
1923-01,5.91
1923-02,5.91
1923-03,5.91
1923-04,5.91
1923-05,5.91
1923-06,5.91
1923-07,5.92
1923-08,5.92
1923-09,5.92
1923-10,5.92
1923-11,5.92
1923-12,5.92
1924-01,5.92
1924-02,5.92
1924-03,5.92
1924-04,5.92
1924-05,5.91
1924-06,5.91
1924-07,5.91
1924-08,5.91
1924-09,5.91
1924-10,5.91
1924-11,5.90
1924-12,5.90
1925-01,5.90
1925-02,5.90
1925-03,5.90
1925-04,5.90
1925-05,5.90
1925-06,5.90
1925-07,5.90
1925-08,5.89
1925-09,5.89
1925-10,5.89
1925-11,5.89
1925-12,5.89
1926-01,5.89
1926-02,5.89
1926-03,5.89
1926-04,5.89
1926-05,5.89
1926-06,5.89
1926-07,5.89
1926-08,5.88
1926-09,5.88
1926-10,5.88
1926-11,5.88
1926-12,5.88
1927-01,5.88
1927-02,5.88
1927-03,5.88
1927-04,5.87
1927-05,5.87
1927-06,5.87
1927-07,5.87
1927-08,5.86
1927-09,5.86
1927-10,5.86
1927-11,5.86
1927-12,5.85
1928-01,5.85
1928-02,5.86
1928-03,5.86
1928-04,5.87
1928-05,5.87
1928-06,5.88
1928-07,5.89
1928-08,5.89
1928-09,5.90
1928-10,5.90
1928-11,5.91
1928-12,5.91
1929-01,5.92
1929-02,5.92
1929-03,5.93
1929-04,5.93
1929-05,5.93
1929-06,5.93
1929-07,5.94
1929-08,5.94
1929-09,5.94
1929-10,5.94
1929-11,5.95
1929-12,5.95
1930-01,5.95
1930-02,5.93
1930-03,5.92
1930-04,5.90
1930-05,5.88
1930-06,5.87
1930-07,5.85
1930-08,5.83
1930-09,5.82
1930-10,5.80
1930-11,5.78
1930-12,5.77
1931-01,5.75
1931-02,5.75
1931-03,5.75
1931-04,5.76
1931-05,5.76
1931-06,5.76
1931-07,5.76
1931-08,5.76
1931-09,5.76
1931-10,5.77
1931-11,5.77
1931-12,5.77
1932-01,5.77
1932-02,5.76
1932-03,5.74
1932-04,5.73
1932-05,5.71
1932-06,5.70
1932-07,5.69
1932-08,5.67
1932-09,5.66
1932-10,5.64
1932-11,5.63
1932-12,5.61
1933-01,5.60
1933-02,5.59
1933-03,5.58
1933-04,5.56
1933-05,5.55
1933-06,5.54
1933-07,5.53
1933-08,5.51
1933-09,5.50
1933-10,5.49
1933-11,5.48
1933-12,5.46
1934-01,5.45
1934-02,5.43
1934-03,5.42
1934-04,5.40
1934-05,5.39
1934-06,5.37
1934-07,5.36
1934-08,5.34
1934-09,5.32
1934-10,5.31
1934-11,5.29
1934-12,5.28
1935-01,5.26
1935-02,5.25
1935-03,5.23
1935-04,5.22
1935-05,5.20
1935-06,5.19
1935-07,5.18
1935-08,5.16
1935-09,5.15
1935-10,5.13
1935-11,5.12
1935-12,5.10
1936-01,5.09
1936-02,5.09
1936-03,5.09
1936-04,5.10
1936-05,5.10
1936-06,5.10
1936-07,5.10
1936-08,5.10
1936-09,5.10
1936-10,5.11
1936-11,5.11
1936-12,5.11
1937-01,5.11
1937-02,5.10
1937-03,5.09
1937-04,5.08
1937-05,5.07
1937-06,5.06
1937-07,5.06
1937-08,5.05
1937-09,5.04
1937-10,5.03
1937-11,5.02
1937-12,5.01
1938-01,5.00
1938-02,5.00
1938-03,5.01
1938-04,5.01
1938-05,5.02
1938-06,5.02
1938-07,5.03
1938-08,5.03
1938-09,5.03
1938-10,5.04
1938-11,5.04
1938-12,5.05
1939-01,5.05
1939-02,5.05
1939-03,5.05
1939-04,5.05
1939-05,5.04
1939-06,5.04
1939-07,5.04
1939-08,5.04
1939-09,5.04
1939-10,5.04
1939-11,5.03
1939-12,5.03
1940-01,5.03
1940-02,5.02
1940-03,5.01
1940-04,5.00
1940-05,4.99
1940-06,4.98
1940-07,4.97
1940-08,4.95
1940-09,4.94
1940-10,4.93
1940-11,4.92
1940-12,4.91
1941-01,4.90
1941-02,4.91
1941-03,4.91
1941-04,4.92
1941-05,4.93
1941-06,4.93
1941-07,4.94
1941-08,4.95
1941-09,4.95
1941-10,4.96
1941-11,4.97
1941-12,4.97
1942-01,4.98
1942-02,4.96
1942-03,4.95
1942-04,4.93
1942-05,4.91
1942-06,4.89
1942-07,4.88
1942-08,4.86
1942-09,4.84
1942-10,4.82
1942-11,4.81
1942-12,4.79
1943-01,4.77
1943-02,4.77
1943-03,4.76
1943-04,4.76
1943-05,4.75
1943-06,4.75
1943-07,4.74
1943-08,4.74
1943-09,4.73
1943-10,4.73
1943-11,4.72
1943-12,4.72
1944-01,4.71
1944-02,4.71
1944-03,4.71
1944-04,4.71
1944-05,4.71
1944-06,4.71
1944-07,4.71
1944-08,4.70
1944-09,4.70
1944-10,4.70
1944-11,4.70
1944-12,4.70
1945-01,4.70
1945-02,4.70
1945-03,4.71
1945-04,4.71
1945-05,4.71
1945-06,4.72
1945-07,4.72
1945-08,4.72
1945-09,4.73
1945-10,4.73
1945-11,4.73
1945-12,4.74
1946-01,4.74
1946-02,4.75
1946-03,4.75
1946-04,4.76
1946-05,4.76
1946-06,4.77
1946-07,4.77
1946-08,4.78
1946-09,4.78
1946-10,4.79
1946-11,4.79
1946-12,4.80
1947-01,4.80
1947-02,4.81
1947-03,4.82
1947-04,4.83
1947-05,4.84
1947-06,4.85
1947-07,4.86
1947-08,4.86
1947-09,4.87
1947-10,4.88
1947-11,4.89
1947-12,4.90
1948-01,4.91
1948-02,4.86
1948-03,4.82
1948-04,4.77
1948-05,4.72
1948-06,4.68
1948-07,4.63
1948-08,4.58
1948-09,4.54
1948-10,4.49
1948-11,4.44
1948-12,4.40
1949-01,4.35
1949-02,4.35
1949-03,4.35
1949-04,4.35
1949-05,4.34
1949-06,4.35
1949-07,4.34
1949-08,4.34
1949-09,4.32
1949-10,4.32
1949-11,4.32
1949-12,4.32
1950-01,4.31
1950-02,4.31
1950-03,4.30
1950-04,4.23
1950-05,4.16
1950-06,4.09
1950-07,4.08
1950-08,4.08
1950-09,4.08
1950-10,4.08
1950-11,4.08
1950-12,4.08
1951-01,4.08
1951-02,4.08
1951-03,4.12
1951-04,4.19
1951-05,4.27
1951-06,4.29
1951-07,4.31
1951-08,4.31
1951-09,4.30
1951-10,4.27
1951-11,4.27
1951-12,4.26
1952-01,4.26
1952-02,4.27
1952-03,4.29
1952-04,4.29
1952-05,4.29
1952-06,4.30
1952-07,4.30
1952-08,4.30
1952-09,4.30
1952-10,4.31
1952-11,4.32
1952-12,4.32
1953-01,4.34
1953-02,4.34
1953-03,4.34
1953-04,4.45
1953-05,4.56
1953-06,4.67
1953-07,4.74
1953-08,4.82
1953-09,4.86
1953-10,4.82
1953-11,4.81
1953-12,4.78
1954-01,4.75
1954-02,4.69
1954-03,4.64
1954-04,4.62
1954-05,4.59
1954-06,4.57
1954-07,4.56
1954-08,4.56
1954-09,4.56
1954-10,4.56
1954-11,4.56
1954-12,4.56
1955-01,4.56
1955-02,4.56
1955-03,4.59
1955-04,4.60
1955-05,4.63
1955-06,4.63
1955-07,4.64
1955-08,4.67
1955-09,4.70
1955-10,4.73
1955-11,4.75
1955-12,4.73
1956-01,4.73
1956-02,4.70
1956-03,4.68
1956-04,4.71
1956-05,4.78
1956-06,4.81
1956-07,4.81
1956-08,4.87
1956-09,4.92
1956-10,4.95
1956-11,5.05
1956-12,5.15
1957-01,5.25
1957-02,5.36
1957-03,5.35
1957-04,5.35
1957-05,5.32
1957-06,5.35
1957-07,5.38
1957-08,5.46
1957-09,5.54
1957-10,5.63
1957-11,5.63
1957-12,5.61
1958-01,5.58
1958-02,5.56
1958-03,5.51
1958-04,5.43
1958-05,5.39
1958-06,5.37
1958-07,5.35
1958-08,5.37
1958-09,5.50
1958-10,5.57
1958-11,5.60
1958-12,5.60
1959-01,5.60
1959-02,5.58
1959-03,5.57
1959-04,5.58
1959-05,5.64
1959-06,5.71
1959-07,5.75
1959-08,5.80
1959-09,5.94
1959-10,6.08
1959-11,6.23
1959-12,6.23
1960-01,6.24
1960-02,6.23
1960-03,6.22
1960-04,6.21
1960-05,6.21
1960-06,6.19
1960-07,6.18
1960-08,6.14
1960-09,6.11
1960-10,6.09
1960-11,6.05
1960-12,6.04
1961-01,6.00
1961-02,5.89
1961-03,5.82
1961-04,5.77
1961-05,5.74
1961-06,5.72
1961-07,5.68
1961-08,5.68
1961-09,5.69
1961-10,5.70
1961-11,5.70
1961-12,5.69
1962-01,5.69
1962-02,5.68
1962-03,5.65
1962-04,5.64
1962-05,5.60
1962-06,5.59
1962-07,5.58
1962-08,5.57
1962-09,5.56
1962-10,5.55
1962-11,5.54
1962-12,5.53
1963-01,5.52
1963-02,5.48
1963-03,5.47
1963-04,5.46
1963-05,5.45
1963-06,5.45
1963-07,5.45
1963-08,5.45
1963-09,5.45
1963-10,5.45
1963-11,5.45
1963-12,5.45
1964-01,5.45
1964-02,5.45
1964-03,5.45
1964-04,5.45
1964-05,5.45
1964-06,5.45
1964-07,5.45
1964-08,5.46
1964-09,5.46
1964-10,5.46
1964-11,5.45
1964-12,5.45
1965-01,5.45
1965-02,5.45
1965-03,5.45
1965-04,5.45
1965-05,5.45
1965-06,5.45
1965-07,5.44
1965-08,5.44
1965-09,5.45
1965-10,5.46
1965-11,5.49
1965-12,5.51
1966-01,5.62
1966-02,5.70
1966-03,5.85
1966-04,6.00
1966-05,6.16
1966-06,6.32
1966-07,6.45
1966-08,6.51
1966-09,6.58
1966-10,6.63
1966-11,6.72
1966-12,6.81
1967-01,6.77
1967-02,6.62
1967-03,6.46
1967-04,6.35
1967-05,6.29
1967-06,6.44
1967-07,6.51
1967-08,6.53
1967-09,6.60
1967-10,6.63
1967-11,6.65
1967-12,6.77
1968-01,6.81
1968-02,6.81
1968-03,6.78
1968-04,6.83
1968-05,6.94
1968-06,7.23
1968-07,7.52
1968-08,7.42
1968-09,7.35
1968-10,7.28
1968-11,7.29
1968-12,7.36
1969-01,7.50
1969-02,7.75
1969-03,7.99
1969-04,8.05
1969-05,8.06
1969-06,8.06
1969-07,8.35
1969-08,8.36
1969-09,8.36
1969-10,8.40
1969-11,8.48
1969-12,8.48
1970-01,8.62
1970-02,8.96
1970-03,9.29
1970-04,9.20
1970-05,9.10
1970-06,9.11
1970-07,9.16
1970-08,9.11
1970-09,9.07
1970-10,9.01
1970-11,8.97
1970-12,8.90
1971-01,8.40
1971-02,8.04
1971-03,7.68
1971-04,7.32
1971-05,7.37
1971-06,7.75
1971-07,7.89
1971-08,7.97
1971-09,7.92
1971-10,7.84
1971-11,7.75
1971-12,7.62
1972-01,7.59
1972-02,7.49
1972-03,7.46
1972-04,7.45
1972-05,7.50
1972-06,7.53
1972-07,7.54
1972-08,7.54
1972-09,7.55
1972-10,7.56
1972-11,7.57
1972-12,7.57
1973-01,7.55
1973-02,7.56
1973-03,7.63
1973-04,7.73
1973-05,7.79
1973-06,7.89
1973-07,8.19
1973-08,8.69
1973-09,9.18
1973-10,8.97
1973-11,8.86
1973-12,8.78
1974-01,8.66
1974-02,8.54
1974-03,8.66
1974-04,9.17
1974-05,9.46
1974-06,9.46
1974-07,9.85
1974-08,10.30
1974-09,10.38
1974-10,10.13
1974-11,9.82
1974-12,9.51
1975-01,9.51
1975-02,8.99
1975-03,8.84
1975-04,8.69
1975-05,8.93
1975-06,9.16
1975-07,9.06
1975-08,9.13
1975-09,9.32
1975-10,9.74
1975-11,9.53
1975-12,9.41
1976-01,9.32
1976-02,9.06
1976-03,9.04
1976-04,8.93
1976-05,8.82
1976-06,9.03
1976-07,9.05
1976-08,8.99
1976-09,8.93
1976-10,8.82
1976-11,8.55
1976-12,8.45
1977-01,8.28
1977-02,8.45
1977-03,8.55
1977-04,8.65
1977-05,8.64
1977-06,8.71
1977-07,8.77
1977-08,8.77
1977-09,8.77
1977-10,8.74
1977-11,8.81
1977-12,8.81
1978-01,8.96
1978-02,9.18
1978-03,9.27
1978-04,9.35
1978-05,9.44
1978-06,9.74
1978-07,9.85
1978-08,9.96
1978-09,9.81
1978-10,9.81
1978-11,9.98
1978-12,10.04
1979-01,10.23
1979-02,10.24
1979-03,10.24
1979-04,10.26
1979-05,10.44
1979-06,10.61
1979-07,10.49
1979-08,10.46
1979-09,10.58
1979-10,11.37
1979-11,11.89
1979-12,12.41
1980-01,12.24
1980-02,12.60
1980-03,13.62
1980-04,14.63
1980-05,13.45
1980-06,11.99
1980-07,11.85
1980-08,12.39
1980-09,13.54
1980-10,14.26
1980-11,14.38
1980-12,14.47
1981-01,14.08
1981-02,14.23
1981-03,14.79
1981-04,15.04
1981-05,15.91
1981-06,16.03
1981-07,16.31
1981-08,16.76
1981-09,17.96
1981-10,18.55
1981-11,17.43
1981-12,15.98
1982-01,16.43
1982-02,17.38
1982-03,17.10
1982-04,16.41
1982-05,16.31
1982-06,16.19
1982-07,16.73
1982-08,16.29
1982-09,14.61
1982-10,14.03
1982-11,12.99
1982-12,12.82
1983-01,12.80
1983-02,12.87
1983-03,12.65
1983-04,12.68
1983-05,12.50
1983-06,12.41
1983-07,12.96
1983-08,14.23
1983-09,13.78
1983-10,13.55
1983-11,13.23
1983-12,13.23
1984-01,13.25
1984-02,13.08
1984-03,13.20
1984-04,13.68
1984-05,13.80
1984-06,15.01
1984-07,14.91
1984-08,14.58
1984-09,14.21
1984-10,13.99
1984-11,13.43
1984-12,12.90
1985-01,12.99
1985-02,13.01
1985-03,13.27
1985-04,13.43
1985-05,12.97
1985-06,12.28
1985-07,11.89
1985-08,12.12
1985-09,11.99
1985-10,12.04
1985-11,11.87
1985-12,11.28
1986-01,10.70
1986-02,10.78
1986-03,10.59
1986-04,9.77
1986-05,9.80
1986-06,10.07
1986-07,9.98
1986-08,10.01
1986-09,9.80
1986-10,9.90
1986-11,9.80
1986-12,9.26
1987-01,9.21
1987-02,8.79
1987-03,8.81
1987-04,8.94
1987-05,10.02
1987-06,10.61
1987-07,10.33
1987-08,10.38
1987-09,10.55
1987-10,11.22
1987-11,10.90
1987-12,10.76
1988-01,10.63
1988-02,10.17
1988-03,9.86
1988-04,10.28
1988-05,10.46
1988-06,10.84
1988-07,10.65
1988-08,10.66
1988-09,10.74
1988-10,10.58
1988-11,10.23
1988-12,10.63
1989-01,10.81
1989-02,10.69
1989-03,10.88
1989-04,11.16
1989-05,10.88
1989-06,10.55
1989-07,10.08
1989-08,9.61
1989-09,9.95
1989-10,9.94
1989-11,9.73
1989-12,9.69
1990-01,9.72
1990-02,10.01
1990-03,10.22
1990-04,10.30
1990-05,10.75
1990-06,10.23
1990-07,10.18
1990-08,10.11
1990-09,10.28
1990-10,10.24
1990-11,10.23
1990-12,9.81
1991-01,9.66
1991-02,9.58
1991-03,9.57
1991-04,9.61
1991-05,9.61
1991-06,9.62
1991-07,9.71
1991-08,9.59
1991-09,9.14
1991-10,9.06
1991-11,8.71
1991-12,8.69
1992-01,8.10
1992-02,8.72
1992-03,8.74
1992-04,8.85
1992-05,8.79
1992-06,8.66
1992-07,8.56
1992-08,8.12
1992-09,8.08
1992-10,8.06
1992-11,8.29
1992-12,8.54
1993-01,8.12
1993-02,8.04
1993-03,7.55
1993-04,7.57
1993-05,7.56
1993-06,7.59
1993-07,7.52
1993-08,7.51
1993-09,7.02
1993-10,7.03
1993-11,7.08
1993-12,7.51
1994-01,7.52
1994-02,7.05
1994-03,7.59
1994-04,8.57
1994-05,8.63
1994-06,8.63
1994-07,9.03
1994-08,8.65
1994-09,8.66
1994-10,9.10
1994-11,9.23
1994-12,9.53
1995-01,9.54
1995-02,9.10
1995-03,9.05
1995-04,8.60
1995-05,8.56
1995-06,8.03
1995-07,8.00
1995-08,8.09
1995-09,8.03
1995-10,8.03
1995-11,7.61
1995-12,7.51
1996-01,7.52
1996-02,7.11
1996-03,7.57
1996-04,8.09
1996-05,8.52
1996-06,8.57
1996-07,8.55
1996-08,8.56
1996-09,8.58
1996-10,8.56
1996-11,8.00
1996-12,8.14
1997-01,8.06
1997-02,8.06
1997-03,8.08
1997-04,8.55
1997-05,8.56
1997-06,8.05
1997-07,8.02
1997-08,7.61
1997-09,8.02
1997-10,7.52
1997-11,7.53
1997-12,7.51
1998-01,7.17
1998-02,7.08
1998-03,7.06
1998-04,7.09
1998-05,7.37
1998-06,7.07
1998-07,7.07
1998-08,7.05
1998-09,7.03
1998-10,6.53
1998-11,7.07
1998-12,7.02
1999-01,7.06
1999-02,7.08
1999-03,7.10
1999-04,7.07
1999-05,7.08
1999-06,7.58
1999-07,8.13
1999-08,8.00
1999-09,8.10
1999-10,8.05
1999-11,8.02
1999-12,8.06
2000-01,8.55
2000-02,8.56
2000-03,8.53
2000-04,8.35
2000-05,8.33
2000-06,8.54
2000-07,8.16
2000-08,8.12
2000-09,7.96
2000-10,7.83
2000-11,7.73
2000-12,7.65
2001-01,7.07
2001-02,7.09
2001-03,7.03
2001-04,7.01
2001-05,7.14
2001-06,7.24
2001-07,7.19
2001-08,7.00
2001-09,6.89
2001-10,6.64
2001-11,6.56
2001-12,6.84
2002-01,7.14
2002-02,7.02
2002-03,6.80
2002-04,7.13
2002-05,6.78
2002-06,6.71
2002-07,6.57
2002-08,6.43
2002-09,6.15
2002-10,6.01
2002-11,6.13
2002-12,6.19
2003-01,5.85
2003-02,5.88
2003-03,5.67
2003-04,5.79
2003-05,5.70
2003-06,5.26
2003-07,5.40
2003-08,6.14
2003-09,6.44
2003-10,5.77
2003-11,5.98
2003-12,6.02
2004-01,5.87
2004-02,5.72
2004-03,5.59
2004-04,5.52
2004-05,6.12
2004-06,6.28
2004-07,6.21
2004-08,5.99
2004-09,5.77
2004-10,5.82
2004-11,5.70
2004-12,5.81
2005-01,5.77
2005-02,5.63
2005-03,5.79
2005-04,5.93
2005-05,5.75
2005-06,5.62
2005-07,5.62
2005-08,5.82
2005-09,5.71
2005-10,5.98
2005-11,6.31
2005-12,6.26
2006-01,6.21
2006-02,6.23
2006-03,6.24
2006-04,6.43
2006-05,6.59
2006-06,6.67
2006-07,6.79
2006-08,6.63
2006-09,6.47
2006-10,6.30
2006-11,6.31
2006-12,6.11
2007-01,6.18
2007-02,6.34
2007-03,6.18
2007-04,6.17
2007-05,6.16
2007-06,6.53
2007-07,6.63
2007-08,6.68
2007-09,6.46
2007-10,6.37
2007-11,6.26
2007-12,5.96
2008-01,6.07
2008-02,5.67
2008-03,6.03
2008-04,5.88
2008-05,6.06
2008-06,6.09
2008-07,6.35
2008-08,6.52
2008-09,6.35
2008-10,6.10
2008-11,6.20
2008-12,5.53
2009-01,5.01
2009-02,5.25
2009-03,5.15
2009-04,4.78
2009-05,4.84
2009-06,5.29
2009-07,5.32
2009-08,5.22
2009-09,5.08
2009-10,4.94
2009-11,4.98
2009-12,4.71
2010-01,5.09
2010-02,5.01
2010-03,4.97
2010-04,5.08
2010-05,5.00
2010-06,4.79
2010-07,4.58
2010-08,4.49
2010-09,4.32
2010-10,4.27
2010-11,4.24
2010-12,4.46
2011-01,4.77
2011-02,4.81
2011-03,4.87
2011-04,4.87
2011-05,4.71
2011-06,4.55
2011-07,4.60
2011-08,4.39
2011-09,4.22
2011-10,3.94
2011-11,4.00
2011-12,4.00
2012-01,3.91
2012-02,3.87
2012-03,3.90
2012-04,3.98
2012-05,3.84
2012-06,3.67
2012-07,3.62
2012-08,3.55
2012-09,3.55
2012-10,3.36
2012-11,3.39
2012-12,3.34
2013-01,3.34
2013-02,3.53
2013-03,3.52
2013-04,3.54
2013-05,3.35
2013-06,3.91
2013-07,4.29
2013-08,4.39
2013-09,4.57
2013-10,4.22
2013-11,4.16
2013-12,4.46
2014-01,4.53
2014-02,4.23
2014-03,4.28
2014-04,4.41
2014-05,4.29
2014-06,4.14
2014-07,4.12
2014-08,4.14
2014-09,4.10
2014-10,4.19
2014-11,4.02
2014-12,3.89
2015-01,3.73
2015-02,3.59
2015-03,3.75
2015-04,3.70
2015-05,3.80
2015-06,3.87
2015-07,4.08
2015-08,3.91
2015-09,3.89
2015-10,3.85
2015-11,3.87
2015-12,3.93
2016-01,3.97
2016-02,3.72
2016-03,3.64
2016-04,3.59
2016-05,3.61
2016-06,3.66
2016-07,3.41
2016-08,3.43
2016-09,3.46
2016-10,3.42
2016-11,3.54
2016-12,4.08
2017-01,4.20
2017-02,4.19
2017-03,4.10
2017-04,4.10
2017-05,4.02
2017-06,3.94
2017-07,3.96
2017-08,3.93
2017-09,3.78
2017-10,3.85
2017-11,3.94
2017-12,3.94
2018-01,3.95
2018-02,4.22
2018-03,4.43
2018-04,4.40
2018-05,4.55
2018-06,4.54
2018-07,4.52
2018-08,4.60
2018-09,4.54
2018-10,4.71
2018-11,4.83
2018-12,4.75
2019-01,4.51
2019-02,4.41
2019-03,4.41
2019-04,4.08
2019-05,4.14
2019-06,3.82
2019-07,3.75
2019-08,3.75
2019-09,3.49
2019-10,3.65
2019-11,3.69
2019-12,3.68
2020-01,3.72
2020-02,3.45
2020-03,3.29
2020-04,3.33
2020-05,3.26
2020-06,3.18
2020-07,3.07
2020-08,2.88
2020-09,2.93
2020-10,2.88
2020-11,2.78
2020-12,2.71
2021-01,2.65
2021-02,2.73
2021-03,3.02
2021-04,3.18
2021-05,2.96
2021-06,2.99
2021-07,2.98
2021-08,2.77
2021-09,2.87
2021-10,2.99
2021-11,3.09
2021-12,3.11
2022-01,3.22
2022-02,3.55
2022-03,3.76
2022-04,4.72
2022-05,5.27
2022-06,5.09
2022-07,5.30
2022-08,4.99
2022-09,5.66
2022-10,6.66
2022-11,6.95
2022-12,6.49
2023-01,6.48
2023-02,6.09
2023-03,6.65
2023-04,6.28
2023-05,6.39
2023-06,6.79
2023-07,6.81
2023-08,6.90
2023-09,7.12
2023-10,7.49
2023-11,7.76
2023-12,7.03
2024-01,6.62
2024-02,6.63
2024-03,6.88
2024-04,6.82
2024-05,7.22
2024-06,6.99
2024-07,6.95
2024-08,6.73
2024-09,6.35
2024-10,6.12
2024-11,6.79
2024-12,6.69