date,home_price_index,building_cost_index,population_millions
1890-01,3.557296446,7.611651901,63.056
1890-02,3.528280978,7.575658618,63.16475
1890-03,3.499265509,7.539665335,63.2735
1890-04,3.470250041,7.503672052,63.38225
1890-05,3.441234572,7.467678769,63.491
1890-06,3.412219104,7.431685485,63.59975
1890-07,3.383203635,7.395692202,63.7085
1890-08,3.354188166,7.359698919,63.81725
1890-09,3.325172698,7.323705636,63.926
1890-10,3.296157229,7.287712353,64.03475
1890-11,3.267141761,7.25171907,64.1435
1890-12,3.238126292,7.215725787,64.25225
1891-01,3.209110824,7.179732504,64.361
1891-02,3.213946735,7.200091121,64.46975
1891-03,3.218782647,7.220449739,64.5785
1891-04,3.223618558,7.240808357,64.68725
1891-05,3.228454469,7.261166975,64.796
1891-06,3.233290381,7.281525592,64.90475
1891-07,3.238126292,7.30188421,65.0135
1891-08,3.242962204,7.322242828,65.12225
1891-09,3.247798115,7.342601446,65.231
1891-10,3.252634027,7.362960063,65.33975
1891-11,3.257469938,7.383318681,65.4485
1891-12,3.262305849,7.403677299,65.55725
1892-01,3.267141761,7.424035917,65.666
1892-02,3.278747948,7.377752836,65.77466667
1892-03,3.290354136,7.331469755,65.88333333
1892-04,3.301960323,7.285186674,65.992
1892-05,3.31356651,7.238903594,66.10066667
1892-06,3.325172698,7.192620513,66.20933333
1892-07,3.336778885,7.146337432,66.318
1892-08,3.348385073,7.100054351,66.42666667
1892-09,3.35999126,7.053771271,66.53533333
1892-10,3.371597448,7.00748819,66.644
1892-11,3.383203635,6.961205109,66.75266667
1892-12,3.394809822,6.914922028,66.86133333
1893-01,3.40641601,6.868638948,66.97
1893-02,3.453324351,6.932714492,67.07875
1893-03,3.500232692,6.996790037,67.1875
1893-04,3.547141032,7.060865582,67.29625
1893-05,3.594049373,7.124941127,67.405
1893-06,3.640957714,7.189016672,67.51375
1893-07,3.687866055,7.253092217,67.6225
1893-08,3.734774396,7.317167761,67.73125
1893-09,3.781682737,7.381243306,67.84
1893-10,3.828591078,7.445318851,67.94875
1893-11,3.875499418,7.509394396,68.0575
1893-12,3.922407759,7.573469941,68.16625
1894-01,3.9693161,7.637545486,68.275
1894-02,3.938849858,7.65583675,68.38375
1894-03,3.908383616,7.674128015,68.4925
1894-04,3.877917374,7.69241928,68.60125
1894-05,3.847451132,7.710710545,68.71
1894-06,3.81698489,7.72900181,68.81875
1894-07,3.786518648,7.747293074,68.9275
1894-08,3.756052406,7.765584339,69.03625
1894-09,3.725586164,7.783875604,69.145
1894-10,3.695119922,7.802166869,69.25375
1894-11,3.66465368,7.820458134,69.3625
1894-12,3.634187438,7.838749399,69.47125
1895-01,3.603721196,7.857040663,69.58
1895-02,3.563583131,7.851386067,69.68875
1895-03,3.523445066,7.845731471,69.7975
1895-04,3.483307002,7.840076875,69.90625
1895-05,3.443168937,7.834422279,70.015
1895-06,3.403030872,7.828767683,70.12375
1895-07,3.362892807,7.823113086,70.2325
1895-08,3.322754742,7.81745849,70.34125
1895-09,3.282616677,7.811803894,70.45
1895-10,3.242478613,7.806149298,70.55875
1895-11,3.202340548,7.800494702,70.6675
1895-12,3.162202483,7.794840106,70.77625
1896-01,3.122064418,7.789185509,70.885
1896-02,3.130285467,7.794950808,70.99366667
1896-03,3.138506517,7.800716107,71.10233333
1896-04,3.146727566,7.806481405,71.211
1896-05,3.154948616,7.812246704,71.31966667
1896-06,3.163169665,7.818012002,71.42833333
1896-07,3.171390715,7.823777301,71.537
1896-08,3.179611764,7.8295426,71.64566667
1896-09,3.187832813,7.835307898,71.75433333
1896-10,3.196053863,7.841073197,71.863
1896-11,3.204274912,7.846838495,71.97166667
1896-12,3.212495962,7.852603794,72.08033333
1897-01,3.220717011,7.858369093,72.189
1897-02,3.238126292,7.867398069,72.29775
1897-03,3.255535573,7.876427044,72.4065
1897-04,3.272944855,7.88545602,72.51525
1897-05,3.290354136,7.894484996,72.624
1897-06,3.307763417,7.903513972,72.73275
1897-07,3.325172698,7.912542948,72.8415
1897-08,3.342581979,7.921571924,72.95025
1897-09,3.35999126,7.9306009,73.059
1897-10,3.377400541,7.939629875,73.16775
1897-11,3.394809822,7.948658851,73.2765
1897-12,3.412219104,7.957687827,73.38525
1898-01,3.429628385,7.966716803,73.494
1898-02,3.417055015,8.004770025,73.60275
1898-03,3.404481645,8.042823247,73.7115
1898-04,3.391908276,8.080876469,73.82025
1898-05,3.379334906,8.118929691,73.929
1898-06,3.366761536,8.156982913,74.03775
1898-07,3.354188166,8.195036135,74.1465
1898-08,3.341614797,8.233089357,74.25525
1898-09,3.329041427,8.27114258,74.364
1898-10,3.316468057,8.309195802,74.47275
1898-11,3.303894688,8.347249024,74.5815
1898-12,3.291321318,8.385302246,74.69025
1899-01,3.278747948,8.423355468,74.799
1899-02,3.317918831,8.35462158,74.90691667
1899-03,3.357089713,8.285887691,75.01483333
1899-04,3.396260596,8.217153803,75.12275
1899-05,3.435431478,8.148419915,75.23066667
1899-06,3.474602361,8.079686026,75.33858333
1899-07,3.513773244,8.010952138,75.4465
1899-08,3.552944126,7.94221825,75.55441667
1899-09,3.592115009,7.873484362,75.66233333
1899-10,3.631285891,7.804750473,75.77025
1899-11,3.670456774,7.736016585,75.87816667
1899-12,3.709627656,7.667282697,75.98608333
1900-01,3.748798539,7.598548809,76.094
1900-02,3.69850506,7.606193521,76.21816667
1900-03,3.648211581,7.613838233,76.34233333
1900-04,3.597918102,7.621482945,76.4665
1900-05,3.547624624,7.629127657,76.59066667
1900-06,3.497331145,7.636772369,76.71483333
1900-07,3.447037666,7.644417081,76.839
1900-08,3.396744187,7.652061793,76.96316667
1900-09,3.346450708,7.659706505,77.08733333
1900-10,3.296157229,7.667351217,77.2115
1900-11,3.245863751,7.674995929,77.33566667
1900-12,3.195570272,7.682640641,77.45983333
1901-01,3.145276793,7.690285353,77.584
1901-02,3.192185134,7.696677369,77.71558333
1901-03,3.239093475,7.703069385,77.84716667
1901-04,3.286001815,7.709461401,77.97875
1901-05,3.332910156,7.715853417,78.11033333
1901-06,3.379818497,7.722245433,78.24191667
1901-07,3.426726838,7.728637449,78.3735
1901-08,3.473635179,7.735029465,78.50508333
1901-09,3.52054352,7.741421481,78.63666667
1901-10,3.56745186,7.747813498,78.76825
1901-11,3.614360201,7.754205514,78.89983333
1901-12,3.661268542,7.76059753,79.03141667
1902-01,3.708176883,7.766989546,79.163
1902-02,3.713012794,7.731426193,79.28541667
1902-03,3.717848706,7.69586284,79.40783333
1902-04,3.722684617,7.660299488,79.53025
1902-05,3.727520529,7.624736135,79.65266667
1902-06,3.73235644,7.589172782,79.77508333
1902-07,3.737192352,7.55360943,79.8975
1902-08,3.742028263,7.518046077,80.01991667
1902-09,3.746864174,7.482482724,80.14233333
1902-10,3.751700086,7.446919372,80.26475
1902-11,3.756535997,7.411356019,80.38716667
1902-12,3.761371909,7.375792666,80.50958333
1903-01,3.76620782,7.340229314,80.632
1903-02,3.780715554,7.360912951,80.75983333
1903-03,3.795223289,7.381596588,80.88766667
1903-04,3.809731023,7.402280226,81.0155
1903-05,3.824238757,7.422963863,81.14333333
1903-06,3.838746492,7.443647501,81.27116667
1903-07,3.853254226,7.464331138,81.399
1903-08,3.86776196,7.485014775,81.52683333
1903-09,3.882269694,7.505698413,81.65466667
1903-10,3.896777429,7.52638205,81.7825
1903-11,3.911285163,7.547065688,81.91033333
1903-12,3.925792897,7.567749325,82.03816667
1904-01,3.940300632,7.588432962,82.166
1904-02,3.899678976,7.603315445,82.304
1904-03,3.85905732,7.618197927,82.442
1904-04,3.818435664,7.633080409,82.58
1904-05,3.777814008,7.647962892,82.718
1904-06,3.737192352,7.662845374,82.856
1904-07,3.696570696,7.677727857,82.994
1904-08,3.65594904,7.692610339,83.132
1904-09,3.615327384,7.707492821,83.27
1904-10,3.574705728,7.722375304,83.408
1904-11,3.534084072,7.737257786,83.546
1904-12,3.493462416,7.752140268,83.684
1905-01,3.45284076,7.767022751,83.822
1905-02,3.506519376,7.831020691,83.95766667
1905-03,3.560197993,7.895018631,84.09333333
1905-04,3.61387661,7.959016571,84.229
1905-05,3.667555227,8.023014512,84.36466667
1905-06,3.721233844,8.087012452,84.50033333
1905-07,3.774912461,8.151010392,84.636
1905-08,3.828591078,8.215008332,84.77166667
1905-09,3.882269694,8.279006273,84.90733333
1905-10,3.935948311,8.343004213,85.043
1905-11,3.989626928,8.407002153,85.17866667
1905-12,4.043305545,8.471000094,85.31433333
1906-01,4.096984162,8.534998034,85.45
1906-02,4.132286315,8.535029387,85.57983333
1906-03,4.167588469,8.535060739,85.70966667
1906-04,4.202890622,8.535092092,85.8395
1906-05,4.238192776,8.535123445,85.96933333
1906-06,4.273494929,8.535154797,86.09916667
1906-07,4.308797082,8.53518615,86.229
1906-08,4.344099236,8.535217503,86.35883333
1906-09,4.379401389,8.535248856,86.48866667
1906-10,4.414703543,8.535280208,86.6185
1906-11,4.450005696,8.535311561,86.74833333
1906-12,4.48530785,8.535342914,86.87816667
1907-01,4.520610003,8.535374266,87.008
1907-02,4.483857076,8.528242983,87.14983333
1907-03,4.447104149,8.521111699,87.29166667
1907-04,4.410351222,8.513980415,87.4335
1907-05,4.373598296,8.506849131,87.57533333
1907-06,4.336845369,8.499717847,87.71716667
1907-07,4.300092442,8.492586564,87.859
1907-08,4.263339515,8.48545528,88.00083333
1907-09,4.226586588,8.478323996,88.14266667
1907-10,4.189833661,8.471192712,88.2845
1907-11,4.153080734,8.464061429,88.42633333
1907-12,4.116327808,8.456930145,88.56816667
1908-01,4.079574881,8.449798861,88.71
1908-02,4.071837422,8.385161993,88.85833333
1908-03,4.064099964,8.320525125,89.00666667
1908-04,4.056362506,8.255888257,89.155
1908-05,4.048625048,8.191251388,89.30333333
1908-06,4.040887589,8.12661452,89.45166667
1908-07,4.033150131,8.061977652,89.6
1908-08,4.025412673,7.997340784,89.74833333
1908-09,4.017675214,7.932703916,89.89666667
1908-10,4.009937756,7.868067048,90.045
1908-11,4.002200298,7.80343018,90.19333333
1908-12,3.99446284,7.738793311,90.34166667
1909-01,3.986725381,7.674156443,90.49
1909-02,4.013322894,7.644421993,90.64975
1909-03,4.039920407,7.614687542,90.8095
1909-04,4.06651792,7.584953091,90.96925
1909-05,4.093115433,7.555218641,91.129
1909-06,4.119712946,7.52548419,91.28875
1909-07,4.146310458,7.495749739,91.4485
1909-08,4.172907971,7.466015288,91.60825
1909-09,4.199505484,7.436280838,91.768
1909-10,4.226102997,7.406546387,91.92775
1909-11,4.25270051,7.376811936,92.0875
1909-12,4.279298023,7.347077486,92.24725
1910-01,4.305895536,7.317343035,92.407
1910-02,4.297674486,7.340920744,92.52833333
1910-03,4.289453437,7.364498453,92.64966667
1910-04,4.281232387,7.388076162,92.771
1910-05,4.273011338,7.411653871,92.89233333
1910-06,4.264790288,7.435231579,93.01366667
1910-07,4.256569239,7.458809288,93.135
1910-08,4.24834819,7.482386997,93.25633333
1910-09,4.24012714,7.505964706,93.37766667
1910-10,4.231906091,7.529542415,93.499
1910-11,4.223685041,7.553120124,93.62033333
1910-12,4.215463992,7.576697833,93.74166667
1911-01,4.207242942,7.600275542,93.863
1911-02,4.220783494,7.593106378,93.98566667
1911-03,4.234324046,7.585937214,94.10833333
1911-04,4.247864598,7.578768051,94.231
1911-05,4.26140515,7.571598887,94.35366667
1911-06,4.274945702,7.564429723,94.47633333
1911-07,4.288486254,7.55726056,94.599
1911-08,4.302026806,7.550091396,94.72166667
1911-09,4.315567358,7.542922232,94.84433333
1911-10,4.32910791,7.535753069,94.967
1911-11,4.342648462,7.528583905,95.08966667
1911-12,4.356189014,7.521414741,95.21233333
1912-01,4.369729566,7.514245578,95.335
1912-02,4.369729566,7.529412602,95.4925
1912-03,4.369729566,7.544579627,95.65
1912-04,4.369729566,7.559746652,95.8075
1912-05,4.369729566,7.574913676,95.965
1912-06,4.369729566,7.590080701,96.1225
1912-07,4.369729566,7.605247725,96.28
1912-08,4.369729566,7.62041475,96.4375
1912-09,4.369729566,7.635581775,96.595
1912-10,4.369729566,7.650748799,96.7525
1912-11,4.369729566,7.665915824,96.91
1912-12,4.369729566,7.681082849,97.0675
1913-01,4.369729566,7.696249873,97.225
1913-02,4.383270118,7.614284812,97.38216667
1913-03,4.39681067,7.532319751,97.53933333
1913-04,4.410351222,7.45035469,97.6965
1913-05,4.423891774,7.368389629,97.85366667
1913-06,4.437432326,7.286424568,98.01083333
1913-07,4.450972878,7.204459506,98.168
1913-08,4.46451343,7.122494445,98.32516667
1913-09,4.478053982,7.040529384,98.48233333
1913-10,4.491594534,6.958564323,98.6395
1913-11,4.505135086,6.876599262,98.79666667
1913-12,4.518675638,6.794634201,98.95383333
1914-01,4.53221619,6.712669139,99.111
1914-02,4.501266357,6.732022795,99.23058333
1914-03,4.470316524,6.75137645,99.35016667
1914-04,4.439366691,6.770730106,99.46975
1914-05,4.408416858,6.790083761,99.58933333
1914-06,4.377467025,6.809437417,99.70891667
1914-07,4.346517192,6.828791072,99.8285
1914-08,4.315567358,6.848144727,99.94808333
1914-09,4.284617525,6.867498383,100.0676667
1914-10,4.253667692,6.886852038,100.18725
1914-11,4.222717859,6.906205694,100.3068333
1914-12,4.191768026,6.925559349,100.4264167
1915-01,4.160818193,6.944913004,100.546
1915-02,4.19370239,7.164226047,100.6639167
1915-03,4.226586588,7.383539089,100.7818333
1915-04,4.259470786,7.602852131,100.89975
1915-05,4.292354984,7.822165173,101.0176667
1915-06,4.325239181,8.041478216,101.1355833
1915-07,4.358123379,8.260791258,101.2535
1915-08,4.391007577,8.4801043,101.3714167
1915-09,4.423891774,8.699417342,101.4893333
1915-10,4.456775972,8.918730385,101.60725
1915-11,4.48966017,9.138043427,101.7251667
1915-12,4.522544368,9.357356469,101.8430833
1916-01,4.555428565,9.576669511,101.961
1916-02,4.563166024,9.795982554,102.0699167
1916-03,4.570903482,10.0152956,102.1788333
1916-04,4.57864094,10.23460864,102.28775
1916-05,4.586378398,10.45392168,102.3966667
1916-06,4.594115857,10.67323472,102.5055833
1916-07,4.601853315,10.89254776,102.6145
1916-08,4.609590773,11.11186081,102.7234167
1916-09,4.617328232,11.33117385,102.8323333
1916-10,4.62506569,11.55048689,102.94125
1916-11,4.632803148,11.76979993,103.0501667
1916-12,4.640540606,11.98911298,103.1590833
1917-01,4.648278065,12.20842602,103.268
1917-02,4.672941213,12.15968979,103.263
1917-03,4.697604361,12.11095356,103.258
1917-04,4.722267509,12.06221732,103.253
1917-05,4.746930658,12.01348109,103.248
1917-06,4.771593806,11.96474486,103.243
1917-07,4.796256954,11.91600863,103.238
1917-08,4.820920103,11.8672724,103.233
1917-09,4.845583251,11.81853617,103.228
1917-10,4.870246399,11.76979993,103.223
1917-11,4.894909547,11.7210637,103.218
1917-12,4.919572696,11.67232747,103.213
1918-01,4.944235844,11.62359124,103.208
1918-02,4.985341091,11.62359124,103.3168333
1918-03,5.026446338,11.62359124,103.4256667
1918-04,5.067551585,11.62359124,103.5345
1918-05,5.108656833,11.62359124,103.6433333
1918-06,5.14976208,11.62359124,103.7521667
1918-07,5.190867327,11.62359124,103.861
1918-08,5.231972574,11.62359124,103.9698333
1918-09,5.273077821,11.62359124,104.0786667
1918-10,5.314183068,11.62359124,104.1875
1918-11,5.355288315,11.62359124,104.2963333
1918-12,5.396393563,11.62359124,104.4051667
1919-01,5.43749881,11.62359124,104.514
1919-02,5.481022013,11.91600863,104.6829167
1919-03,5.524545215,12.20842602,104.8518333
1919-04,5.568068418,12.50084341,105.02075
1919-05,5.611591621,12.7932608,105.1896667
1919-06,5.655114824,13.08567819,105.3585833
1919-07,5.698638027,13.37809558,105.5275
1919-08,5.74216123,13.67051297,105.6964167
1919-09,5.785684433,13.96293036,105.8653333
1919-10,5.829207635,14.25534775,106.03425
1919-11,5.872730838,14.54776514,106.2031667
1919-12,5.916254041,14.84018253,106.3720833
1920-01,5.959777244,15.13259991,106.541
1920-02,5.948654648,14.88282673,106.7074167
1920-03,5.937532051,14.63305354,106.8738333
1920-04,5.926409455,14.38328035,107.04025
1920-05,5.915286859,14.13350717,107.2066667
1920-06,5.904164263,13.88373398,107.3730833
1920-07,5.893041666,13.63396079,107.5395
1920-08,5.88191907,13.38418761,107.7059167
1920-09,5.870796474,13.13441442,107.8723333
1920-10,5.859673877,12.88464123,108.03875
1920-11,5.848551281,12.63486804,108.2051667
1920-12,5.837428685,12.38509486,108.3715833
1921-01,5.826306089,12.13532167,108.538
1921-02,5.833076365,12.06830935,108.6639167
1921-03,5.839846641,12.00129703,108.7898333
1921-04,5.846616917,11.93428472,108.91575
1921-05,5.853387193,11.8672724,109.0416667
1921-06,5.860157469,11.80026008,109.1675833
1921-07,5.866927745,11.73324776,109.2935
1921-08,5.873698021,11.66623544,109.4194167
1921-09,5.880468297,11.59922312,109.5453333
1921-10,5.887238573,11.5322108,109.67125
1921-11,5.894008849,11.46519849,109.7971667
1921-12,5.900779125,11.39818617,109.9230833
1922-01,5.907549401,11.33117385,110.049
1922-02,5.914803268,11.52002675,110.2071667
1922-03,5.922057135,11.70887964,110.3653333
1922-04,5.929311002,11.89773254,110.5235
1922-05,5.936564869,12.08658544,110.6816667
1922-06,5.943818736,12.27543834,110.8398333
1922-07,5.951072603,12.46429123,110.998
1922-08,5.95832647,12.65314413,111.1561667
1922-09,5.965580338,12.84199703,111.3143333
1922-10,5.972834205,13.03084993,111.4725
1922-11,5.980088072,13.21970282,111.6306667
1922-12,5.987341939,13.40855572,111.7888333
1923-01,5.994595806,13.59740862,111.947
1923-02,5.995562988,13.59740862,112.1271667
1923-03,5.996530171,13.59740862,112.3073333
1923-04,5.997497353,13.59740862,112.4875
1923-05,5.998464535,13.59740862,112.6676667
1923-06,5.999431718,13.59740862,112.8478333
1923-07,6.0003989,13.59740862,113.028
1923-08,6.001366082,13.59740862,113.2081667
1923-09,6.002333264,13.59740862,113.3883333
1923-10,6.003300447,13.59740862,113.5685
1923-11,6.004267629,13.59740862,113.7486667
1923-12,6.005234811,13.59740862,113.9288333
1924-01,6.006201994,13.59740862,114.109
1924-02,6.032315915,13.57913253,114.2523333
1924-03,6.058429837,13.56085645,114.3956667
1924-04,6.084543759,13.54258036,114.539
1924-05,6.11065768,13.52430427,114.6823333
1924-06,6.136771602,13.50602818,114.8256667
1924-07,6.162885524,13.4877521,114.969
1924-08,6.188999446,13.46947601,115.1123333
1924-09,6.215113367,13.45119992,115.2556667
1924-10,6.241227289,13.43292384,115.399
1924-11,6.267341211,13.41464775,115.5423333
1924-12,6.293455132,13.39637166,115.6856667
1925-01,6.319569054,13.37809558,115.829
1925-02,6.298291044,13.39027963,115.9596667
1925-03,6.277013034,13.40246369,116.0903333
1925-04,6.255735023,13.41464775,116.221
1925-05,6.234457013,13.42683181,116.3516667
1925-06,6.213179003,13.43901587,116.4823333
1925-07,6.191900992,13.45119992,116.613
1925-08,6.170622982,13.46338398,116.7436667
1925-09,6.149344972,13.47556804,116.8743333
1925-10,6.128066962,13.4877521,117.005
1925-11,6.106788951,13.49993616,117.1356667
1925-12,6.085510941,13.51212021,117.2663333
1926-01,6.064232931,13.52430427,117.397
1926-02,6.045372876,13.5303963,117.5335
1926-03,6.026512822,13.53648833,117.67
1926-04,6.007652767,13.54258036,117.8065
1926-05,5.988792712,13.54867239,117.943
1926-06,5.969932658,13.55476442,118.0795
1926-07,5.951072603,13.56085645,118.216
1926-08,5.932212549,13.56694847,118.3525
1926-09,5.913352494,13.5730405,118.489
1926-10,5.89449244,13.57913253,118.6255
1926-11,5.875632385,13.58522456,118.762
1926-12,5.856772331,13.59131659,118.8985
1927-01,5.837912276,13.59740862,119.035
1927-02,5.845166143,13.60959268,119.1578333
1927-03,5.85242001,13.62177674,119.2806667
1927-04,5.859673877,13.63396079,119.4035
1927-05,5.866927745,13.64614485,119.5263333
1927-06,5.874181612,13.65832891,119.6491667
1927-07,5.881435479,13.67051297,119.772
1927-08,5.888689346,13.68269702,119.8948333
1927-09,5.895943213,13.69488108,120.0176667
1927-10,5.90319708,13.70706514,120.1405
1927-11,5.910450947,13.7192492,120.2633333
1927-12,5.917704815,13.73143326,120.3861667
1928-01,5.924958682,13.74361731,120.509
1928-02,5.914803268,13.7618934,120.6230833
1928-03,5.904647854,13.78016949,120.7371667
1928-04,5.89449244,13.79844557,120.85125
1928-05,5.884337026,13.81672166,120.9653333
1928-06,5.874181612,13.83499775,121.0794167
1928-07,5.864026198,13.85327384,121.1935
1928-08,5.853870784,13.87154992,121.3075833
1928-09,5.84371537,13.88982601,121.4216667
1928-10,5.833559956,13.9081021,121.53575
1928-11,5.823404542,13.92637818,121.6498333
1928-12,5.813249128,13.94465427,121.7639167
1929-01,5.803093714,13.96293036,121.878
1929-02,5.782299295,13.92637818,121.9871667
1929-03,5.761504875,13.88982601,122.0963333
1929-04,5.740710456,13.85327384,122.2055
1929-05,5.719916037,13.81672166,122.3146667
1929-06,5.699121618,13.78016949,122.4238333
1929-07,5.678327199,13.74361731,122.533
1929-08,5.65753278,13.70706514,122.6421667
1929-09,5.636738361,13.67051297,122.7513333
1929-10,5.615943941,13.63396079,122.8605
1929-11,5.595149522,13.59740862,122.9696667
1929-12,5.574355103,13.56085645,123.0788333
1930-01,5.553560684,13.52430427,123.188
1930-02,5.515840575,13.42073978,123.2680833
1930-03,5.478120466,13.31717529,123.3481667
1930-04,5.440400357,13.2136108,123.42825
1930-05,5.402680247,13.1100463,123.5083333
1930-06,5.364960138,13.00648181,123.5884167
1930-07,5.327240029,12.90291732,123.6685
1930-08,5.28951992,12.79935283,123.7485833
1930-09,5.251799811,12.69578833,123.8286667
1930-10,5.214079702,12.59222384,123.90875
1930-11,5.176359593,12.48865935,123.9888333
1930-12,5.138639483,12.38509486,124.0689167
1931-01,5.100919374,12.28153037,124.149
1931-02,5.056428989,12.05612529,124.2156667
1931-03,5.011938604,11.83072022,124.2823333
1931-04,4.967448219,11.60531515,124.349
1931-05,4.922957834,11.37991008,124.4156667
1931-06,4.878467449,11.15450501,124.4823333
1931-07,4.833977063,10.92909994,124.549
1931-08,4.789486678,10.70369487,124.6156667
1931-09,4.744996293,10.4782898,124.6823333
1931-10,4.700505908,10.25288472,124.749
1931-11,4.656015523,10.02747965,124.8156667
1931-12,4.611525138,9.802074583,124.8823333
1932-01,4.567034753,9.576669511,124.949
1932-02,4.552527018,9.680234004,125.01075
1932-03,4.538019284,9.783798496,125.0725
1932-04,4.52351155,9.887362988,125.13425
1932-05,4.509003816,9.99092748,125.196
1932-06,4.494496081,10.09449197,125.25775
1932-07,4.479988347,10.19805646,125.3195
1932-08,4.465480613,10.30162096,125.38125
1932-09,4.450972878,10.40518545,125.443
1932-10,4.436465144,10.50874994,125.50475
1932-11,4.42195741,10.61231443,125.5665
1932-12,4.407449676,10.71587893,125.62825
1933-01,4.392941941,10.81944342,125.69
1933-02,4.403580946,10.93519197,125.75625
1933-03,4.414219952,11.05094052,125.8225
1933-04,4.424858957,11.16668907,125.88875
1933-05,4.435497962,11.28243762,125.955
1933-06,4.446136967,11.39818617,126.02125
1933-07,4.456775972,11.51393472,126.0875
1933-08,4.467414977,11.62968327,126.15375
1933-09,4.478053982,11.74543182,126.22
1933-10,4.488692988,11.86118037,126.28625
1933-11,4.499331993,11.97692892,126.3525
1933-12,4.509970998,12.09267747,126.41875
1934-01,4.520610003,12.20842602,126.485
1934-02,4.557399608,12.20233399,126.5580833
1934-03,4.594189212,12.19624196,126.6311667
1934-04,4.630978817,12.19014993,126.70425
1934-05,4.667768422,12.1840579,126.7773333
1934-06,4.704558026,12.17796587,126.8504167
1934-07,4.741347631,12.17187384,126.9235
1934-08,4.778137236,12.16578182,126.9965833
1934-09,4.81492684,12.15968979,127.0696667
1934-10,4.851716445,12.15359776,127.14275
1934-11,4.88850605,12.14750573,127.2158333
1934-12,4.925295655,12.1414137,127.2889167
1935-01,4.962085259,12.13532167,127.362
1935-02,4.975394405,12.17187384,127.43025
1935-03,4.988703551,12.20842602,127.4985
1935-04,5.002012696,12.24497819,127.56675
1935-05,5.015321842,12.28153037,127.635
1935-06,5.028630988,12.31808254,127.70325
1935-07,5.041940133,12.35463471,127.7715
1935-08,5.055249279,12.39118689,127.83975
1935-09,5.068558425,12.42773906,127.908
1935-10,5.08186757,12.46429123,127.97625
1935-11,5.095176716,12.50084341,128.0445
1935-12,5.108485862,12.53739558,128.11275
1936-01,5.121795008,12.57394776,128.181
1936-02,5.132735978,12.72015645,128.246
1936-03,5.143676948,12.86636515,128.311
1936-04,5.154617918,13.01257384,128.376
1936-05,5.165558889,13.15878253,128.441
1936-06,5.176499859,13.30499123,128.506
1936-07,5.187440829,13.45119992,128.571
1936-08,5.1983818,13.59740862,128.636
1936-09,5.20932277,13.74361731,128.701
1936-10,5.22026374,13.88982601,128.766
1936-11,5.231204711,14.0360347,128.831
1936-12,5.242145681,14.1822434,128.896
1937-01,5.253086651,14.32845209,128.961
1937-02,5.249262048,14.33454412,129.045
1937-03,5.245437445,14.34063615,129.129
1937-04,5.241612841,14.34672818,129.213
1937-05,5.237788238,14.35282021,129.297
1937-06,5.233963635,14.35891224,129.381
1937-07,5.230139032,14.36500427,129.465
1937-08,5.226314428,14.3710963,129.549
1937-09,5.222489825,14.37718832,129.633
1937-10,5.218665222,14.38328035,129.717
1937-11,5.214840619,14.38937238,129.801
1937-12,5.211016015,14.39546441,129.885
1938-01,5.207191412,14.40155644,129.969
1938-02,5.201543314,14.40155644,130.05725
1938-03,5.195895216,14.40155644,130.1455
1938-04,5.190247117,14.40155644,130.23375
1938-05,5.184599019,14.40155644,130.322
1938-06,5.178950921,14.40155644,130.41025
1938-07,5.173302822,14.40155644,130.4985
1938-08,5.167654724,14.40155644,130.58675
1938-09,5.162006626,14.40155644,130.675
1938-10,5.156358527,14.40155644,130.76325
1938-11,5.150710429,14.40155644,130.8515
1938-12,5.145062331,14.40155644,130.93975
1939-01,5.139414232,14.40155644,131.028
1939-02,5.153575921,14.43810861,131.1191667
1939-03,5.16773761,14.47466079,131.2103333
1939-04,5.181899299,14.51121296,131.3015
1939-05,5.196060988,14.54776514,131.3926667
1939-06,5.210222677,14.58431731,131.4838333
1939-07,5.224384365,14.62086948,131.575
1939-08,5.238546054,14.65742166,131.6661667
1939-09,5.252707743,14.69397383,131.7573333
1939-10,5.266869432,14.730526,131.8485
1939-11,5.281031121,14.76707818,131.9396667
1939-12,5.29519281,14.80363035,132.0308333
1940-01,5.309354499,14.84018253,132.122
1940-02,5.272257031,14.88891876,132.2286667
1940-03,5.235159564,14.93765499,132.3353333
1940-04,5.198062096,14.98639122,132.442
1940-05,5.160964629,15.03512745,132.5486667
1940-06,5.123867161,15.08386368,132.6553333
1940-07,5.086769694,15.13259991,132.762
1940-08,5.049672226,15.18133615,132.8686667
1940-09,5.012574759,15.23007238,132.9753333
1940-10,4.975477291,15.27880861,133.082
1940-11,4.938379824,15.32754484,133.1886667
1940-12,4.901282356,15.37628107,133.2953333
1941-01,4.864184889,15.4250173,133.402
1941-02,4.877695329,15.49202962,133.5235
1941-03,4.89120577,15.55904194,133.645
1941-04,4.90471621,15.62605426,133.7665
1941-05,4.918226651,15.69306658,133.888
1941-06,4.931737092,15.7600789,134.0095
1941-07,4.945247532,15.82709122,134.131
1941-08,4.958757973,15.89410353,134.2525
1941-09,4.972268413,15.96111585,134.374
1941-10,4.985778854,16.02812817,134.4955
1941-11,4.999289295,16.09514049,134.617
1941-12,5.012799735,16.16215281,134.7385
1942-01,5.026310176,16.22916513,134.86
1942-02,5.074253887,16.27180933,135.0165833
1942-03,5.122197597,16.31445353,135.1731667
1942-04,5.170141308,16.35709773,135.32975
1942-05,5.218085019,16.39974194,135.4863333
1942-06,5.26602873,16.44238614,135.6429167
1942-07,5.313972441,16.48503034,135.7995
1942-08,5.361916151,16.52767454,135.9560833
1942-09,5.409859862,16.57031875,136.1126667
1942-10,5.457803573,16.61296295,136.26925
1942-11,5.505747284,16.65560715,136.4258333
1942-12,5.553690994,16.69825136,136.5824167
1943-01,5.601634705,16.74089556,136.739
1943-02,5.679050359,16.77744773,136.8771667
1943-03,5.756466012,16.81399991,137.0153333
1943-04,5.833881666,16.85055208,137.1535
1943-05,5.911297319,16.88710425,137.2916667
1943-06,5.988712973,16.92365643,137.4298333
1943-07,6.066128626,16.9602086,137.568
1943-08,6.14354428,16.99676077,137.7061667
1943-09,6.220959933,17.03331295,137.8443333
1943-10,6.298375587,17.06986512,137.9825
1943-11,6.37579124,17.1064173,138.1206667
1943-12,6.453206894,17.14296947,138.2588333
1944-01,6.530622547,17.17952164,138.397
1944-02,6.594717214,17.20388976,138.5245833
1944-03,6.658811881,17.22825787,138.6521667
1944-04,6.722906548,17.25262599,138.77975
1944-05,6.787001215,17.27699411,138.9073333
1944-06,6.851095882,17.30136222,139.0349167
1944-07,6.915190549,17.32573034,139.1625
1944-08,6.979285216,17.35009845,139.2900833
1944-09,7.043379883,17.37446657,139.4176667
1944-10,7.10747455,17.39883468,139.54525
1944-11,7.171569217,17.4232028,139.6728333
1944-12,7.235663884,17.44757092,139.8004167
1945-01,7.299758551,17.47193903,139.928
1945-02,7.446372289,17.6120557,140.04975
1945-03,7.592986028,17.75217236,140.1715
1945-04,7.739599766,17.89228903,140.29325
1945-05,7.886213504,18.0324057,140.415
1945-06,8.032827243,18.17252236,140.53675
1945-07,8.179440981,18.31263903,140.6585
1945-08,8.32605472,18.45275569,140.78025
1945-09,8.472668458,18.59287236,140.902
1945-10,8.619282197,18.73298903,141.02375
1945-11,8.765895935,18.87310569,141.1455
1945-12,8.912509673,19.01322236,141.26725
1946-01,9.059123412,19.15333902,141.389
1946-02,9.219650181,19.4640325,141.6170833
1946-03,9.38017695,19.77472598,141.8451667
1946-04,9.540703718,20.08541945,142.07325
1946-05,9.701230487,20.39611293,142.3013333
1946-06,9.861757256,20.70680641,142.5294167
1946-07,10.02228402,21.01749988,142.7575
1946-08,10.18281079,21.32819336,142.9855833
1946-09,10.34333756,21.63888683,143.2136667
1946-10,10.50386433,21.94958031,143.44175
1946-11,10.6643911,22.26027379,143.6698333
1946-12,10.82491787,22.57096726,143.8979167
1947-01,10.98544464,22.88166074,144.126
1947-02,11.00428939,23.05223755,144.33475
1947-03,11.02313415,23.22281436,144.5435
1947-04,11.0419789,23.39339117,144.75225
1947-05,11.06082366,23.56396798,144.961
1947-06,11.07966842,23.73454479,145.16975
1947-07,11.09851317,23.9051216,145.3785
1947-08,11.11735793,24.07569842,145.58725
1947-09,11.13620268,24.24627523,145.796
1947-10,11.15504744,24.41685204,146.00475
1947-11,11.17389219,24.58742885,146.2135
1947-12,11.19273695,24.75800566,146.42225
1948-01,11.21158171,24.92858247,146.631
1948-02,11.21241649,24.99559479,146.8440833
1948-03,11.21325127,25.06260711,147.0571667
1948-04,11.21408605,25.12961942,147.27025
1948-05,11.21492083,25.19663174,147.4833333
1948-06,11.21575562,25.26364406,147.6964167
1948-07,11.2165904,25.33065638,147.9095
1948-08,11.21742518,25.3976687,148.1225833
1948-09,11.21825996,25.46468102,148.3356667
1948-10,11.21909474,25.53169333,148.54875
1948-11,11.21992952,25.59870565,148.7618333
1948-12,11.22076431,25.66571797,148.9749167
1949-01,11.22159909,25.73273029,149.188
1949-02,11.25564161,25.87284696,149.396
1949-03,11.28968413,26.01296362,149.604
1949-04,11.32372665,26.15308029,149.812
1949-05,11.35776917,26.29319695,150.02
1949-06,11.39181169,26.43331362,150.228
1949-07,11.42585422,26.57343029,150.436
1949-08,11.45989674,26.71354695,150.644
1949-09,11.49393926,26.85366362,150.852
1949-10,11.52798178,26.99378028,151.06
1949-11,11.5620243,27.13389695,151.268
1949-12,11.59606682,27.27401361,151.476
1950-01,11.63010934,27.41413028,151.684
1950-02,11.68872168,27.57252303,151.9009167
1950-03,11.74733402,27.73091579,152.1178333
1950-04,11.80594637,27.88930854,152.33475
1950-05,11.86455871,28.04770129,152.5516667
1950-06,11.92317105,28.20609404,152.7685833
1950-07,11.98178339,28.3644868,152.9855
1950-08,12.04039573,28.52287955,153.2024167
1950-09,12.09900807,28.6812723,153.4193333
1950-10,12.15762041,28.83966506,153.63625
1950-11,12.21623275,28.99805781,153.8531667
1950-12,12.27484509,29.15645056,154.0700833
1951-01,12.33345743,29.31484331,154.287
1951-02,12.37874879,29.40622375,154.50925
1951-03,12.42404014,29.49760418,154.7315
1951-04,12.4693315,29.58898462,154.95375
1951-05,12.51462285,29.68036505,155.176
1951-06,12.55991421,29.77174548,155.39825
1951-07,12.60520556,29.86312592,155.6205
1951-08,12.65049691,29.95450635,155.84275
1951-09,12.69578827,30.04588679,156.065
1951-10,12.74107962,30.13726722,156.28725
1951-11,12.78637098,30.22864766,156.5095
1951-12,12.83166233,30.32002809,156.73175
1952-01,12.87695369,30.41140852,156.954
1952-02,12.99225423,30.50278896,157.1715833
1952-03,13.10755476,30.59416939,157.3891667
1952-04,13.2228553,30.68554983,157.60675
1952-05,13.33815584,30.77693026,157.8243333
1952-06,13.45345638,30.8683107,158.0419167
1952-07,13.56875692,30.95969113,158.2595
1952-08,13.68405746,31.05107156,158.4770833
1952-09,13.799358,31.142452,158.6946667
1952-10,13.91465854,31.23383243,158.91225
1952-11,14.02995908,31.32521287,159.1298333
1952-12,14.14525962,31.4165933,159.3474167
1953-01,14.26056016,31.50797374,159.565
1953-02,14.26056016,31.55895202,159.8005
1953-03,14.26056016,31.60993029,160.036
1953-04,14.29368573,31.66090857,160.2715
1953-05,14.31024852,31.71188685,160.507
1953-06,14.31024852,31.76286513,160.7425
1953-07,14.34337410,31.81384341,160.978
1953-08,14.35993688,31.86482169,161.2135
1953-09,14.37649967,31.91579997,161.449
1953-10,14.37649967,31.96677825,161.6845
1953-11,14.35993688,32.01775653,161.92
1953-12,14.35993688,32.06873481,162.1555
1954-01,14.35993688,32.11971309,162.391
1954-02,14.37649967,32.28953093,162.6313333
1954-03,14.37649967,32.45934877,162.8716667
1954-04,14.35993688,32.62916661,163.112
1954-05,14.35993688,32.79898445,163.3523333
1954-06,14.37649967,32.96880229,163.5926667
1954-07,14.42618803,33.13862014,163.833
1954-08,14.45931361,33.30843798,164.0733333
1954-09,14.49243918,33.47825582,164.3136667
1954-10,14.47587640,33.64807366,164.554
1954-11,14.47587640,33.8178915,164.7943333
1954-12,14.49243918,33.98770934,165.0346667
1955-01,14.50900197,34.15752718,165.275
1955-02,14.45931361,34.27993051,165.5205
1955-03,14.42618803,34.40233384,165.766
1955-04,14.34337410,34.52473718,166.0115
1955-05,14.34337410,34.64714051,166.257
1955-06,14.40962525,34.76954384,166.5025
1955-07,14.45931361,34.89194717,166.748
1955-08,14.54212755,35.0143505,166.9935
1955-09,14.57525312,35.13675383,167.239
1955-10,14.55869034,35.25915716,167.4845
1955-11,14.52556476,35.3815605,167.73
1955-12,14.49243918,35.50396383,167.9755
1956-01,14.45931361,35.62636716,168.221
1956-02,14.40962525,35.65723153,168.4754167
1956-03,14.35993688,35.6880959,168.7298333
1956-04,14.29368573,35.71896027,168.98425
1956-05,14.31024852,35.74982464,169.2386667
1956-06,14.45931361,35.780689,169.4930833
1956-07,14.57525312,35.81155337,169.7475
1956-08,14.67462985,35.84241774,170.0019167
1956-09,14.65806706,35.87328211,170.2563333
1956-10,14.64150427,35.90414648,170.51075
1956-11,14.60837870,35.93501085,170.7651667
1956-12,14.62494149,35.96587522,171.0195833
1957-01,14.67462985,35.99673959,171.274
1957-02,14.80713215,35.99403392,171.5129167
1957-03,14.80713215,35.99132826,171.7518333
1957-04,14.90650888,35.9886226,171.99075
1957-05,14.95619724,35.98591693,172.2296667
1957-06,14.90650888,35.98321127,172.4685833
1957-07,14.90650888,35.9805056,172.7075
1957-08,14.90650888,35.97779994,172.9464167
1957-09,14.95619724,35.97509427,173.1853333
1957-10,15.03901118,35.97238861,173.42425
1957-11,15.03901118,35.96968294,173.6631667
1957-12,15.02244839,35.96697728,173.9020833
1958-01,15.03901118,35.96427161,174.141
1958-02,15.03901118,36.0524205,174.3900833
1958-03,15.17151348,36.14056938,174.6391667
1958-04,15.20463905,36.22871826,174.88825
1958-05,15.23776463,36.31686714,175.1373333
1958-06,15.15495069,36.40501603,175.3864167
1958-07,15.15495069,36.49316491,175.6355
1958-08,15.13838790,36.58131379,175.8845833
1958-09,15.08869954,36.66946267,176.1336667
1958-10,15.07213675,36.75761156,176.38275
1958-11,15.10526233,36.84576044,176.6318333
1958-12,15.12182512,36.93390932,176.8809167
1959-01,15.08869954,37.0220582,177.13
1959-02,15.07213675,37.06338664,177.4325
1959-03,15.07213675,37.10471507,177.735
1959-04,15.07213675,37.1460435,178.0375
1959-05,15.13838790,37.18737194,178.34
1959-06,15.13838790,37.22870037,178.6425
1959-07,15.08869954,37.2700288,178.945
1959-08,15.07213675,37.31135724,179.2475
1959-09,15.10526233,37.35268567,179.55
1959-10,15.18807627,37.3940141,179.8525
1959-11,15.20463905,37.43534254,180.155
1959-12,15.13838790,37.47667097,180.4575
1960-01,15.18807627,37.5179994,180.76
1960-02,15.18807627,37.51503397,181.0085
1960-03,15.18807627,37.51206855,181.257
1960-04,15.18807627,37.50910312,181.5055
1960-05,15.15495069,37.50613769,181.754
1960-06,15.12182512,37.50317226,182.0025
1960-07,15.12182512,37.50020683,182.251
1960-08,15.18807627,37.4972414,182.4995
1960-09,15.25432742,37.49427598,182.748
1960-10,15.30401578,37.49131055,182.9965
1960-11,15.25432742,37.48834512,183.245
1960-12,15.25432742,37.48537969,183.4935
1961-01,15.25432742,37.48241426,183.742
1961-02,15.22120184,37.53891885,183.9793333
1961-03,15.25432742,37.59542344,184.2166667
1961-04,15.18807627,37.65192803,184.454
1961-05,15.23776463,37.70843263,184.6913333
1961-06,15.22120184,37.76493722,184.9286667
1961-07,15.27089020,37.82144181,185.166
1961-08,15.28745299,37.8779464,185.4033333
1961-09,15.28745299,37.93445099,185.6406667
1961-10,15.28745299,37.99095558,185.878
1961-11,15.37026693,38.04746017,186.1153333
1961-12,15.40339250,38.10396476,186.3526667
1962-01,15.41995529,38.16046935,186.59
1962-02,15.38682972,38.1824728,186.8158333
1962-03,15.38682972,38.20447624,187.0416667
1962-04,15.38682972,38.22647969,187.2675
1962-05,15.46964366,38.24848314,187.4933333
1962-06,15.48620644,38.27048658,187.7191667
1962-07,15.48620644,38.29249003,187.945
1962-08,15.48620644,38.31449348,188.1708333
1962-09,15.46964366,38.33649692,188.3966667
1962-10,15.43651808,38.35850037,188.6225
1962-11,15.45308087,38.38050382,188.8483333
1962-12,15.45308087,38.40250726,189.0741667
1963-01,15.46964366,38.42451071,189.3
1963-02,15.46964366,38.46815923,189.5189167
1963-03,15.55245759,38.51180774,189.7378333
1963-04,15.61870874,38.55545626,189.95675
1963-05,15.58558317,38.59910477,190.1756667
1963-06,15.58558317,38.64275329,190.3945833
1963-07,15.61870874,38.68640181,190.6135
1963-08,15.61870874,38.73005032,190.8324167
1963-09,15.61870874,38.77369884,191.0513333
1963-10,15.61870874,38.81734735,191.27025
1963-11,15.71808547,38.86099587,191.4891667
1963-12,15.78433662,38.90464438,191.7080833
1964-01,15.78433662,38.9482929,191.927
1964-02,15.83402498,38.99587067,192.1286667
1964-03,15.83402498,39.04344844,192.3303333
1964-04,15.78433662,39.0910262,192.532
1964-05,15.71808547,39.13860397,192.7336667
1964-06,15.76777383,39.18618174,192.9353333
1964-07,15.80089941,39.23375951,193.137
1964-08,15.85058777,39.28133728,193.3386667
1964-09,15.90027613,39.32891504,193.5403333
1964-10,15.93340171,39.37649281,193.742
1964-11,15.98309007,39.42407058,193.9436667
1964-12,15.98309007,39.47164835,194.1453333
1965-01,16.08246680,39.51922612,194.347
1965-02,16.08246680,39.57561533,194.5346667
1965-03,16.03277844,39.63200454,194.7223333
1965-04,15.99965286,39.68839376,194.91
1965-05,15.98309007,39.74478297,195.0976667
1965-06,15.98309007,39.80117219,195.2853333
1965-07,16.01621565,39.8575614,195.473
1965-08,16.01621565,39.91395061,195.6606667
1965-09,16.01621565,39.97033983,195.8483333
1965-10,16.11559237,40.02672904,196.036
1965-11,16.19840631,40.08311826,196.2236667
1965-12,16.24809467,40.13950747,196.4113333
1966-01,16.29778304,40.19589668,196.599
1966-02,16.26465746,40.21340857,196.7784167
1966-03,16.26465746,40.23092046,196.9578333
1966-04,16.28122025,40.24843235,197.13725
1966-05,16.31434583,40.26594424,197.3166667
1966-06,16.34747140,40.28345613,197.4960833
1966-07,16.36403419,40.30096802,197.6755
1966-08,16.31434583,40.31847992,197.8549167
1966-09,16.31434583,40.33599181,198.0343333
1966-10,16.38059698,40.3535037,198.21375
1966-11,16.38059698,40.37101559,198.3931667
1966-12,16.44684813,40.38852748,198.5725833
1967-01,16.44684813,40.40603937,198.752
1967-02,16.44684813,40.49092388,198.9180833
1967-03,16.33090861,40.57580839,199.0841667
1967-04,16.39715976,40.6606929,199.25025
1967-05,16.49653649,40.74557741,199.4163333
1967-06,16.52966206,40.83046192,199.5824167
1967-07,16.52966206,40.91534643,199.7485
1967-08,16.62903879,41.00023094,199.9145833
1967-09,16.62903879,41.08511545,200.0806667
1967-10,16.69528994,41.16999996,200.24675
1967-11,16.74497830,41.25488447,200.4128333
1967-12,16.82779224,41.33976899,200.5789167
1968-01,16.81122945,41.4246535,200.745
1968-02,16.89404339,41.60916385,200.9109167
1968-03,16.86091782,41.7936742,201.0768333
1968-04,16.86091782,41.97818455,201.24275
1968-05,16.81122945,42.16269491,201.4086667
1968-06,16.94373176,42.34720526,201.5745833
1968-07,17.00998291,42.53171561,201.7405
1968-08,17.05967127,42.71622596,201.9064167
1968-09,17.05967127,42.90073631,202.0723333
1968-10,17.17561078,43.08524667,202.23825
1968-11,17.37436423,43.26975702,202.4041667
1968-12,17.52342932,43.45426737,202.5700833
1969-01,17.60624326,43.63877772,202.736
1969-02,17.68905720,43.62655111,202.9320833
1969-03,17.83812229,43.6143245,203.1281667
1969-04,17.85468508,43.60209788,203.32425
1969-05,17.93749901,43.58987127,203.5203333
1969-06,17.98718738,43.57764466,203.7164167
1969-07,18.15281525,43.56541805,203.9125
1969-08,18.26875477,43.55319143,204.1085833
1969-09,18.40125707,43.54096482,204.3046667
1969-10,18.55032216,43.52873821,204.50075
1969-11,18.63313609,43.5165116,204.6968333
1969-12,18.74907561,43.50428498,204.8929167
1970-01,18.93126627,43.49205837,205.089
1970-02,19.06376857,43.77108823,205.3059167
1970-03,19.16314530,44.05011809,205.5228333
1970-04,19.24595924,44.32914795,205.73975
1970-05,19.39502433,44.60817781,205.9566667
1970-06,19.52752663,44.88720767,206.1735833
1970-07,19.57721499,45.16623753,206.3905
1970-08,19.75940565,45.44526739,206.6074167
1970-09,19.95815911,45.72429725,206.8243333
1970-10,20.05753583,46.00332711,207.04125
1970-11,20.17347535,46.28235697,207.2581667
1970-12,20.28941486,46.56138683,207.4750833
1971-01,20.33910322,46.84041669,207.692
1971-02,20.28941486,47.11567653,207.878
1971-03,20.28941486,47.39093637,208.064
1971-04,20.35566601,47.66619621,208.25
1971-05,20.50473110,47.94145605,208.436
1971-06,20.72004734,48.21671589,208.622
1971-07,20.75317291,48.49197573,208.808
1971-08,20.81942406,48.76723557,208.994
1971-09,20.86911243,49.04249541,209.18
1971-10,20.93536358,49.31775525,209.366
1971-11,21.10099145,49.59301509,209.552
1971-12,21.15067982,49.86827493,209.738
1972-01,21.21693097,50.14353477,209.924
1972-02,21.26661933,50.32634198,210.0919167
1972-03,21.25005654,50.50914919,210.2598333
1972-04,21.28318212,50.69195641,210.42775
1972-05,21.34943327,50.87476362,210.5956667
1972-06,21.48193557,51.05757084,210.7635833
1972-07,21.69725181,51.24037805,210.9315
1972-08,21.78006575,51.42318527,211.0994167
1972-09,21.76350296,51.60599248,211.2673333
1972-10,21.74694017,51.7887997,211.43525
1972-11,21.76350296,51.97160691,211.6031667
1972-12,21.78006575,52.15441413,211.7710833
1973-01,21.73037738,52.33722134,211.939
1973-02,21.73037738,52.19758844,212.10225
1973-03,21.74694017,52.05795554,212.2655
1973-04,21.74694017,51.91832263,212.42875
1973-05,21.79662853,51.77868973,212.592
1973-06,21.84631690,51.63905683,212.75525
1973-07,21.82975411,51.49942393,212.9185
1973-08,22.02850756,51.35979102,213.08175
1973-09,22.11132150,51.22015812,213.245
1973-10,22.27694938,51.08052522,213.40825
1973-11,22.37632610,50.94089232,213.5715
1973-12,22.52539119,50.80125941,213.73475
1974-01,22.70758185,50.66162651,213.898
1974-02,22.88977252,50.53245169,214.0715833
1974-03,23.13821433,50.40327687,214.2451667
1974-04,23.22102827,50.27410205,214.41875
1974-05,23.33696778,50.14492723,214.5923333
1974-06,23.46947009,50.01575241,214.7659167
1974-07,23.58540960,49.88657758,214.9395
1974-08,23.80072584,49.75740276,215.1130833
1974-09,24.03260487,49.62822794,215.2866667
1974-10,24.23135832,49.49905312,215.46025
1974-11,24.41354898,49.3698783,215.6338333
1974-12,24.79449310,49.24070348,215.8074167
1975-01,25.27,49.11152866,215.981
1975-02,25.31,49.1877227,216.1564167
1975-03,25.37,49.26391674,216.3318333
1975-04,25.41,49.34011078,216.50725
1975-05,25.48,49.41630483,216.6826667
1975-06,25.47,49.49249887,216.8580833
1975-07,25.61,49.56869291,217.0335
1975-08,25.77,49.64488695,217.2089167
1975-09,26.02,49.72108099,217.3843333
1975-10,26.21,49.79727504,217.55975
1975-11,26.39,49.87346908,217.7351667
1975-12,26.47,49.94966312,217.9105833
1976-01,26.60,50.02585716,218.086
1976-02,26.66,50.15285338,218.2695833
1976-03,26.89,50.27984959,218.4531667
1976-04,27.15,50.40684581,218.63675
1976-05,27.45,50.53384203,218.8203333
1976-06,27.53,50.66083824,219.0039167
1976-07,27.76,50.78783446,219.1875
1976-08,27.95,50.91483067,219.3710833
1976-09,28.15,51.04182689,219.5546667
1976-10,28.24,51.1688231,219.73825
1976-11,28.40,51.29581932,219.9218333
1976-12,28.64,51.42281553,220.1054167
1977-01,28.88,51.54981175,220.289
1977-02,29.22,51.61060383,220.484
1977-03,29.64,51.6713959,220.679
1977-04,30.16,51.73218798,220.874
1977-05,30.53,51.79298005,221.069
1977-06,30.76,51.85377213,221.264
1977-07,31.08,51.9145642,221.459
1977-08,31.39,51.97535628,221.654
1977-09,31.81,52.03614836,221.849
1977-10,32.21,52.09694043,222.044
1977-11,32.54,52.15773251,222.239
1977-12,32.84,52.21852458,222.434
1978-01,33.17,52.27931666,222.629
1978-02,33.54,52.25467469,222.8354167
1978-03,34.00,52.23003273,223.0418333
1978-04,34.45,52.20539076,223.24825
1978-05,34.92,52.18074879,223.4546667
1978-06,35.45,52.15610683,223.6610833
1978-07,35.95,52.13146486,223.8675
1978-08,36.42,52.10682289,224.0739167
1978-09,36.81,52.08218093,224.2803333
1978-10,37.16,52.05753896,224.48675
1978-11,37.56,52.032897,224.6931667
1978-12,38.00,52.00825503,224.8995833
1979-01,38.50,51.98361306,225.106
1979-02,38.98,51.7097118,225.3243333
1979-03,39.50,51.43581053,225.5426667
1979-04,40.02,51.16190926,225.761
1979-05,40.54,50.888008,225.9793333
1979-06,41.05,50.61410673,226.1976667
1979-07,41.51,50.34020546,226.416
1979-08,41.93,50.06630419,226.6343333
1979-09,42.28,49.79240293,226.8526667
1979-10,42.66,49.51850166,227.071
1979-11,42.96,49.24460039,227.2893333
1979-12,43.22,48.97069913,227.5076667
1980-01,43.44,48.69679786,227.726
1980-02,43.70,48.55933013,227.9161667
1980-03,44.07,48.4218624,228.1063333
1980-04,44.48,48.28439466,228.2965
1980-05,44.80,48.14692693,228.4866667
1980-06,45.07,48.0094592,228.6768333
1980-07,45.38,47.87199147,228.867
1980-08,45.65,47.73452373,229.0571667
1980-09,45.87,47.597056,229.2473333
1980-10,46.05,47.45958827,229.4375
1980-11,46.23,47.32212054,229.6276667
1980-12,46.42,47.18465281,229.8178333
1981-01,46.57,47.04718507,230.008
1981-02,46.76,46.97999167,230.1921667
1981-03,47.03,46.91279826,230.3763333
1981-04,47.45,46.84560485,230.5605
1981-05,47.78,46.77841145,230.7446667
1981-06,48.09,46.71121804,230.9288333
1981-07,48.34,46.64402463,231.113
1981-08,48.59,46.57683123,231.2971667
1981-09,48.68,46.50963782,231.4813333
1981-10,48.74,46.44244442,231.6655
1981-11,48.74,46.37525101,231.8496667
1981-12,48.78,46.3080576,232.0338333
1982-01,48.82,46.2408642,232.218
1982-02,48.90,46.36728543,232.39425
1982-03,48.87,46.49370667,232.5705
1982-04,48.93,46.62012791,232.74675
1982-05,48.99,46.74654914,232.923
1982-06,48.99,46.87297038,233.09925
1982-07,48.98,46.99939162,233.2755
1982-08,48.96,47.12581285,233.45175
1982-09,48.97,47.25223409,233.628
1982-10,48.97,47.37865533,233.80425
1982-11,48.98,47.50507656,233.9805
1982-12,49.06,47.6314978,234.15675
1983-01,49.22,47.75791903,234.333
1983-02,49.48,47.65066193,234.50475
1983-03,49.69,47.54340483,234.6765
1983-04,49.94,47.43614773,234.84825
1983-05,50.19,47.32889063,235.02
1983-06,50.44,47.22163353,235.19175
1983-07,50.73,47.11437643,235.3635
1983-08,50.95,47.00711933,235.53525
1983-09,51.09,46.89986223,235.707
1983-10,51.18,46.79260512,235.87875
1983-11,51.25,46.68534802,236.0505
1983-12,51.39,46.57809092,236.22225
1984-01,51.54,46.47083382,236.394
1984-02,51.71,46.36507266,236.57
1984-03,51.94,46.25931151,236.746
1984-04,52.23,46.15355035,236.922
1984-05,52.56,46.04778919,237.098
1984-06,52.86,45.94202803,237.274
1984-07,53.16,45.83626688,237.45
1984-08,53.41,45.73050572,237.626
1984-09,53.57,45.62474456,237.802
1984-10,53.67,45.5189834,237.978
1984-11,53.68,45.41322225,238.154
1984-12,53.79,45.30746109,238.33
1985-01,53.98,45.20169993,238.506
1985-02,54.22,45.14751078,238.6874167
1985-03,54.53,45.09332164,238.8688333
1985-04,54.90,45.03913249,239.05025
1985-05,55.32,44.98494334,239.2316667
1985-06,55.72,44.93075419,239.4130833
1985-07,56.12,44.87656505,239.5945
1985-08,56.51,44.8223759,239.7759167
1985-09,56.87,44.76818675,239.9573333
1985-10,57.19,44.7139976,240.13875
1985-11,57.50,44.65980846,240.3201667
1985-12,57.81,44.60561931,240.5015833
1986-01,58.16,44.55143016,240.683
1986-02,58.50,44.58348585,240.863
1986-03,58.94,44.61554154,241.043
1986-04,59.49,44.64759723,241.223
1986-05,60.05,44.67965293,241.403
1986-06,60.65,44.71170862,241.583
1986-07,61.25,44.74376431,241.763
1986-08,61.78,44.77582,241.943
1986-09,62.24,44.80787569,242.123
1986-10,62.59,44.83993138,242.303
1986-11,62.90,44.87198707,242.483
1986-12,63.37,44.90404277,242.663
1987-01,63.73,44.93609846,242.843
1987-02,64.13,44.85750867,243.0278333
1987-03,64.47,44.77891889,243.2126667
1987-04,64.97,44.7003291,243.3975
1987-05,65.55,44.62173932,243.5823333
1987-06,66.22,44.54314954,243.7671667
1987-07,66.79,44.46455975,243.952
1987-08,67.27,44.38596997,244.1368333
1987-09,67.62,44.30738018,244.3216667
1987-10,67.90,44.2287904,244.5065
1987-11,68.09,44.15020061,244.6913333
1987-12,68.34,44.07161083,244.8761667
1988-01,68.58,43.99302104,245.061
1988-02,68.91,43.87808075,245.2548333
1988-03,69.32,43.76314045,245.4486667
1988-04,69.79,43.64820015,245.6425
1988-05,70.41,43.53325986,245.8363333
1988-06,71.07,43.41831956,246.0301667
1988-07,71.69,43.30337926,246.224
1988-08,72.19,43.18843897,246.4178333
1988-09,72.57,43.07349867,246.6116667
1988-10,72.82,42.95855837,246.8055
1988-11,73.06,42.84361808,246.9993333
1988-12,73.28,42.72867778,247.1931667
1989-01,73.62,42.61373748,247.387
1989-02,73.97,42.52527517,247.6198333
1989-03,74.41,42.43681286,247.8526667
1989-04,74.87,42.34835055,248.0855
1989-05,75.30,42.25988823,248.3183333
1989-06,75.70,42.17142592,248.5511667
1989-07,76.04,42.08296361,248.784
1989-08,76.27,41.9945013,249.0168333
1989-09,76.42,41.90603898,249.2496667
1989-10,76.49,41.81757667,249.4825
1989-11,76.52,41.72911436,249.7153333
1989-12,76.50,41.64065205,249.9481667
1990-01,76.53,41.55218973,250.181
1990-02,76.59,41.42640027,250.4600833
1990-03,76.79,41.30061081,250.7391667
1990-04,77.04,41.17482135,251.01825
1990-05,77.30,41.04903189,251.2973333
1990-06,77.51,40.92324243,251.5764167
1990-07,77.56,40.79745297,251.8555
1990-08,77.48,40.67166351,252.1345833
1990-09,77.23,40.54587405,252.4136667
1990-10,76.91,40.42008459,252.69275
1990-11,76.38,40.29429513,252.9718333
1990-12,75.97,40.16850566,253.2509167
1991-01,75.53,40.0427162,253.53
1991-02,75.25,40.06877315,253.8126667
1991-03,75.14,40.0948301,254.0953333
1991-04,75.32,40.12088705,254.378
1991-05,75.77,40.146944,254.6606667
1991-06,76.25,40.17300095,254.9433333
1991-07,76.52,40.1990579,255.226
1991-08,76.59,40.22511485,255.5086667
1991-09,76.58,40.25117179,255.7913333
1991-10,76.29,40.27722874,256.074
1991-11,76.03,40.30328569,256.3566667
1991-12,75.84,40.32934264,256.6393333
1992-01,75.70,40.35539959,256.922
1992-02,75.65,40.4482449,257.202
1992-03,75.81,40.5410902,257.482
1992-04,76.08,40.63393551,257.762
1992-05,76.40,40.72678082,258.042
1992-06,76.60,40.81962613,258.322
1992-07,76.71,40.91247143,258.602
1992-08,76.73,41.00531674,258.882
1992-09,76.63,41.09816205,259.162
1992-10,76.60,41.19100735,259.442
1992-11,76.58,41.28385266,259.722
1992-12,76.46,41.37669797,260.002
1993-01,76.39,41.46954328,260.282
1993-02,76.33,41.53975769,260.5464167
1993-03,76.38,41.6099721,260.8108333
1993-04,76.66,41.68018652,261.07525
1993-05,77.03,41.75040093,261.3396667
1993-06,77.52,41.82061535,261.6040833
1993-07,77.88,41.89082976,261.8685
1993-08,78.13,41.96104417,262.1329167
1993-09,78.20,42.03125859,262.3973333
1993-10,78.17,42.101473,262.66175
1993-11,78.17,42.17168742,262.9261667
1993-12,78.11,42.24190183,263.1905833
1994-01,78.20,42.31211624,263.455
1994-02,78.20,42.2422609,263.7160833
1994-03,78.35,42.17240556,263.9771667
1994-04,78.70,42.10255022,264.23825
1994-05,79.21,42.03269488,264.4993333
1994-06,79.70,41.96283954,264.7604167
1994-07,80.06,41.8929842,265.0215
1994-08,80.32,41.82312886,265.2825833
1994-09,80.34,41.75327352,265.5436667
1994-10,80.30,41.68341818,265.80475
1994-11,80.17,41.61356284,266.0658333
1994-12,80.08,41.5437075,266.3269167
1995-01,80.03,41.47385215,266.588
1995-02,79.99,41.46781819,266.8485
1995-03,80.08,41.46178422,267.109
1995-04,80.37,41.45575025,267.3695
1995-05,80.69,41.44971628,267.63
1995-06,81.07,41.44368231,267.8905
1995-07,81.41,41.43764835,268.151
1995-08,81.65,41.43161438,268.4115
1995-09,81.74,41.42558041,268.672
1995-10,81.73,41.41954644,268.9325
1995-11,81.63,41.41351247,269.193
1995-12,81.51,41.4074785,269.4535
1996-01,81.43,41.40144454,269.714
1996-02,81.40,41.48070341,269.9843333
1996-03,81.67,41.55996229,270.2546667
1996-04,82.12,41.63922117,270.525
1996-05,82.60,41.71848005,270.7953333
1996-06,83.05,41.79773893,271.0656667
1996-07,83.42,41.87699781,271.336
1996-08,83.64,41.95625669,271.6063333
1996-09,83.70,42.03551557,271.8766667
1996-10,83.63,42.11477444,272.147
1996-11,83.56,42.19403332,272.4173333
1996-12,83.49,42.2732922,272.6876667
1997-01,83.53,42.35255108,272.958
1997-02,83.60,42.33862312,273.2243333
1997-03,83.91,42.32469516,273.4906667
1997-04,84.32,42.3107672,273.757
1997-05,84.86,42.29683925,274.0233333
1997-06,85.40,42.28291129,274.2896667
1997-07,85.84,42.26898333,274.556
1997-08,86.15,42.25505537,274.8223333
1997-09,86.31,42.24112741,275.0886667
1997-10,86.41,42.22719945,275.355
1997-11,86.63,42.21327149,275.6213333
1997-12,86.85,42.19934354,275.8876667
1998-01,87.16,42.18541558,276.154
1998-02,87.37,42.19392308,276.4185
1998-03,87.88,42.20243059,276.683
1998-04,88.56,42.2109381,276.9475
1998-05,89.37,42.2194456,277.212
1998-06,90.19,42.22795311,277.4765
1998-07,90.86,42.23646061,277.741
1998-08,91.41,42.24496812,278.0055
1998-09,91.75,42.25347563,278.27
1998-10,92.00,42.26198313,278.5345
1998-11,92.20,42.27049064,278.799
1998-12,92.44,42.27899814,279.0635
1999-01,92.71,42.28750565,279.328
1999-02,92.98,42.2887095,279.5838333
1999-03,93.61,42.28991336,279.8396667
1999-04,94.44,42.29111721,280.0955
1999-05,95.36,42.29232107,280.3513333
1999-06,96.36,42.29352492,280.6071667
1999-07,97.19,42.29472877,280.863
1999-08,97.90,42.29593263,281.1188333
1999-09,98.40,42.29713648,281.3746667
1999-10,98.83,42.29834033,281.6305
1999-11,99.15,42.29954419,281.8863333
1999-12,99.54,42.30074804,282.1421667
2000-01,100.00,42.30195189,282.398
2000-02,100.57,42.20872731,282.6335833
2000-03,101.47,42.11550273,282.8691667
2000-04,102.54,42.02227814,283.10475
2000-05,103.70,41.92905356,283.3403333
2000-06,104.86,41.83582897,283.5759167
2000-07,105.72,41.74260439,283.8115
2000-08,106.52,41.6493798,284.0470833
2000-09,107.14,41.55615522,284.2826667
2000-10,107.73,41.46293063,284.51825
2000-11,108.29,41.36970605,284.7538333
2000-12,108.79,41.27648146,284.9894167
2001-01,109.21,41.18325688,285.225
2001-02,109.64,41.20348345,285.4525
2001-03,110.39,41.22371002,285.68
2001-04,111.25,41.24393659,285.9075
2001-05,112.20,41.26416317,286.135
2001-06,113.27,41.28438974,286.3625
2001-07,114.23,41.30461631,286.59
2001-08,114.99,41.32484288,286.8175
2001-09,115.46,41.34506945,287.045
2001-10,115.68,41.36529603,287.2725
2001-11,115.84,41.3855226,287.5
2001-12,116.06,41.40574917,287.7275
2002-01,116.44,41.42597574,287.955
2002-02,116.92,41.41597174,288.1775833
2002-03,117.93,41.40596774,288.4001667
2002-04,119.21,41.39596374,288.62275
2002-05,120.79,41.38595974,288.8453333
2002-06,122.33,41.37595574,289.0679167
2002-07,123.69,41.36595174,289.2905
2002-08,124.73,41.35594774,289.5130833
2002-09,125.49,41.34594374,289.7356667
2002-10,126.14,41.33593974,289.95825
2002-11,126.64,41.32593573,290.1808333
2002-12,127.15,41.31593173,290.4034167
2003-01,127.65,41.30592773,290.626
2003-02,128.33,41.52008971,290.8456667
2003-03,129.31,41.73425168,291.0653333
2003-04,130.49,41.94841366,291.285
2003-05,131.84,42.16257564,291.5046667
2003-06,133.23,42.37673761,291.7243333
2003-07,134.65,42.59089959,291.944
2003-08,135.97,42.80506156,292.1636667
2003-09,137.08,43.01922354,292.3833333
2003-10,137.98,43.23338551,292.603
2003-11,138.77,43.44754749,292.8226667
2003-12,139.63,43.66170947,293.0423333
2004-01,140.71,43.87587144,293.262
2004-02,142.03,43.98082564,293.4895833
2004-03,144.08,44.08577983,293.7171667
2004-04,146.18,44.19073403,293.94475
2004-05,148.33,44.29568822,294.1723333
2004-06,150.52,44.40064242,294.3999167
2004-07,152.34,44.50559661,294.6275
2004-08,153.81,44.61055081,294.8550833
2004-09,155.11,44.715505,295.0826667
2004-10,156.30,44.8204592,295.31025
2004-11,157.50,44.9254134,295.5378333
2004-12,158.67,45.03036759,295.7654167
2005-01,160.13,45.13532179,295.993
2005-02,161.92,45.14566218,296.2284167
2005-03,164.58,45.15600258,296.4638333
2005-04,167.00,45.16634298,296.69925
2005-05,169.54,45.17668337,296.9346667
2005-06,172.02,45.18702377,297.1700833
2005-07,174.10,45.19736416,297.4055
2005-08,175.92,45.20770456,297.6409167
2005-09,177.61,45.21804496,297.8763333
2005-10,178.75,45.22838535,298.11175
2005-11,179.67,45.23872575,298.3471667
2005-12,180.11,45.24906615,298.5825833
2006-01,180.83,45.25940654,298.818
2006-02,181.50,45.30781255,299.0578333
2006-03,182.75,45.35621856,299.2976667
2006-04,183.65,45.40462458,299.5375
2006-05,184.38,45.45303059,299.7773333
2006-06,184.55,45.5014366,300.0171667
2006-07,184.61,45.54984261,300.257
2006-08,184.40,45.59824862,300.4968333
2006-09,184.20,45.64665463,300.7366667
2006-10,184.05,45.69506064,300.9765
2006-11,183.63,45.74346665,301.2163333
2006-12,183.23,45.79187266,301.4561667
2007-01,182.72,45.84027867,301.696
2007-02,182.47,45.84992271,301.93325
2007-03,182.19,45.85956674,302.1705
2007-04,182.13,45.86921077,302.40775
2007-05,181.88,45.8788548,302.645
2007-06,181.54,45.88849884,302.88225
2007-07,180.99,45.89814287,303.1195
2007-08,180.23,45.9077869,303.35675
2007-09,179.12,45.91743094,303.594
2007-10,177.53,45.92707497,303.83125
2007-11,175.16,45.936719,304.0685
2007-12,173.34,45.94636303,304.30575
2008-01,171.08,45.95600707,304.543
2008-02,169.19,46.02036744,304.76775
2008-03,167.91,46.08472781,304.9925
2008-04,167.33,46.14908819,305.21725
2008-05,167.02,46.21344856,305.442
2008-06,166.54,46.27780894,305.66675
2008-07,165.71,46.34216931,305.8915
2008-08,164.28,46.40652968,306.11625
2008-09,161.91,46.47089006,306.341
2008-10,159.16,46.53525043,306.56575
2008-11,156.07,46.5996108,306.7905
2008-12,152.55,46.66397118,307.01525
2009-01,149.36,46.72833155,307.24
2009-02,147.62,46.71940446,307.4511667
2009-03,146.52,46.71047736,307.6623333
2009-04,146.94,46.70155027,307.8735
2009-05,148.17,46.69262317,308.0846667
2009-06,149.80,46.68369608,308.2958333
2009-07,150.75,46.67476898,308.507
2009-08,150.67,46.66584189,308.7181667
2009-09,149.63,46.65691479,308.9293333
2009-10,148.58,46.6479877,309.1405
2009-11,147.94,46.6390606,309.3516667
2009-12,146.66,46.63013351,309.5628333
2010-01,145.00,46.62120642,309.774
2010-02,143.05,46.70981844,309.9603333
2010-03,143.60,46.79843047,310.1466667
2010-04,145.40,46.88704249,310.333
2010-05,147.04,46.97565452,310.5193333
2010-06,147.70,47.06426654,310.7056667
2010-07,147.56,47.15287857,310.892
2010-08,146.43,47.2414906,311.0783333
2010-09,144.61,47.33010262,311.2646667
2010-10,143.13,47.41871465,311.451
2010-11,141.82,47.50732667,311.6373333
2010-12,140.63,47.5959387,311.8236667
2011-01,139.04,47.68455072,312.01
2011-02,137.74,47.66015756,312.1935
2011-03,137.79,47.6357644,312.377
2011-04,139.16,47.61137124,312.5605
2011-05,140.69,47.58697807,312.744
2011-06,141.94,47.56258491,312.9275
2011-07,142.34,47.53819175,313.111
2011-08,141.79,47.51379859,313.2945
2011-09,140.17,47.48940543,313.478
2011-10,138.41,47.46501226,313.6615
2011-11,136.67,47.4406191,313.845
2011-12,135.17,47.41622594,314.0285
2012-01,134.17,47.39183278,314.212
2012-02,134.00,47.43589814,314.39075
2012-03,135.86,47.47996351,314.5695
2012-04,138.47,47.52402888,314.74825
2012-05,141.05,47.56809425,314.927
2012-06,143.17,47.61215961,315.10575
2012-07,144.28,47.65622498,315.2845
2012-08,144.71,47.70029035,315.46325
2012-09,144.36,47.74435572,315.642
2012-10,143.97,47.78842108,315.82075
2012-11,143.96,47.83248645,315.9995
2012-12,143.87,47.87655182,316.17825
2013-01,144.31,47.92061719,316.357
2013-02,145.16,47.93973236,316.5465
2013-03,147.96,47.95884753,316.736
2013-04,150.97,47.9779627,316.9255
2013-05,153.86,47.99707787,317.115
2013-06,156.43,48.01619304,317.3045
2013-07,158.29,48.03530821,317.494
2013-08,159.40,48.05442338,317.6835
2013-09,159.68,48.07353854,317.873
2013-10,159.56,48.09265371,318.0625
2013-11,159.36,48.11176888,318.252
2013-12,159.28,48.13088405,318.4415
2014-01,159.37,48.14999922,318.631
2014-02,159.87,48.27401163,318.8215833
2014-03,161.19,48.39802404,319.0121667
2014-04,162.97,48.52203645,319.20275
2014-05,164.69,48.64604886,319.3933333
2014-06,166.22,48.77006126,319.5839167
2014-07,167.14,48.89407367,319.7745
2014-08,167.45,49.01808608,319.9650833
2014-09,167.24,49.14209849,320.1556667
2014-10,166.91,49.2661109,320.34625
2014-11,166.66,49.3901233,320.5368333
2014-12,166.46,49.51413571,320.7274167
2015-01,166.25,49.63814812,320.918
2015-02,166.63,49.70701441,321.107
2015-03,168.09,49.7758807,321.296
2015-04,169.97,49.84474699,321.485
2015-05,171.85,49.91361328,321.674
2015-06,173.45,49.98247956,321.863
2015-07,174.50,50.05134585,322.052
2015-08,174.94,50.12021214,322.241
2015-09,175.05,50.18907843,322.43
2015-10,175.05,50.25794472,322.619
2015-11,175.15,50.32681101,322.808
2015-12,175.12,50.3956773,322.997
2016-01,175.04,50.46454359,323.186
2016-02,175.29,50.49609772,323.3555
2016-03,176.60,50.52765186,323.525
2016-04,178.50,50.559206,323.6945
2016-05,180.34,50.59076014,323.864
2016-06,181.92,50.62231427,324.0335
2016-07,183.02,50.65386841,324.203
2016-08,183.66,50.68542255,324.3725
2016-09,183.95,50.71697669,324.542
2016-10,184.02,50.74853082,324.7115
2016-11,184.24,50.78008496,324.881
2016-12,184.41,50.8116391,325.0505
2017-01,184.66,50.84319323,325.22
2017-02,185.03,50.89859621,325.3640833
2017-03,186.54,50.95399919,325.5081667
2017-04,188.55,51.00940217,325.65225
2017-05,190.55,51.06480514,325.7963333
2017-06,192.28,51.12020812,325.9404167
2017-07,193.52,51.1756111,326.0845
2017-08,194.36,51.23101407,326.2285833
2017-09,194.83,51.28641705,326.3726667
2017-10,195.09,51.34182003,326.51675
2017-11,195.46,51.39722301,326.6608333
2017-12,195.85,51.45262598,326.8049167
2018-01,196.12,51.50802896,326.949
2018-02,196.91,51.51885181,327.0805
2018-03,198.58,51.52967465,327.212
2018-04,200.62,51.5404975,327.3435
2018-05,202.46,51.55132034,327.475
2018-06,204.05,51.56214319,327.6065
2018-07,204.96,51.57296603,327.738
2018-08,205.34,51.58378888,327.8695
2018-09,205.39,51.59461172,328.001
2018-10,205.38,51.60543457,328.1325
2018-11,205.12,51.61625741,328.264
2018-12,204.71,51.62708026,328.3955
2019-01,204.22,51.6379031,328.527
2019-02,204.44,51.60569437,328.6624167
2019-03,205.79,51.57348564,328.7978333
2019-04,207.70,51.54127691,328.93325
2019-05,209.37,51.50906818,329.0686667
2019-06,210.60,51.47685945,329.2040833
2019-07,211.36,51.44465071,329.3395
2019-08,211.72,51.41244198,329.4749167
2019-09,211.89,51.38023325,329.6103333
2019-10,211.98,51.34802452,329.74575
2019-11,212.12,51.31581579,329.8811667
2019-12,212.25,51.28360706,330.0165833
2020-01,212.41,51.25139832,330.152
2020-02,213.24,51.69588689,330.33525
2020-03,215.21,52.14037546,330.5185
2020-04,217.26,52.58486402,330.70175
2020-05,218.51,53.02935259,330.885
2020-06,219.84,53.47384116,331.06825
2020-07,221.59,53.91832972,331.2515
2020-08,224.07,54.36281829,331.43475
2020-09,226.83,54.80730686,331.618
2020-10,229.84,55.25179543,331.80125
2020-11,232.35,55.69628399,331.9845
2020-12,234.41,56.14077256,332.16775
2021-01,236.48,56.58526113,332.351
2021-02,239.25,56.84824727,332.4546667
2021-03,244.25,57.11123342,332.5583333
2021-04,249.84,57.37421956,332.662
2021-05,255.47,57.63720571,332.7656667
2021-06,261.19,57.90019185,332.8693333
2021-07,265.52,58.163178,332.973
2021-08,268.80,58.42616414,333.0766667
2021-09,271.45,58.68915029,333.1803333
2021-10,273.67,58.95213643,333.284
2021-11,276.05,59.21512258,333.3876667
2021-12,278.63,59.47810872,333.4913333
2022-01,282.01,59.74109487,333.595
2022-02,287.25,59.48750028,333.7538333
2022-03,295.09,59.23390569,333.9126667
2022-04,301.76,58.9803111,334.0715
2022-05,306.55,58.72671651,334.2303333
2022-06,308.32,58.47312191,334.3891667
2022-07,307.13,58.21952732,334.548
2022-08,303.65,57.96593273,334.7068333
2022-09,300.45,57.71233814,334.8656667
2022-10,298.68,57.45874355,335.0245
2022-11,296.83,57.20514896,335.1833333
2022-12,294.32,56.95155437,335.3421667
2023-01,292.82,56.69795978,335.501
2023-02,293.44,56.63979646,335.6259167
2023-03,297.31,56.58163315,335.7508333
2023-04,301.49,56.52346983,335.87575
2023-05,305.37,56.46530652,336.0006667
2023-06,308.29,56.4071432,336.1255833
2023-07,310.15,56.34897989,336.2505
2023-08,311.52,56.29081657,336.3754167
2023-09,312.42,56.23265326,336.5003333
2023-10,312.95,56.17448994,336.62525
2023-11,312.21,56.11632663,336.7501667
2023-12,311.02,56.05816331,336.8750833
2024-01,310.85,,
2024-02,312.77,,
2024-03,316.95,,
2024-04,320.86,,
2024-05,323.86,,
2024-06,325.44,,