date,price,dividends,earnings,cpi,long_term_interest_rate
1871-01,4.44,0.26000,0.40,12.464,5.32
1871-02,4.50,0.26000,0.40,12.845,5.32
1871-03,4.61,0.26000,0.40,13.035,5.33
1871-04,4.74,0.26000,0.40,12.559,5.33
1871-05,4.86,0.26000,0.40,12.274,5.33
1871-06,4.82,0.26000,0.40,12.083,5.34
1871-07,4.73,0.26000,0.40,12.083,5.34
1871-08,4.79,0.26000,0.40,11.893,5.34
1871-09,4.84,0.26000,0.40,12.179,5.35
1871-10,4.59,0.26000,0.40,12.369,5.35
1871-11,4.64,0.26000,0.40,12.369,5.35
1871-12,4.74,0.26000,0.40,12.654,5.36
1872-01,4.86,0.26330,0.40,12.654,5.36
1872-02,4.88,0.26670,0.41,12.654,5.38
1872-03,5.04,0.27000,0.41,12.845,5.40
1872-04,5.18,0.27330,0.41,13.130,5.42
1872-05,5.18,0.27670,0.41,13.130,5.43
1872-06,5.13,0.28000,0.42,13.035,5.45
1872-07,5.10,0.28330,0.42,12.845,5.47
1872-08,5.04,0.28670,0.42,12.940,5.49
1872-09,4.95,0.29000,0.42,13.035,5.51
1872-10,4.97,0.29330,0.43,12.749,5.53
1872-11,4.95,0.29670,0.43,13.130,5.54
1872-12,5.07,0.30000,0.43,12.940,5.56
1873-01,5.11,0.30250,0.43,12.940,5.58
1873-02,5.15,0.30500,0.44,13.225,5.57
1873-03,5.11,0.30750,0.44,13.225,5.56
1873-04,5.04,0.31000,0.44,13.225,5.55
1873-05,5.05,0.31250,0.44,12.940,5.54
1873-06,4.98,0.31500,0.45,12.559,5.53
1873-07,4.97,0.31750,0.45,12.559,5.53
1873-08,4.97,0.32000,0.45,12.559,5.52
1873-09,4.59,0.32250,0.45,12.559,5.51
1873-10,4.19,0.32500,0.46,12.274,5.50
1873-11,4.04,0.32750,0.46,11.893,5.49
1873-12,4.42,0.33000,0.46,12.179,5.48
1874-01,4.66,0.33000,0.46,12.369,5.47
1874-02,4.80,0.33000,0.46,12.369,5.44
1874-03,4.73,0.33000,0.46,12.369,5.40
1874-04,4.60,0.33000,0.46,12.179,5.37
1874-05,4.48,0.33000,0.46,12.083,5.34
1874-06,4.46,0.33000,0.46,11.798,5.30
1874-07,4.46,0.33000,0.46,11.893,5.27
1874-08,4.47,0.33000,0.46,11.798,5.24
1874-09,4.54,0.33000,0.46,11.798,5.20
1874-10,4.53,0.33000,0.46,11.608,5.17
1874-11,4.57,0.33000,0.46,11.513,5.14
1874-12,4.54,0.33000,0.46,11.513,5.10
1875-01,4.54,0.32750,0.45,11.513,5.07
1875-02,4.53,0.32500,0.44,11.513,5.03
1875-03,4.59,0.32250,0.44,11.513,4.99
1875-04,4.65,0.32000,0.43,11.608,4.95
1875-05,4.47,0.31750,0.42,11.322,4.91
1875-06,4.38,0.31500,0.41,11.132,4.87
1875-07,4.39,0.31250,0.40,11.132,4.83
1875-08,4.41,0.31000,0.39,11.227,4.79
1875-09,4.37,0.30750,0.39,11.132,4.75
1875-10,4.30,0.30500,0.38,11.132,4.71
1875-11,4.37,0.30250,0.37,11.037,4.67
1875-12,4.37,0.30000,0.36,10.942,4.63
1876-01,4.46,0.30000,0.35,10.847,4.59
1876-02,4.52,0.30000,0.35,10.847,4.58
1876-03,4.51,0.30000,0.34,10.847,4.57
1876-04,4.34,0.30000,0.33,10.751,4.56
1876-05,4.18,0.30000,0.33,10.371,4.54
1876-06,4.15,0.30000,0.32,10.085,4.53
1876-07,4.10,0.30000,0.31,10.085,4.52
1876-08,3.93,0.30000,0.31,10.181,4.51
1876-09,3.69,0.30000,0.30,10.276,4.50
1876-10,3.67,0.30000,0.29,10.466,4.49
1876-11,3.60,0.30000,0.29,10.561,4.47
1876-12,3.58,0.30000,0.28,10.751,4.46
1877-01,3.55,0.29080,0.28,10.942,4.45
1877-02,3.34,0.28170,0.28,10.656,4.44
1877-03,3.17,0.27250,0.29,10.181,4.43
1877-04,2.94,0.26330,0.29,10.466,4.42
1877-05,2.94,0.25420,0.29,10.656,4.41
1877-06,2.73,0.24500,0.29,10.085,4.40
1877-07,2.85,0.23580,0.29,10.181,4.40
1877-08,3.05,0.22670,0.29,9.800,4.39
1877-09,3.24,0.21750,0.30,9.705,4.38
1877-10,3.31,0.20830,0.30,9.705,4.37
1877-11,3.26,0.19920,0.30,9.515,4.36
1877-12,3.25,0.19000,0.30,9.515,4.35
1878-01,3.25,0.18920,0.30,9.229,4.34
1878-02,3.18,0.18830,0.30,9.134,4.33
1878-03,3.24,0.18750,0.30,8.944,4.32
1878-04,3.33,0.18670,0.30,8.849,4.31
1878-05,3.34,0.18580,0.30,8.563,4.30
1878-06,3.41,0.18500,0.31,8.373,4.29
1878-07,3.48,0.18420,0.31,8.468,4.28
1878-08,3.45,0.18330,0.31,8.563,4.27
1878-09,3.52,0.18250,0.31,8.563,4.26
1878-10,3.48,0.18170,0.31,8.468,4.25
1878-11,3.47,0.18080,0.31,8.373,4.24
1878-12,3.45,0.18000,0.31,8.183,4.23
1879-01,3.58,0.18170,0.32,8.278,4.22
1879-02,3.71,0.18330,0.32,8.373,4.20
1879-03,3.65,0.18500,0.33,8.278,4.19
1879-04,3.77,0.18670,0.33,8.183,4.17
1879-05,3.94,0.18830,0.34,8.183,4.15
1879-06,3.96,0.19000,0.35,8.087,4.14
1879-07,4.04,0.19170,0.35,8.183,4.12
1879-08,4.07,0.19330,0.36,8.183,4.10
1879-09,4.22,0.19500,0.36,8.468,4.09
1879-10,4.68,0.19670,0.37,8.944,4.07
1879-11,4.93,0.19830,0.37,9.419,4.05
1879-12,4.92,0.20000,0.38,9.705,4.04
1880-01,5.11,0.20500,0.39,9.990,4.02
1880-02,5.20,0.21000,0.40,9.990,3.99
1880-03,5.30,0.21500,0.41,10.085,3.97
1880-04,5.18,0.22000,0.42,9.705,3.94
1880-05,4.77,0.22500,0.43,9.419,3.91
1880-06,4.79,0.23000,0.44,9.229,3.89
1880-07,5.01,0.23500,0.44,9.229,3.86
1880-08,5.19,0.24000,0.45,9.229,3.83
1880-09,5.18,0.24500,0.46,9.324,3.81
1880-10,5.33,0.25000,0.47,9.324,3.78
1880-11,5.61,0.25500,0.48,9.419,3.75
1880-12,5.84,0.26000,0.49,9.515,3.73
1881-01,6.19,0.26500,0.49,9.419,3.70
1881-02,6.17,0.27000,0.48,9.515,3.69
1881-03,6.24,0.27500,0.48,9.515,3.69
1881-04,6.22,0.28000,0.47,9.610,3.68
1881-05,6.50,0.28500,0.47,9.515,3.67
1881-06,6.58,0.29000,0.47,9.515,3.67
1881-07,6.35,0.29500,0.46,9.610,3.66
1881-08,6.20,0.30000,0.46,9.800,3.65
1881-09,6.25,0.30500,0.45,10.181,3.65
1881-10,6.15,0.31000,0.45,10.276,3.64
1881-11,6.19,0.31500,0.44,10.181,3.63
1881-12,6.01,0.32000,0.44,10.181,3.63
1882-01,5.92,0.32000,0.44,10.181,3.62
1882-02,5.79,0.32000,0.44,10.276,3.62
1882-03,5.78,0.32000,0.44,10.276,3.62
1882-04,5.78,0.32000,0.44,10.371,3.62
1882-05,5.71,0.32000,0.44,10.466,3.62
1882-06,5.68,0.32000,0.44,10.561,3.62
1882-07,6.00,0.32000,0.43,10.466,3.63
1882-08,6.18,0.32000,0.43,10.561,3.63
1882-09,6.24,0.32000,0.43,10.276,3.63
1882-10,6.07,0.32000,0.43,10.181,3.63
1882-11,5.81,0.32000,0.43,10.085,3.63
1882-12,5.84,0.32000,0.43,9.990,3.63
1883-01,5.81,0.32080,0.43,9.990,3.63
1883-02,5.68,0.32170,0.43,10.085,3.63
1883-03,5.75,0.32250,0.42,9.990,3.63
1883-04,5.87,0.32330,0.42,9.895,3.63
1883-05,5.77,0.32420,0.42,9.800,3.63
1883-06,5.82,0.32500,0.42,9.515,3.63
1883-07,5.73,0.32580,0.41,9.324,3.63
1883-08,5.47,0.32670,0.41,9.324,3.62
1883-09,5.53,0.32750,0.41,9.229,3.62
1883-10,5.38,0.32830,0.41,9.229,3.62
1883-11,5.46,0.32920,0.40,9.134,3.62
1883-12,5.34,0.33000,0.40,9.229,3.62
1884-01,5.18,0.32830,0.39,9.229,3.62
1884-02,5.32,0.32670,0.39,9.229,3.61
1884-03,5.30,0.32500,0.38,9.229,3.60
1884-04,5.06,0.32330,0.37,9.039,3.60
1884-05,4.65,0.32170,0.36,8.849,3.59
1884-06,4.46,0.32000,0.36,8.849,3.58
1884-07,4.46,0.31830,0.35,8.753,3.57
1884-08,4.74,0.31670,0.34,8.753,3.56
1884-09,4.59,0.31500,0.33,8.658,3.55
1884-10,4.44,0.31330,0.33,8.563,3.55
1884-11,4.35,0.31170,0.32,8.373,3.54
1884-12,4.34,0.31000,0.31,8.278,3.53
1885-01,4.24,0.30420,0.31,8.278,3.52
1885-02,4.37,0.29830,0.30,8.373,3.51
1885-03,4.38,0.29250,0.30,8.183,3.50
1885-04,4.37,0.28670,0.30,8.278,3.48
1885-05,4.32,0.28080,0.29,8.087,3.47
1885-06,4.30,0.27500,0.29,7.897,3.46
1885-07,4.46,0.26920,0.29,7.992,3.45
1885-08,4.71,0.26330,0.28,7.992,3.43
1885-09,4.65,0.25750,0.28,7.897,3.42
1885-10,4.92,0.25170,0.28,7.897,3.41
1885-11,5.24,0.24580,0.27,7.992,3.40
1885-12,5.20,0.24000,0.27,8.183,3.38
1886-01,5.20,0.23830,0.28,7.992,3.37
1886-02,5.30,0.23670,0.28,7.992,3.38
1886-03,5.19,0.23500,0.29,7.897,3.40
1886-04,5.12,0.23330,0.29,7.802,3.41
1886-05,5.02,0.23170,0.30,7.612,3.42
1886-06,5.25,0.23000,0.30,7.517,3.43
1886-07,5.33,0.22830,0.31,7.612,3.45
1886-08,5.37,0.22670,0.31,7.707,3.46
1886-09,5.51,0.22500,0.32,7.707,3.47
1886-10,5.65,0.22330,0.32,7.707,3.48
1886-11,5.79,0.22170,0.33,7.707,3.50
1886-12,5.64,0.22000,0.33,7.802,3.51
1887-01,5.58,0.22250,0.33,7.992,3.52
1887-02,5.54,0.22500,0.34,8.087,3.53
1887-03,5.67,0.22750,0.34,8.087,3.55
1887-04,5.80,0.23000,0.34,8.087,3.56
1887-05,5.90,0.23250,0.34,8.087,3.57
1887-06,5.73,0.23500,0.35,7.992,3.58
1887-07,5.59,0.23750,0.35,7.897,3.60
1887-08,5.45,0.24000,0.35,7.992,3.61
1887-09,5.38,0.24250,0.35,7.897,3.62
1887-10,5.20,0.24500,0.36,7.992,3.63
1887-11,5.30,0.24750,0.36,8.087,3.65
1887-12,5.27,0.25000,0.36,8.278,3.66
1888-01,5.31,0.24830,0.35,8.373,3.67
1888-02,5.28,0.24670,0.34,8.278,3.65
1888-03,5.08,0.24500,0.34,8.278,3.63
1888-04,5.10,0.24330,0.33,8.183,3.62
1888-05,5.17,0.24170,0.32,8.087,3.60
1888-06,5.01,0.24000,0.31,7.992,3.58
1888-07,5.14,0.23830,0.30,8.087,3.56
1888-08,5.25,0.23670,0.29,8.087,3.54
1888-09,5.38,0.23500,0.29,8.087,3.52
1888-10,5.35,0.23330,0.28,8.183,3.51
1888-11,5.24,0.23170,0.27,8.278,3.49
1888-12,5.14,0.23000,0.26,8.278,3.47
1889-01,5.24,0.22920,0.26,7.992,3.45
1889-02,5.30,0.22830,0.27,7.897,3.45
1889-03,5.19,0.22750,0.27,7.802,3.45
1889-04,5.18,0.22670,0.27,7.802,3.44
1889-05,5.32,0.22580,0.28,7.612,3.44
1889-06,5.41,0.22500,0.28,7.612,3.44
1889-07,5.30,0.22420,0.28,7.612,3.44
1889-08,5.37,0.22330,0.29,7.612,3.43
1889-09,5.50,0.22250,0.29,7.707,3.43
1889-10,5.40,0.22170,0.29,7.707,3.43
1889-11,5.35,0.22080,0.30,7.707,3.43
1889-12,5.32,0.22000,0.30,7.802,3.42
1890-01,5.38,0.22000,0.30,7.612,3.42
1890-02,5.32,0.22000,0.30,7.612,3.44
1890-03,5.28,0.22000,0.30,7.612,3.45
1890-04,5.39,0.22000,0.30,7.612,3.47
1890-05,5.62,0.22000,0.30,7.707,3.49
1890-06,5.58,0.22000,0.30,7.707,3.50
1890-07,5.54,0.22000,0.29,7.707,3.52
1890-08,5.41,0.22000,0.29,7.992,3.54
1890-09,5.32,0.22000,0.29,8.087,3.55
1890-10,5.08,0.22000,0.29,8.087,3.57
1890-11,4.71,0.22000,0.29,7.897,3.59
1890-12,4.60,0.22000,0.29,7.897,3.60
1891-01,4.84,0.22000,0.29,7.802,3.62
1891-02,4.90,0.22000,0.30,7.897,3.62
1891-03,4.81,0.22000,0.30,7.992,3.62
1891-04,4.97,0.22000,0.31,8.087,3.62
1891-05,4.95,0.22000,0.31,7.992,3.61
1891-06,4.85,0.22000,0.32,7.802,3.61
1891-07,4.77,0.22000,0.32,7.707,3.61
1891-08,4.93,0.22000,0.32,7.707,3.61
1891-09,5.33,0.22000,0.33,7.612,3.61
1891-10,5.33,0.22000,0.33,7.612,3.61
1891-11,5.25,0.22000,0.34,7.517,3.60
1891-12,5.41,0.22000,0.34,7.517,3.60
1892-01,5.51,0.22170,0.34,7.326,3.60
1892-02,5.52,0.22330,0.35,7.326,3.61
1892-03,5.58,0.22500,0.35,7.136,3.63
1892-04,5.57,0.22670,0.35,7.041,3.64
1892-05,5.57,0.22830,0.35,7.041,3.65
1892-06,5.54,0.23000,0.36,7.041,3.66
1892-07,5.54,0.23170,0.36,7.231,3.68
1892-08,5.62,0.23330,0.36,7.326,3.69
1892-09,5.48,0.23500,0.36,7.326,3.70
1892-10,5.59,0.23670,0.37,7.326,3.71
1892-11,5.57,0.23830,0.37,7.517,3.73
1892-12,5.51,0.24000,0.37,7.612,3.74
1893-01,5.61,0.24080,0.36,7.897,3.75
1893-02,5.51,0.24170,0.35,7.992,3.75
1893-03,5.31,0.24250,0.34,7.802,3.74
1893-04,5.31,0.24330,0.33,7.707,3.74
1893-05,4.84,0.24420,0.32,7.612,3.73
1893-06,4.61,0.24500,0.32,7.421,3.73
1893-07,4.18,0.24580,0.31,7.231,3.73
1893-08,4.08,0.24670,0.30,6.946,3.72
1893-09,4.37,0.24750,0.29,7.231,3.72
1893-10,4.50,0.24830,0.28,7.326,3.71
1893-11,4.57,0.24920,0.27,7.136,3.71
1893-12,4.41,0.25000,0.26,7.041,3.70
1894-01,4.32,0.24670,0.25,6.850,3.70
1894-02,4.38,0.24330,0.24,6.755,3.68
1894-03,4.51,0.24000,0.24,6.565,3.66
1894-04,4.57,0.23670,0.23,6.565,3.64
1894-05,4.40,0.23330,0.22,6.565,3.62
1894-06,4.34,0.23000,0.21,6.565,3.60
1894-07,4.25,0.22670,0.20,6.565,3.58
1894-08,4.41,0.22330,0.19,6.755,3.56
1894-09,4.48,0.22000,0.19,6.850,3.54
1894-10,4.34,0.21670,0.18,6.660,3.52
1894-11,4.34,0.21330,0.17,6.660,3.50
1894-12,4.30,0.21000,0.16,6.565,3.48
1895-01,4.25,0.20830,0.17,6.565,3.46
1895-02,4.19,0.20670,0.18,6.565,3.47
1895-03,4.19,0.20500,0.18,6.565,3.48
1895-04,4.37,0.20330,0.19,6.850,3.50
1895-05,4.61,0.20170,0.20,6.946,3.51
1895-06,4.70,0.20000,0.21,7.041,3.52
1895-07,4.72,0.19830,0.21,6.946,3.53
1895-08,4.79,0.19670,0.22,6.850,3.54
1895-09,4.82,0.19500,0.23,6.850,3.55
1895-10,4.75,0.19330,0.24,6.850,3.57
1895-11,4.59,0.19170,0.24,6.850,3.58
1895-12,4.32,0.19000,0.25,6.755,3.59
1896-01,4.27,0.18920,0.25,6.660,3.60
1896-02,4.45,0.18830,0.24,6.565,3.58
1896-03,4.38,0.18750,0.24,6.565,3.57
1896-04,4.42,0.18670,0.24,6.470,3.55
1896-05,4.40,0.18580,0.23,6.375,3.53
1896-06,4.32,0.18500,0.23,6.280,3.52
1896-07,4.04,0.18420,0.23,6.280,3.50
1896-08,3.81,0.18330,0.22,6.280,3.48
1896-09,4.01,0.18250,0.22,6.280,3.47
1896-10,4.10,0.18170,0.22,6.470,3.45
1896-11,4.38,0.18080,0.21,6.660,3.43
1896-12,4.22,0.18000,0.21,6.660,3.42
1897-01,4.22,0.18000,0.22,6.470,3.40
1897-02,4.18,0.18000,0.23,6.470,3.40
1897-03,4.19,0.18000,0.24,6.470,3.39
1897-04,4.06,0.18000,0.24,6.375,3.39
1897-05,4.08,0.18000,0.25,6.280,3.38
1897-06,4.27,0.18000,0.26,6.280,3.38
1897-07,4.46,0.18000,0.27,6.280,3.38
1897-08,4.75,0.18000,0.28,6.565,3.37
1897-09,4.98,0.18000,0.29,6.755,3.37
1897-10,4.82,0.18000,0.29,6.660,3.36
1897-11,4.65,0.18000,0.30,6.660,3.36
1897-12,4.75,0.18000,0.31,6.660,3.35
1898-01,4.88,0.18170,0.31,6.660,3.35
1898-02,4.87,0.18330,0.32,6.755,3.33
1898-03,4.65,0.18500,0.32,6.755,3.31
1898-04,4.57,0.18670,0.32,6.755,3.29
1898-05,4.87,0.18830,0.33,7.231,3.27
1898-06,5.06,0.19000,0.33,6.755,3.25
1898-07,5.08,0.19170,0.33,6.660,3.23
1898-08,5.27,0.19330,0.34,6.660,3.20
1898-09,5.26,0.19500,0.34,6.660,3.18
1898-10,5.15,0.19670,0.34,6.660,3.16
1898-11,5.32,0.19830,0.35,6.660,3.14
1898-12,5.65,0.20000,0.35,6.755,3.12
1899-01,6.08,0.20080,0.36,6.755,3.10
1899-02,6.31,0.20170,0.37,6.946,3.10
1899-03,6.40,0.20250,0.38,6.946,3.11
1899-04,6.48,0.20330,0.39,7.041,3.11
1899-05,6.21,0.20420,0.40,7.041,3.12
1899-06,6.07,0.20500,0.42,7.136,3.12
1899-07,6.28,0.20580,0.43,7.231,3.13
1899-08,6.44,0.20670,0.44,7.326,3.13
1899-09,6.37,0.20750,0.45,7.612,3.13
1899-10,6.34,0.20830,0.46,7.707,3.14
1899-11,6.46,0.20920,0.47,7.802,3.14
1899-12,6.02,0.21000,0.48,7.897,3.15
1900-01,6.10,0.21750,0.48,7.897,3.15
1900-02,6.21,0.22500,0.48,7.992,3.15
1900-03,6.26,0.23250,0.48,7.992,3.14
1900-04,6.34,0.24000,0.48,7.992,3.14
1900-05,6.04,0.24750,0.48,7.802,3.13
1900-06,5.86,0.25500,0.48,7.707,3.13
1900-07,5.86,0.26250,0.48,7.802,3.13
1900-08,5.94,0.27000,0.48,7.707,3.12
1900-09,5.80,0.27750,0.48,7.802,3.12
1900-10,6.01,0.28500,0.48,7.707,3.11
1900-11,6.48,0.29250,0.48,7.707,3.11
1900-12,6.87,0.30000,0.48,7.612,3.10
1901-01,7.07,0.30170,0.48,7.707,3.10
1901-02,7.25,0.30330,0.48,7.612,3.11
1901-03,7.51,0.30500,0.49,7.612,3.11
1901-04,8.14,0.30670,0.49,7.517,3.12
1901-05,7.73,0.30830,0.49,7.517,3.13
1901-06,8.50,0.31000,0.49,7.517,3.13
1901-07,7.93,0.31170,0.49,7.612,3.14
1901-08,8.04,0.31330,0.49,7.707,3.15
1901-09,8.00,0.31500,0.50,7.802,3.15
1901-10,7.91,0.31670,0.50,7.802,3.16
1901-11,8.08,0.31830,0.50,7.897,3.17
1901-12,7.95,0.32000,0.50,7.992,3.17
1902-01,8.12,0.32080,0.51,7.897,3.18
1902-02,8.19,0.32170,0.52,7.897,3.19
1902-03,8.20,0.32250,0.53,7.897,3.20
1902-04,8.48,0.32330,0.54,7.992,3.21
1902-05,8.46,0.32420,0.55,8.087,3.22
1902-06,8.41,0.32500,0.57,8.183,3.23
1902-07,8.60,0.32580,0.58,8.183,3.24
1902-08,8.83,0.32670,0.59,8.087,3.25
1902-09,8.85,0.32750,0.60,8.183,3.26
1902-10,8.57,0.32830,0.61,8.753,3.27
1902-11,8.24,0.32920,0.62,8.468,3.28
1902-12,8.05,0.33000,0.63,8.563,3.29
1903-01,8.46,0.33170,0.62,8.658,3.30
1903-02,8.41,0.33330,0.61,8.658,3.31
1903-03,8.08,0.33500,0.61,8.373,3.32
1903-04,7.75,0.33670,0.60,8.373,3.33
1903-05,7.60,0.33830,0.59,8.183,3.33
1903-06,7.18,0.34000,0.58,8.183,3.34
1903-07,6.85,0.34170,0.57,8.183,3.35
1903-08,6.63,0.34330,0.56,8.183,3.36
1903-09,6.47,0.34500,0.56,8.278,3.37
1903-10,6.26,0.34670,0.55,8.183,3.38
1903-11,6.28,0.34830,0.54,8.087,3.38
1903-12,6.57,0.35000,0.53,8.087,3.39
1904-01,6.68,0.34670,0.53,8.278,3.40
1904-02,6.50,0.34330,0.52,8.468,3.41
1904-03,6.48,0.34000,0.52,8.373,3.41
1904-04,6.64,0.33670,0.52,8.278,3.42
1904-05,6.50,0.33330,0.51,8.087,3.43
1904-06,6.51,0.33000,0.51,8.087,3.43
1904-07,6.78,0.32670,0.51,8.087,3.44
1904-08,7.01,0.32330,0.50,8.183,3.45
1904-09,7.32,0.32000,0.50,8.278,3.45
1904-10,7.75,0.31670,0.50,8.278,3.46
1904-11,8.17,0.31330,0.49,8.468,3.47
1904-12,8.25,0.31000,0.49,8.468,3.47
1905-01,8.43,0.31170,0.51,8.468,3.48
1905-02,8.80,0.31330,0.52,8.468,3.48
1905-03,9.05,0.31500,0.54,8.373,3.47
1905-04,8.94,0.31670,0.55,8.373,3.47
1905-05,8.50,0.31830,0.57,8.278,3.46
1905-06,8.60,0.32000,0.58,8.278,3.46
1905-07,8.87,0.32170,0.60,8.278,3.46
1905-08,9.20,0.32330,0.61,8.373,3.45
1905-09,9.23,0.32500,0.63,8.278,3.45
1905-10,9.36,0.32670,0.64,8.278,3.44
1905-11,9.31,0.32830,0.66,8.373,3.44
1905-12,9.54,0.33000,0.67,8.468,3.43
1906-01,9.87,0.33580,0.68,8.468,3.43
1906-02,9.80,0.34170,0.69,8.468,3.45
1906-03,9.56,0.34750,0.69,8.468,3.47
1906-04,9.43,0.35330,0.70,8.468,3.49
1906-05,9.18,0.35920,0.71,8.563,3.51
1906-06,9.30,0.36500,0.72,8.563,3.53
1906-07,9.06,0.37080,0.72,8.278,3.55
1906-08,9.73,0.37670,0.73,8.468,3.57
1906-09,10.03,0.38250,0.74,8.563,3.59
1906-10,9.73,0.38830,0.75,8.753,3.61
1906-11,9.93,0.39420,0.75,8.849,3.63
1906-12,9.84,0.40000,0.76,8.944,3.65
1907-01,9.56,0.40330,0.75,8.849,3.67
1907-02,9.26,0.40670,0.74,9.039,3.69
1907-03,8.35,0.41000,0.74,8.944,3.70
1907-04,8.39,0.41330,0.73,8.944,3.72
1907-05,8.10,0.41670,0.72,9.134,3.74
1907-06,7.84,0.42000,0.71,9.229,3.75
1907-07,8.14,0.42330,0.70,9.229,3.77
1907-08,7.53,0.42670,0.69,9.229,3.79
1907-09,7.45,0.43000,0.69,9.229,3.80
1907-10,6.64,0.43330,0.68,9.324,3.82
1907-11,6.25,0.43670,0.67,8.944,3.84
1907-12,6.57,0.44000,0.66,8.753,3.85
1908-01,6.85,0.43670,0.65,8.658,3.87
1908-02,6.60,0.43330,0.65,8.563,3.86
1908-03,6.87,0.43000,0.64,8.563,3.85
1908-04,7.24,0.42670,0.63,8.658,3.84
1908-05,7.63,0.42330,0.63,8.658,3.83
1908-06,7.64,0.42000,0.62,8.658,3.82
1908-07,7.92,0.41670,0.61,8.753,3.82
1908-08,8.26,0.41330,0.61,8.753,3.81
1908-09,8.17,0.41000,0.60,8.753,3.80
1908-10,8.27,0.40670,0.59,8.849,3.79
1908-11,8.83,0.40330,0.59,8.944,3.78
1908-12,9.03,0.40000,0.58,9.039,3.77
1909-01,9.06,0.40330,0.60,8.944,3.76
1909-02,8.80,0.40670,0.61,9.039,3.77
1909-03,8.92,0.41000,0.63,9.039,3.79
1909-04,9.32,0.41330,0.64,9.229,3.80
1909-05,9.63,0.41670,0.66,9.324,3.81
1909-06,9.80,0.42000,0.67,9.419,3.82
1909-07,9.94,0.42330,0.69,9.419,3.84
1909-08,10.18,0.42670,0.70,9.515,3.85
1909-09,10.19,0.43000,0.72,9.610,3.86
1909-10,10.23,0.43330,0.73,9.800,3.87
1909-11,10.18,0.43670,0.75,9.895,3.89
1909-12,10.30,0.44000,0.76,9.990,3.90
1910-01,10.08,0.44250,0.76,9.895,3.91
1910-02,9.72,0.44500,0.76,9.895,3.92
1910-03,9.96,0.44750,0.75,10.085,3.92
1910-04,9.72,0.45000,0.75,10.181,3.93
1910-05,9.56,0.45250,0.75,9.990,3.93
1910-06,9.10,0.45500,0.75,9.895,3.94
1910-07,8.64,0.45750,0.74,9.895,3.95
1910-08,8.85,0.46000,0.74,9.800,3.95
1910-09,8.91,0.46250,0.74,9.705,3.96
1910-10,9.32,0.46500,0.74,9.419,3.96
1910-11,9.31,0.46750,0.73,9.229,3.97
1910-12,9.05,0.47000,0.73,9.229,3.97
1911-01,9.27,0.47000,0.72,9.229,3.98
1911-02,9.43,0.47000,0.71,8.944,3.98
1911-03,9.32,0.47000,0.70,9.039,3.99
1911-04,9.28,0.47000,0.68,8.753,3.99
1911-05,9.48,0.47000,0.67,8.753,3.99
1911-06,9.67,0.47000,0.66,8.753,3.99
1911-07,9.63,0.47000,0.65,8.849,4.00
1911-08,9.17,0.47000,0.64,9.134,4.00
1911-09,8.67,0.47000,0.63,9.229,4.00
1911-10,8.72,0.47000,0.61,9.229,4.00
1911-11,9.07,0.47000,0.60,9.134,4.01
1911-12,9.11,0.47000,0.59,9.039,4.01
1912-01,9.12,0.47080,0.60,9.134,4.01
1912-02,9.04,0.47170,0.61,9.229,4.05
1912-03,9.30,0.47250,0.62,9.419,4.08
1912-04,9.59,0.47330,0.63,9.705,4.12
1912-05,9.58,0.47420,0.64,9.705,4.16
1912-06,9.58,0.47500,0.65,9.610,4.19
1912-07,9.59,0.47580,0.65,9.610,4.23
1912-08,9.81,0.47670,0.66,9.705,4.27
1912-09,9.86,0.47750,0.67,9.800,4.30
1912-10,9.84,0.47830,0.68,9.800,4.34
1912-11,9.73,0.47920,0.69,9.800,4.38
1912-12,9.38,0.48000,0.70,9.705,4.41
1913-01,9.30,0.48000,0.69,9.800,4.45
1913-02,8.97,0.48000,0.69,9.800,4.43
1913-03,8.80,0.48000,0.68,9.800,4.40
1913-04,8.79,0.48000,0.68,9.800,4.38
1913-05,8.55,0.48000,0.67,9.700,4.35
1913-06,8.12,0.48000,0.67,9.800,4.33
1913-07,8.23,0.48000,0.66,9.900,4.31
1913-08,8.45,0.48000,0.65,9.900,4.28
1913-09,8.53,0.48000,0.65,10.000,4.26
1913-10,8.26,0.48000,0.64,10.000,4.23
1913-11,8.05,0.48000,0.64,10.100,4.21
1913-12,8.04,0.48000,0.63,10.000,4.18
1914-01,8.37,0.47500,0.62,10.000,4.16
1914-02,8.48,0.47000,0.61,9.900,4.17
1914-03,8.32,0.46500,0.60,9.900,4.17
1914-04,8.12,0.46000,0.59,9.800,4.18
1914-05,8.17,0.45500,0.58,9.900,4.19
1914-06,8.13,0.45000,0.58,9.900,4.19
1914-07,7.68,0.44500,0.57,10.000,4.20
1914-08,7.68,0.44000,0.56,10.200,4.21
1914-09,7.68,0.43500,0.55,10.200,4.21
1914-10,7.68,0.43000,0.54,10.100,4.22
1914-11,7.68,0.42500,0.53,10.200,4.23
1914-12,7.35,0.42000,0.52,10.100,4.23
1915-01,7.48,0.42080,0.55,10.100,4.24
1915-02,7.38,0.42170,0.58,10.000,4.22
1915-03,7.57,0.42250,0.61,9.900,4.21
1915-04,8.14,0.42330,0.64,10.000,4.19
1915-05,7.95,0.42420,0.67,10.100,4.18
1915-06,8.04,0.42500,0.70,10.100,4.16
1915-07,8.01,0.42580,0.73,10.100,4.15
1915-08,8.35,0.42670,0.76,10.100,4.13
1915-09,8.66,0.42750,0.79,10.100,4.11
1915-10,9.14,0.42830,0.82,10.200,4.10
1915-11,9.46,0.42920,0.85,10.300,4.08
1915-12,9.48,0.43000,0.88,10.300,4.07
1916-01,9.33,0.44080,0.93,10.400,4.05
1916-02,9.20,0.45170,0.99,10.400,4.07
1916-03,9.17,0.46250,1.04,10.500,4.08
1916-04,9.07,0.47330,1.10,10.600,4.10
1916-05,9.27,0.48420,1.15,10.700,4.11
1916-06,9.36,0.49500,1.21,10.800,4.13
1916-07,9.23,0.50580,1.26,10.800,4.14
1916-08,9.30,0.51670,1.31,10.900,4.16
1916-09,9.68,0.52750,1.37,11.100,4.17
1916-10,9.98,0.53830,1.42,11.300,4.19
1916-11,10.21,0.54920,1.48,11.500,4.20
1916-12,9.80,0.56000,1.53,11.600,4.22
1917-01,9.57,0.57080,1.51,11.700,4.23
1917-02,9.03,0.58170,1.49,12.000,4.26
1917-03,9.31,0.59250,1.47,12.000,4.29
1917-04,9.17,0.60330,1.45,12.600,4.32
1917-05,8.86,0.61420,1.43,12.800,4.34
1917-06,9.04,0.62500,1.41,13.000,4.37
1917-07,8.79,0.63580,1.38,12.800,4.40
1917-08,8.53,0.64670,1.36,13.000,4.43
1917-09,8.12,0.65750,1.34,13.300,4.46
1917-10,7.68,0.66830,1.32,13.500,4.49
1917-11,7.04,0.67920,1.30,13.500,4.51
1917-12,6.80,0.69000,1.28,13.700,4.54
1918-01,7.21,0.68000,1.26,14.000,4.57
1918-02,7.43,0.67000,1.23,14.100,4.56
1918-03,7.28,0.66000,1.21,14.000,4.56
1918-04,7.21,0.65000,1.18,14.200,4.55
1918-05,7.44,0.64000,1.16,14.500,4.55
1918-06,7.45,0.63000,1.14,14.700,4.54
1918-07,7.51,0.62000,1.11,15.100,4.54
1918-08,7.58,0.61000,1.09,15.400,4.53
1918-09,7.54,0.60000,1.06,15.700,4.52
1918-10,7.86,0.59000,1.04,16.000,4.52
1918-11,8.06,0.58000,1.01,16.300,4.51
1918-12,7.90,0.57000,0.99,16.500,4.51
1919-01,7.85,0.56670,0.99,16.500,4.50
1919-02,7.88,0.56330,0.98,16.200,4.54
1919-03,8.12,0.56000,0.98,16.400,4.58
1919-04,8.39,0.55670,0.97,16.700,4.62
1919-05,8.97,0.55330,0.97,16.900,4.66
1919-06,9.21,0.55000,0.96,16.900,4.70
1919-07,9.51,0.54670,0.96,17.400,4.74
1919-08,8.87,0.54330,0.95,17.700,4.77
1919-09,9.01,0.54000,0.95,17.800,4.81
1919-10,9.47,0.53670,0.94,18.100,4.85
1919-11,9.19,0.53330,0.94,18.500,4.89
1919-12,8.92,0.53000,0.93,18.900,4.93
1920-01,8.83,0.52830,0.92,19.300,4.97
1920-02,8.10,0.52670,0.91,19.500,4.98
1920-03,8.67,0.52500,0.90,19.700,4.99
1920-04,8.60,0.52330,0.89,20.300,5.00
1920-05,8.06,0.52170,0.88,20.600,5.01
1920-06,7.92,0.52000,0.87,20.900,5.02
1920-07,7.91,0.51830,0.85,20.800,5.03
1920-08,7.60,0.51670,0.84,20.300,5.04
1920-09,7.87,0.51500,0.83,20.000,5.05
1920-10,7.88,0.51330,0.82,19.900,5.06
1920-11,7.48,0.51170,0.81,19.800,5.07
1920-12,6.81,0.51000,0.80,19.400,5.08
1921-01,7.11,0.50580,0.76,19.000,5.09
1921-02,7.06,0.50170,0.72,18.400,5.02
1921-03,6.88,0.49750,0.67,18.300,4.96
1921-04,6.91,0.49330,0.63,18.100,4.89
1921-05,7.12,0.48920,0.59,17.700,4.83
1921-06,6.55,0.48500,0.55,17.600,4.76
1921-07,6.53,0.48080,0.50,17.700,4.70
1921-08,6.45,0.47670,0.46,17.700,4.63
1921-09,6.61,0.47250,0.42,17.500,4.56
1921-10,6.70,0.46830,0.38,17.500,4.50
1921-11,7.06,0.46420,0.33,17.400,4.43
1921-12,7.31,0.46000,0.29,17.300,4.37
1922-01,7.30,0.46420,0.32,16.900,4.30
1922-02,7.46,0.46830,0.36,16.900,4.31
1922-03,7.74,0.47250,0.39,16.700,4.31
1922-04,8.21,0.47670,0.42,16.700,4.32
1922-05,8.53,0.48080,0.46,16.700,4.32
1922-06,8.45,0.48500,0.49,16.700,4.33
1922-07,8.51,0.48920,0.52,16.800,4.33
1922-08,8.83,0.49330,0.56,16.600,4.34
1922-09,9.06,0.49750,0.59,16.600,4.34
1922-10,9.26,0.50170,0.62,16.700,4.35
1922-11,8.80,0.50580,0.66,16.800,4.35
1922-12,8.78,0.51000,0.69,16.900,4.36
1923-01,8.90,0.51170,0.71,16.800,4.36
1923-02,9.28,0.51330,0.74,16.800,4.34
1923-03,9.43,0.51500,0.76,16.800,4.31
1923-04,9.10,0.51670,0.79,16.900,4.29
1923-05,8.67,0.51830,0.81,16.900,4.26
1923-06,8.34,0.52000,0.84,17.000,4.24
1923-07,8.06,0.52170,0.86,17.200,4.21
1923-08,8.10,0.52330,0.88,17.100,4.19
1923-09,8.15,0.52500,0.91,17.200,4.16
1923-10,8.03,0.52670,0.93,17.300,4.14
1923-11,8.27,0.52830,0.96,17.300,4.11
1923-12,8.55,0.53000,0.98,17.300,4.09
1924-01,8.83,0.53170,0.98,17.300,4.06
1924-02,8.87,0.53330,0.97,17.200,4.04
1924-03,8.70,0.53500,0.97,17.100,4.03
1924-04,8.50,0.53670,0.96,17.000,4.01
1924-05,8.47,0.53830,0.96,17.000,3.99
1924-06,8.63,0.54000,0.96,17.000,3.98
1924-07,9.03,0.54170,0.95,17.100,3.96
1924-08,9.34,0.54330,0.95,17.000,3.94
1924-09,9.25,0.54500,0.94,17.100,3.93
1924-10,9.13,0.54670,0.94,17.200,3.91
1924-11,9.64,0.54830,0.93,17.200,3.89
1924-12,10.16,0.55000,0.93,17.300,3.88
1925-01,10.58,0.55420,0.96,17.300,3.86
1925-02,10.67,0.55830,0.98,17.200,3.85
1925-03,10.39,0.56250,1.01,17.300,3.83
1925-04,10.28,0.56670,1.04,17.200,3.82
1925-05,10.61,0.57080,1.06,17.300,3.80
1925-06,10.80,0.57500,1.09,17.500,3.79
1925-07,11.10,0.57920,1.12,17.700,3.77
1925-08,11.25,0.58330,1.14,17.700,3.76
1925-09,11.51,0.58750,1.17,17.700,3.74
1925-10,11.89,0.59170,1.20,17.700,3.73
1925-11,12.26,0.59580,1.22,18.000,3.71
1925-12,12.46,0.60000,1.25,17.900,3.70
1926-01,12.65,0.60750,1.25,17.900,3.68
1926-02,12.67,0.61500,1.25,17.900,3.65
1926-03,11.81,0.62250,1.25,17.800,3.62
1926-04,11.48,0.63000,1.25,17.900,3.60
1926-05,11.56,0.63750,1.25,17.800,3.57
1926-06,12.11,0.64500,1.25,17.700,3.54
1926-07,12.62,0.65250,1.24,17.500,3.51
1926-08,13.12,0.66000,1.24,17.400,3.48
1926-09,13.32,0.66750,1.24,17.500,3.45
1926-10,13.02,0.67500,1.24,17.600,3.43
1926-11,13.19,0.68250,1.24,17.700,3.40
1926-12,13.49,0.69000,1.24,17.700,3.37
1927-01,13.40,0.69670,1.23,17.500,3.34
1927-02,13.66,0.70330,1.22,17.400,3.34
1927-03,13.87,0.71000,1.21,17.300,3.34
1927-04,14.21,0.71670,1.20,17.300,3.34
1927-05,14.70,0.72330,1.19,17.400,3.34
1927-06,14.89,0.73000,1.18,17.600,3.34
1927-07,15.22,0.73670,1.16,17.300,3.34
1927-08,16.03,0.74330,1.15,17.200,3.33
1927-09,16.94,0.75000,1.14,17.300,3.33
1927-10,16.68,0.75670,1.13,17.400,3.33
1927-11,17.06,0.76330,1.12,17.300,3.33
1927-12,17.46,0.77000,1.11,17.300,3.33
1928-01,17.53,0.77670,1.13,17.300,3.33
1928-02,17.32,0.78330,1.16,17.100,3.35
1928-03,18.25,0.79000,1.18,17.100,3.38
1928-04,19.40,0.79670,1.20,17.100,3.40
1928-05,20.00,0.80330,1.22,17.200,3.42
1928-06,19.02,0.81000,1.25,17.100,3.44
1928-07,19.16,0.81670,1.27,17.100,3.47
1928-08,19.78,0.82330,1.29,17.100,3.49
1928-09,21.17,0.83000,1.31,17.300,3.51
1928-10,21.60,0.83670,1.34,17.200,3.53
1928-11,23.06,0.84330,1.36,17.200,3.56
1928-12,23.15,0.85000,1.38,17.100,3.58
1929-01,24.86,0.86000,1.40,17.100,3.60
1929-02,24.99,0.87000,1.42,17.100,3.57
1929-03,25.43,0.88000,1.44,17.000,3.55
1929-04,25.28,0.89000,1.46,16.900,3.52
1929-05,25.66,0.90000,1.48,17.000,3.50
1929-06,26.15,0.91000,1.50,17.100,3.47
1929-07,28.48,0.92000,1.51,17.300,3.45
1929-08,30.10,0.93000,1.53,17.300,3.42
1929-09,31.30,0.94000,1.55,17.300,3.39
1929-10,27.99,0.95000,1.57,17.300,3.37
1929-11,20.58,0.96000,1.59,17.300,3.34
1929-12,21.40,0.97000,1.61,17.200,3.32
1930-01,21.71,0.97080,1.56,17.100,3.29
1930-02,23.07,0.97170,1.50,17.000,3.29
1930-03,23.94,0.97250,1.45,16.900,3.30
1930-04,25.46,0.97330,1.40,17.000,3.30
1930-05,23.94,0.97420,1.34,16.900,3.31
1930-06,21.52,0.97500,1.29,16.800,3.31
1930-07,21.06,0.97580,1.24,16.600,3.32
1930-08,20.79,0.97670,1.18,16.500,3.32
1930-09,20.78,0.97750,1.13,16.600,3.32
1930-10,17.92,0.97830,1.08,16.500,3.33
1930-11,16.62,0.97920,1.02,16.400,3.33
1930-12,15.51,0.98000,0.97,16.100,3.34
1931-01,15.98,0.96670,0.94,15.900,3.34
1931-02,17.20,0.95330,0.91,15.700,3.37
1931-03,17.53,0.94000,0.88,15.600,3.40
1931-04,15.86,0.92670,0.85,15.500,3.43
1931-05,14.33,0.91330,0.82,15.300,3.45
1931-06,13.87,0.90000,0.79,15.100,3.48
1931-07,14.33,0.88670,0.76,15.100,3.51
1931-08,13.90,0.87330,0.73,15.100,3.54
1931-09,11.83,0.86000,0.70,15.000,3.57
1931-10,10.25,0.84670,0.67,14.900,3.60
1931-11,10.39,0.83330,0.64,14.700,3.62
1931-12,8.44,0.82000,0.61,14.600,3.65
1932-01,8.30,0.79330,0.59,14.300,3.68
1932-02,8.23,0.76670,0.58,14.100,3.65
1932-03,8.26,0.74000,0.56,14.000,3.62
1932-04,6.28,0.71330,0.54,13.900,3.59
1932-05,5.51,0.68670,0.53,13.700,3.56
1932-06,4.77,0.66000,0.51,13.600,3.53
1932-07,5.01,0.63330,0.49,13.600,3.50
1932-08,7.53,0.60670,0.48,13.500,3.46
1932-09,8.26,0.58000,0.46,13.400,3.43
1932-10,7.12,0.55330,0.44,13.300,3.40
1932-11,7.05,0.52670,0.43,13.200,3.37
1932-12,6.82,0.50000,0.41,13.100,3.34
1933-01,7.09,0.49500,0.41,12.900,3.31
1933-02,6.25,0.49000,0.42,12.700,3.29
1933-03,6.23,0.48500,0.42,12.600,3.28
1933-04,6.89,0.48000,0.42,12.600,3.26
1933-05,8.87,0.47500,0.42,12.600,3.25
1933-06,10.39,0.47000,0.43,12.700,3.23
1933-07,11.23,0.46500,0.43,13.100,3.22
1933-08,10.67,0.46000,0.43,13.200,3.20
1933-09,10.58,0.45500,0.43,13.200,3.18
1933-10,9.55,0.45000,0.44,13.200,3.17
1933-11,9.78,0.44500,0.44,13.200,3.15
1933-12,9.97,0.44000,0.44,13.200,3.14
1934-01,10.54,0.44080,0.44,13.200,3.12
1934-02,11.32,0.44170,0.45,13.300,3.09
1934-03,10.74,0.44250,0.45,13.300,3.07
1934-04,10.92,0.44330,0.46,13.300,3.04
1934-05,9.81,0.44420,0.46,13.300,3.01
1934-06,9.94,0.44500,0.47,13.400,2.98
1934-07,9.47,0.44580,0.47,13.400,2.96
1934-08,9.10,0.44670,0.47,13.400,2.93
1934-09,8.88,0.44750,0.48,13.600,2.90
1934-10,8.95,0.44830,0.48,13.500,2.87
1934-11,9.20,0.44920,0.49,13.500,2.85
1934-12,9.26,0.45000,0.49,13.400,2.82
1935-01,9.26,0.45000,0.57,13.600,2.79
1935-02,8.98,0.45000,0.65,13.700,2.78
1935-03,8.41,0.45000,0.73,13.700,2.77
1935-04,9.04,0.44667,0.76,13.800,2.76
1935-05,9.75,0.44333,0.78,13.800,2.74
1935-06,10.12,0.44000,0.81,13.700,2.73
1935-07,10.65,0.44000,0.79,13.700,2.72
1935-08,11.37,0.44000,0.78,13.700,2.71
1935-09,11.61,0.44000,0.76,13.700,2.70
1935-10,11.92,0.45000,0.76,13.700,2.69
1935-11,13.04,0.46000,0.76,13.800,2.67
1935-12,13.04,0.47000,0.76,13.800,2.66
1936-01,13.76,0.48000,0.77,13.800,2.65
1936-02,14.55,0.49000,0.78,13.800,2.65
1936-03,14.86,0.50000,0.79,13.700,2.66
1936-04,14.88,0.51667,0.82,13.700,2.66
1936-05,14.09,0.53333,0.85,13.700,2.66
1936-06,14.69,0.55000,0.88,13.800,2.66
1936-07,15.56,0.57000,0.90,13.900,2.67
1936-08,15.87,0.59000,0.92,14.000,2.67
1936-09,16.05,0.61000,0.94,14.000,2.67
1936-10,16.89,0.64667,0.97,14.000,2.67
1936-11,17.36,0.68333,0.99,14.000,2.68
1936-12,17.06,0.72000,1.02,14.000,2.68
1937-01,17.59,0.73000,1.05,14.100,2.68
1937-02,18.11,0.74000,1.08,14.100,2.67
1937-03,18.09,0.75000,1.11,14.200,2.66
1937-04,17.01,0.78000,1.13,14.300,2.65
1937-05,16.25,0.81000,1.15,14.400,2.64
1937-06,15.64,0.84000,1.17,14.400,2.63
1937-07,16.57,0.81667,1.19,14.500,2.62
1937-08,16.74,0.79333,1.20,14.500,2.61
1937-09,14.37,0.77000,1.22,14.600,2.60
1937-10,12.28,0.78000,1.19,14.600,2.59
1937-11,11.20,0.79000,1.16,14.500,2.58
1937-12,11.02,0.80000,1.13,14.400,2.57
1938-01,11.31,0.79333,1.08,14.200,2.56
1938-02,11.04,0.78667,1.02,14.100,2.54
1938-03,10.31,0.78000,0.97,14.100,2.53
1938-04,9.89,0.76667,0.90,14.200,2.51
1938-05,9.98,0.75333,0.84,14.100,2.49
1938-06,10.21,0.74000,0.77,14.100,2.48
1938-07,12.24,0.71333,0.72,14.100,2.46
1938-08,12.31,0.68667,0.67,14.100,2.44
1938-09,11.75,0.66000,0.62,14.100,2.43
1938-10,13.06,0.61000,0.63,14.000,2.41
1938-11,13.07,0.56000,0.63,14.000,2.39
1938-12,12.69,0.51000,0.64,14.000,2.38
1939-01,12.50,0.51333,0.66,14.000,2.36
1939-02,12.40,0.51667,0.69,13.900,2.35
1939-03,12.39,0.52000,0.71,13.900,2.34
1939-04,10.83,0.52333,0.73,13.800,2.32
1939-05,11.23,0.52667,0.74,13.800,2.31
1939-06,11.43,0.53000,0.76,13.800,2.30
1939-07,11.71,0.54000,0.78,13.800,2.29
1939-08,11.54,0.55000,0.79,13.800,2.27
1939-09,12.77,0.56000,0.81,14.100,2.26
1939-10,12.90,0.58000,0.84,14.000,2.25
1939-11,12.67,0.60000,0.87,14.000,2.24
1939-12,12.37,0.62000,0.90,14.000,2.22
1940-01,12.30,0.62333,0.93,13.900,2.21
1940-02,12.22,0.62667,0.96,14.000,2.19
1940-03,12.15,0.63000,0.99,14.000,2.17
1940-04,12.27,0.63667,1.01,14.000,2.15
1940-05,10.58,0.64333,1.02,14.000,2.12
1940-06,9.67,0.65000,1.04,14.100,2.10
1940-07,9.99,0.65667,1.05,14.000,2.08
1940-08,10.20,0.66333,1.07,14.000,2.06
1940-09,10.63,0.67000,1.08,14.000,2.04
1940-10,10.73,0.67000,1.07,14.000,2.02
1940-11,10.98,0.67000,1.06,14.000,1.99
1940-12,10.53,0.67000,1.05,14.100,1.97
1941-01,10.55,0.67333,1.05,14.100,1.95
1941-02,9.89,0.67667,1.06,14.100,1.99
1941-03,9.95,0.68000,1.06,14.200,2.04
1941-04,9.64,0.68333,1.07,14.300,2.08
1941-05,9.43,0.68667,1.08,14.400,2.12
1941-06,9.76,0.69000,1.09,14.700,2.16
1941-07,10.26,0.69333,1.12,14.700,2.21
1941-08,10.21,0.69667,1.16,14.900,2.25
1941-09,10.24,0.70000,1.19,15.100,2.29
1941-10,9.83,0.70333,1.18,15.300,2.33
1941-11,9.37,0.70667,1.17,15.400,2.38
1941-12,8.76,0.71000,1.16,15.500,2.42
1942-01,8.93,0.70333,1.12,15.700,2.46
1942-02,8.65,0.69667,1.08,15.800,2.46
1942-03,8.18,0.69000,1.04,16.000,2.46
1942-04,7.84,0.68000,1.02,16.100,2.46
1942-05,7.93,0.67000,1.00,16.300,2.46
1942-06,8.33,0.66000,0.98,16.300,2.46
1942-07,8.64,0.64667,0.97,16.400,2.47
1942-08,8.59,0.63333,0.95,16.500,2.47
1942-09,8.68,0.62000,0.94,16.500,2.47
1942-10,9.32,0.61000,0.97,16.700,2.47
1942-11,9.47,0.60000,1.00,16.800,2.47
1942-12,9.52,0.59000,1.03,16.900,2.47
1943-01,10.09,0.59000,1.04,16.900,2.47
1943-02,10.69,0.59000,1.06,16.900,2.47
1943-03,11.07,0.59000,1.07,17.200,2.47
1943-04,11.44,0.59000,1.08,17.400,2.47
1943-05,11.89,0.59000,1.09,17.500,2.47
1943-06,12.10,0.59000,1.10,17.500,2.47
1943-07,12.35,0.59333,1.09,17.400,2.48
1943-08,11.74,0.59667,1.09,17.300,2.48
1943-09,11.99,0.60000,1.08,17.400,2.48
1943-10,11.88,0.60333,1.03,17.400,2.48
1943-11,11.33,0.60667,0.99,17.400,2.48
1943-12,11.48,0.61000,0.94,17.400,2.48
1944-01,11.85,0.61333,0.94,17.400,2.48
1944-02,11.77,0.61667,0.93,17.400,2.47
1944-03,12.10,0.62000,0.93,17.400,2.46
1944-04,11.89,0.62333,0.93,17.500,2.45
1944-05,12.10,0.62667,0.92,17.500,2.44
1944-06,12.67,0.63000,0.92,17.600,2.43
1944-07,13.00,0.63333,0.91,17.700,2.43
1944-08,12.81,0.63667,0.91,17.700,2.42
1944-09,12.60,0.64000,0.90,17.700,2.41
1944-10,12.91,0.64000,0.91,17.700,2.40
1944-11,12.82,0.64000,0.92,17.700,2.39
1944-12,13.10,0.64000,0.93,17.800,2.38
1945-01,13.49,0.64333,0.94,17.800,2.37
1945-02,13.94,0.64667,0.95,17.800,2.36
1945-03,13.93,0.65000,0.96,17.800,2.34
1945-04,14.28,0.65000,0.97,17.800,2.33
1945-05,14.82,0.65000,0.99,17.900,2.31
1945-06,15.09,0.65000,1.00,18.100,2.30
1945-07,14.78,0.65333,1.00,18.100,2.28
1945-08,14.83,0.65667,0.99,18.100,2.27
1945-09,15.84,0.66000,0.99,18.100,2.25
1945-10,16.50,0.66000,0.98,18.100,2.24
1945-11,17.04,0.66000,0.97,18.100,2.22
1945-12,17.33,0.66000,0.96,18.200,2.21
1946-01,18.02,0.66667,0.94,18.200,2.19
1946-02,18.07,0.67333,0.92,18.100,2.20
1946-03,17.53,0.68000,0.90,18.300,2.20
1946-04,18.66,0.68000,0.88,18.400,2.21
1946-05,18.70,0.68000,0.86,18.500,2.21
1946-06,18.58,0.68000,0.84,18.700,2.22
1946-07,18.05,0.68333,0.86,19.800,2.22
1946-08,17.70,0.68667,0.87,20.200,2.23
1946-09,15.09,0.69000,0.89,20.400,2.23
1946-10,14.75,0.69667,0.95,20.800,2.24
1946-11,14.69,0.70333,1.00,21.300,2.24
1946-12,15.13,0.71000,1.06,21.500,2.25
1947-01,15.21,0.71333,1.13,21.500,2.25
1947-02,15.80,0.71667,1.20,21.500,2.27
1947-03,15.16,0.72000,1.27,21.900,2.28
1947-04,14.60,0.73333,1.33,21.900,2.30
1947-05,14.34,0.74667,1.38,21.900,2.31
1947-06,14.84,0.76000,1.44,22.000,2.33
1947-07,15.77,0.77000,1.48,22.200,2.35
1947-08,15.46,0.78000,1.51,22.500,2.36
1947-09,15.06,0.79000,1.55,23.000,2.38
1947-10,15.45,0.80667,1.57,23.000,2.39
1947-11,15.27,0.82333,1.59,23.100,2.41
1947-12,15.03,0.84000,1.61,23.400,2.42
1948-01,14.83,0.84333,1.64,23.700,2.44
1948-02,14.10,0.84667,1.68,23.500,2.43
1948-03,14.30,0.85000,1.71,23.400,2.42
1948-04,15.40,0.85000,1.76,23.800,2.41
1948-05,16.15,0.85000,1.81,23.900,2.40
1948-06,16.82,0.85000,1.86,24.100,2.39
1948-07,16.42,0.85667,1.93,24.400,2.38
1948-08,15.94,0.86333,2.00,24.500,2.36
1948-09,15.76,0.87000,2.07,24.500,2.35
1948-10,16.19,0.89000,2.14,24.400,2.34
1948-11,15.29,0.91000,2.22,24.200,2.33
1948-12,15.19,0.93000,2.29,24.100,2.32
1949-01,15.36,0.94667,2.32,24.000,2.31
1949-02,14.77,0.96333,2.35,23.800,2.31
1949-03,14.91,0.98000,2.38,23.800,2.31
1949-04,14.89,0.99333,2.39,23.900,2.31
1949-05,14.78,1.00667,2.39,23.800,2.31
1949-06,13.97,1.02000,2.40,23.900,2.31
1949-07,14.76,1.02667,2.40,23.700,2.32
1949-08,15.29,1.03333,2.39,23.800,2.32
1949-09,15.49,1.04000,2.39,23.900,2.32
1949-10,15.89,1.07333,2.37,23.700,2.32
1949-11,16.11,1.10667,2.34,23.800,2.32
1949-12,16.54,1.14000,2.32,23.600,2.32
1950-01,16.88,1.15000,2.34,23.500,2.32
1950-02,17.21,1.16000,2.35,23.500,2.34
1950-03,17.35,1.17000,2.37,23.600,2.36
1950-04,17.84,1.18000,2.43,23.600,2.38
1950-05,18.44,1.19000,2.48,23.700,2.40
1950-06,18.74,1.20000,2.54,23.800,2.42
1950-07,17.38,1.24333,2.60,24.100,2.45
1950-08,18.43,1.28667,2.66,24.300,2.47
1950-09,19.08,1.33000,2.72,24.400,2.49
1950-10,19.87,1.37667,2.76,24.600,2.51
1950-11,19.83,1.42333,2.80,24.700,2.53
1950-12,19.75,1.47000,2.84,25.000,2.55
1951-01,21.21,1.48667,2.84,25.400,2.57
1951-02,22.00,1.50333,2.83,25.700,2.58
1951-03,21.63,1.52000,2.83,25.800,2.59
1951-04,21.92,1.53333,2.79,25.800,2.60
1951-05,21.93,1.54667,2.76,25.900,2.61
1951-06,21.55,1.56000,2.72,25.900,2.62
1951-07,21.93,1.54667,2.65,25.900,2.63
1951-08,22.89,1.53333,2.58,25.900,2.63
1951-09,23.48,1.52000,2.51,26.100,2.64
1951-10,23.36,1.48333,2.49,26.200,2.65
1951-11,22.71,1.44667,2.46,26.400,2.66
1951-12,23.41,1.41000,2.44,26.500,2.67
1952-01,24.19,1.41333,2.43,26.500,2.68
1952-02,23.75,1.41667,2.41,26.300,2.69
1952-03,23.81,1.42000,2.40,26.300,2.70
1952-04,23.74,1.43000,2.38,26.400,2.72
1952-05,23.73,1.44000,2.36,26.400,2.80
1952-06,24.38,1.45000,2.34,26.500,2.86
1952-07,25.08,1.45000,2.35,26.700,2.81
1952-08,25.18,1.45000,2.35,26.700,2.84
1952-09,24.78,1.45000,2.36,26.700,2.81
1952-10,24.26,1.43667,2.37,26.700,2.67
1952-11,25.03,1.42333,2.39,26.700,2.68
1952-12,26.04,1.41000,2.40,26.700,2.60
1953-01,26.18,1.41000,2.41,26.600,2.83
1953-02,25.86,1.41000,2.42,26.500,2.80
1953-03,25.99,1.41000,2.43,26.600,2.77
1953-04,24.71,1.41333,2.46,26.600,2.83
1953-05,24.84,1.41667,2.48,26.700,3.05
1953-06,23.95,1.42000,2.51,26.800,3.11
1953-07,24.29,1.42000,2.52,26.800,2.93
1953-08,24.39,1.42000,2.54,26.900,2.95
1953-09,23.27,1.42000,2.55,26.900,2.87
1953-10,23.97,1.43000,2.54,27.000,2.66
1953-11,24.50,1.44000,2.52,26.900,2.68
1953-12,24.83,1.45000,2.51,26.900,2.59
1954-01,25.46,1.45667,2.52,26.900,2.48
1954-02,26.02,1.46333,2.54,26.900,2.47
1954-03,26.57,1.47000,2.55,26.900,2.37
1954-04,27.63,1.46333,2.57,26.800,2.29
1954-05,28.73,1.45667,2.60,26.900,2.37
1954-06,28.96,1.45000,2.62,26.900,2.38
1954-07,30.13,1.45667,2.62,26.900,2.30
1954-08,30.73,1.46333,2.63,26.900,2.36
1954-09,31.45,1.47000,2.63,26.800,2.38
1954-10,32.18,1.49333,2.68,26.800,2.43
1954-11,33.44,1.51667,2.72,26.800,2.48
1954-12,34.97,1.54000,2.77,26.700,2.51
1955-01,35.60,1.54667,2.83,26.700,2.61
1955-02,36.79,1.55333,2.90,26.700,2.65
1955-03,36.50,1.56000,2.96,26.700,2.68
1955-04,37.76,1.56333,3.05,26.700,2.75
1955-05,37.60,1.56667,3.13,26.700,2.76
1955-06,39.78,1.57000,3.22,26.700,2.78
1955-07,42.69,1.58667,3.29,26.800,2.90
1955-08,42.43,1.60333,3.37,26.800,2.97
1955-09,44.34,1.62000,3.44,26.900,2.97
1955-10,42.11,1.62667,3.50,26.900,2.88
1955-11,44.95,1.63333,3.56,26.900,2.89
1955-12,45.37,1.64000,3.62,26.800,2.96
1956-01,44.15,1.67000,3.64,26.800,2.90
1956-02,44.43,1.70000,3.67,26.800,2.84
1956-03,47.49,1.73000,3.69,26.800,2.96
1956-04,48.05,1.75333,3.66,26.900,3.18
1956-05,46.54,1.77667,3.63,27.000,3.07
1956-06,46.27,1.80000,3.60,27.200,3.00
1956-07,48.78,1.81333,3.55,27.400,3.11
1956-08,48.49,1.82667,3.51,27.300,3.33
1956-09,46.84,1.84000,3.46,27.400,3.38
1956-10,46.24,1.80667,3.44,27.500,3.34
1956-11,45.76,1.77333,3.43,27.500,3.49
1956-12,46.44,1.74000,3.41,27.600,3.59
1957-01,45.43,1.73667,3.41,27.600,3.46
1957-02,43.47,1.73333,3.40,27.700,3.34
1957-03,44.03,1.73000,3.40,27.800,3.41
1957-04,45.05,1.73000,3.41,27.900,3.48
1957-05,46.78,1.73000,3.41,28.000,3.60
1957-06,47.55,1.73000,3.42,28.100,3.80
1957-07,48.51,1.74000,3.44,28.300,3.93
1957-08,45.84,1.75000,3.45,28.300,3.93
1957-09,43.98,1.76000,3.47,28.300,3.92
1957-10,41.24,1.77000,3.44,28.300,3.97
1957-11,40.35,1.78000,3.40,28.400,3.72
1957-12,40.33,1.79000,3.37,28.400,3.21
1958-01,41.12,1.78333,3.29,28.600,3.09
1958-02,41.26,1.77667,3.22,28.600,3.05
1958-03,42.11,1.77000,3.14,28.800,2.98
1958-04,42.34,1.75667,3.07,28.900,2.88
1958-05,43.70,1.74333,3.00,28.900,2.92
1958-06,44.75,1.73000,2.93,28.900,2.97
1958-07,45.98,1.73000,2.91,29.000,3.20
1958-08,47.70,1.73000,2.90,28.900,3.54
1958-09,48.96,1.73000,2.88,28.900,3.76
1958-10,50.95,1.73667,2.88,28.900,3.80
1958-11,52.50,1.74333,2.89,29.000,3.74
1958-12,53.49,1.75000,2.89,28.900,3.86
1959-01,55.62,1.75667,2.96,29.000,4.02
1959-02,54.77,1.76333,3.04,28.900,3.96
1959-03,56.16,1.77000,3.11,28.900,3.99
1959-04,57.10,1.77667,3.21,29.000,4.12
1959-05,57.96,1.78333,3.30,29.000,4.31
1959-06,57.46,1.79000,3.40,29.100,4.34
1959-07,59.74,1.79667,3.41,29.200,4.40
1959-08,59.40,1.80333,3.42,29.200,4.43
1959-09,57.05,1.81000,3.43,29.300,4.68
1959-10,57.00,1.81667,3.42,29.400,4.53
1959-11,57.23,1.82333,3.40,29.400,4.53
1959-12,59.06,1.83000,3.39,29.400,4.69
1960-01,58.03,1.86667,3.39,29.300,4.72
1960-02,55.78,1.90333,3.39,29.400,4.49
1960-03,55.02,1.94000,3.39,29.400,4.25
1960-04,55.73,1.94333,3.35,29.500,4.28
1960-05,55.22,1.94667,3.30,29.500,4.35
1960-06,57.26,1.95000,3.26,29.600,4.15
1960-07,55.84,1.95000,3.26,29.600,3.90
1960-08,56.51,1.95000,3.27,29.600,3.80
1960-09,54.81,1.95000,3.27,29.600,3.80
1960-10,53.73,1.95000,3.27,29.800,3.89
1960-11,55.47,1.95000,3.27,29.800,3.93
1960-12,56.80,1.95000,3.27,29.800,3.84
1961-01,59.72,1.94667,3.21,29.800,3.84
1961-02,62.17,1.94333,3.15,29.800,3.78
1961-03,64.12,1.94000,3.09,29.800,3.74
1961-04,65.83,1.94000,3.07,29.800,3.78
1961-05,66.50,1.94000,3.05,29.800,3.71
1961-06,65.62,1.94000,3.03,29.800,3.88
1961-07,65.44,1.94667,3.04,30.000,3.92
1961-08,67.79,1.95333,3.04,29.900,4.04
1961-09,67.26,1.96000,3.05,30.000,3.98
1961-10,68.00,1.98000,3.10,30.000,3.92
1961-11,71.08,2.00000,3.14,30.000,3.94
1961-12,71.74,2.02000,3.19,30.000,4.06
1962-01,69.07,2.02667,3.25,30.000,4.08
1962-02,70.22,2.03333,3.31,30.100,4.04
1962-03,70.29,2.04000,3.37,30.100,3.93
1962-04,68.05,2.04667,3.40,30.200,3.84
1962-05,62.99,2.05333,3.44,30.200,3.87
1962-06,55.63,2.06000,3.47,30.200,3.91
1962-07,56.97,2.06667,3.49,30.300,4.01
1962-08,58.52,2.07333,3.51,30.300,3.98
1962-09,58.00,2.08000,3.53,30.400,3.98
1962-10,56.17,2.09667,3.58,30.400,3.93
1962-11,60.04,2.11333,3.62,30.400,3.92
1962-12,62.64,2.13000,3.67,30.400,3.86
1963-01,65.06,2.13667,3.68,30.400,3.83
1963-02,65.92,2.14333,3.70,30.400,3.92
1963-03,65.67,2.15000,3.71,30.500,3.93
1963-04,68.76,2.16667,3.75,30.500,3.97
1963-05,70.14,2.18333,3.80,30.500,3.93
1963-06,70.11,2.20000,3.84,30.600,3.99
1963-07,69.07,2.20333,3.88,30.700,4.02
1963-08,70.98,2.20667,3.92,30.700,4.00
1963-09,72.85,2.21000,3.96,30.700,4.08
1963-10,73.03,2.23333,3.98,30.800,4.11
1963-11,72.62,2.25667,4.00,30.800,4.12
1963-12,74.17,2.28000,4.02,30.900,4.13
1964-01,76.45,2.29667,4.07,30.900,4.17
1964-02,77.39,2.31333,4.13,30.900,4.15
1964-03,78.80,2.33000,4.18,30.900,4.22
1964-04,79.94,2.34667,4.23,30.900,4.23
1964-05,80.72,2.36333,4.28,30.900,4.20
1964-06,80.24,2.38000,4.33,31.000,4.17
1964-07,83.22,2.40000,4.38,31.100,4.19
1964-08,82.00,2.42000,4.42,31.000,4.19
1964-09,83.41,2.44000,4.47,31.100,4.20
1964-10,84.85,2.46000,4.50,31.100,4.19
1964-11,85.44,2.48000,4.52,31.200,4.15
1964-12,83.96,2.50000,4.55,31.200,4.18
1965-01,86.12,2.51667,4.59,31.200,4.19
1965-02,86.75,2.53333,4.64,31.200,4.21
1965-03,86.83,2.55000,4.68,31.300,4.21
1965-04,87.97,2.57000,4.73,31.400,4.20
1965-05,89.28,2.59000,4.79,31.400,4.21
1965-06,85.04,2.61000,4.84,31.600,4.21
1965-07,84.91,2.62667,4.89,31.600,4.20
1965-08,86.49,2.64333,4.93,31.600,4.25
1965-09,89.38,2.66000,4.98,31.600,4.29
1965-10,91.39,2.68000,5.05,31.700,4.35
1965-11,92.15,2.70000,5.12,31.700,4.45
1965-12,91.73,2.72000,5.19,31.800,4.62
1966-01,93.32,2.74000,5.24,31.800,4.61
1966-02,92.69,2.76000,5.29,32.000,4.83
1966-03,88.88,2.78000,5.34,32.100,4.87
1966-04,91.60,2.79667,5.38,32.300,4.75
1966-05,86.78,2.81333,5.42,32.300,4.78
1966-06,86.06,2.83000,5.46,32.400,4.81
1966-07,85.84,2.85000,5.48,32.500,5.02
1966-08,80.65,2.87000,5.49,32.700,5.22
1966-09,77.81,2.89000,5.51,32.700,5.18
1966-10,77.13,2.88333,5.52,32.900,5.01
1966-11,80.99,2.87667,5.54,32.900,5.16
1966-12,81.33,2.87000,5.55,32.900,4.84
1967-01,84.45,2.88000,5.52,32.900,4.58
1967-02,87.36,2.89000,5.48,32.900,4.63
1967-03,89.42,2.90000,5.45,33.000,4.54
1967-04,90.96,2.90000,5.41,33.100,4.59
1967-05,92.59,2.90000,5.37,33.200,4.85
1967-06,91.43,2.90000,5.33,33.300,5.02
1967-07,93.01,2.90667,5.32,33.400,5.16
1967-08,94.49,2.91333,5.31,33.500,5.28
1967-09,95.81,2.92000,5.30,33.600,5.30
1967-10,95.66,2.92000,5.31,33.700,5.48
1967-11,92.66,2.92000,5.32,33.800,5.75
1967-12,95.30,2.92000,5.33,33.900,5.70
1968-01,95.04,2.93000,5.37,34.100,5.53
1968-02,90.75,2.94000,5.40,34.200,5.56
1968-03,89.09,2.95000,5.44,34.300,5.74
1968-04,95.67,2.96333,5.48,34.400,5.64
1968-05,97.87,2.97667,5.53,34.500,5.87
1968-06,100.50,2.99000,5.57,34.700,5.72
1968-07,100.30,3.00333,5.60,34.900,5.50
1968-08,98.11,3.01667,5.63,35.000,5.42
1968-09,101.30,3.03000,5.66,35.100,5.46
1968-10,103.80,3.04333,5.69,35.300,5.58
1968-11,105.40,3.05667,5.73,35.400,5.70
1968-12,106.50,3.07000,5.76,35.500,6.03
1969-01,102.00,3.08000,5.78,35.600,6.04
1969-02,101.50,3.09000,5.80,35.800,6.19
1969-03,99.30,3.10000,5.82,36.100,6.30
1969-04,101.30,3.11000,5.83,36.300,6.17
1969-05,104.60,3.12000,5.83,36.400,6.32
1969-06,99.14,3.13000,5.84,36.600,6.57
1969-07,94.71,3.13667,5.86,36.800,6.72
1969-08,94.18,3.14333,5.87,37.000,6.69
1969-09,94.51,3.15000,5.89,37.100,7.16
1969-10,95.52,3.15333,5.85,37.300,7.10
1969-11,96.21,3.15667,5.82,37.500,7.14
1969-12,91.11,3.16000,5.78,37.700,7.65
1970-01,90.31,3.16333,5.73,37.800,7.79
1970-02,87.16,3.16667,5.68,38.000,7.24
1970-03,88.65,3.17000,5.63,38.200,7.07
1970-04,85.95,3.17333,5.59,38.500,7.39
1970-05,76.06,3.17667,5.56,38.600,7.91
1970-06,75.59,3.18000,5.52,38.800,7.84
1970-07,75.72,3.18333,5.47,39.000,7.46
1970-08,77.92,3.18667,5.41,39.000,7.53
1970-09,82.58,3.19000,5.36,39.200,7.39
1970-10,84.37,3.17333,5.28,39.400,7.33
1970-11,84.28,3.15667,5.21,39.600,6.84
1970-12,90.05,3.14000,5.13,39.800,6.39
1971-01,93.49,3.13000,5.16,39.800,6.24
1971-02,97.11,3.12000,5.19,39.900,6.11
1971-03,99.60,3.11000,5.22,40.000,5.70
1971-04,103.00,3.10667,5.25,40.100,5.83
1971-05,101.60,3.10333,5.29,40.300,6.39
1971-06,99.72,3.10000,5.32,40.600,6.52
1971-07,99.00,3.09667,5.36,40.700,6.73
1971-08,97.24,3.09333,5.39,40.800,6.58
1971-09,99.40,3.09000,5.43,40.800,6.14
1971-10,97.29,3.08333,5.52,40.900,5.93
1971-11,92.78,3.07667,5.61,40.900,5.81
1971-12,99.17,3.07000,5.70,41.100,5.93
1972-01,103.30,3.07000,5.74,41.100,5.95
1972-02,105.20,3.07000,5.77,41.300,6.08
1972-03,107.70,3.07000,5.81,41.400,6.07
1972-04,108.80,3.07000,5.86,41.500,6.19
1972-05,107.70,3.07000,5.92,41.600,6.13
1972-06,108.00,3.07000,5.97,41.700,6.11
1972-07,107.20,3.07333,6.03,41.900,6.11
1972-08,111.00,3.07667,6.08,42.000,6.21
1972-09,109.40,3.08000,6.14,42.100,6.55
1972-10,109.60,3.10333,6.23,42.300,6.48
1972-11,115.10,3.12667,6.33,42.400,6.28
1972-12,117.50,3.15000,6.42,42.500,6.36
1973-01,118.40,3.15667,6.55,42.600,6.46
1973-02,114.20,3.16333,6.67,42.900,6.64
1973-03,112.40,3.17000,6.80,43.300,6.71
1973-04,110.30,3.18667,6.94,43.600,6.67
1973-05,107.20,3.20333,7.09,43.900,6.85
1973-06,104.80,3.22000,7.23,44.200,6.90
1973-07,105.80,3.23667,7.38,44.300,7.13
1973-08,103.80,3.25333,7.54,45.100,7.40
1973-09,105.60,3.27000,7.69,45.200,7.09
1973-10,109.80,3.30667,7.85,45.600,6.79
1973-11,102.00,3.34333,8.00,45.900,6.73
1973-12,94.78,3.38000,8.16,46.200,6.74
1974-01,96.11,3.40000,8.23,46.600,6.99
1974-02,93.45,3.42000,8.29,47.200,6.96
1974-03,97.44,3.44000,8.36,47.800,7.21
1974-04,92.46,3.46000,8.49,48.000,7.51
1974-05,89.67,3.48000,8.61,48.600,7.58
1974-06,89.79,3.50000,8.74,49.000,7.54
1974-07,79.31,3.53000,8.86,49.400,7.81
1974-08,76.03,3.56000,8.99,50.000,8.04
1974-09,68.12,3.59000,9.11,50.600,8.04
1974-10,69.44,3.59333,9.04,51.100,7.90
1974-11,71.74,3.59667,8.96,51.500,7.68
1974-12,67.07,3.60000,8.89,51.900,7.43
1975-01,72.56,3.62333,8.74,52.100,7.50
1975-02,80.10,3.64667,8.60,52.500,7.39
1975-03,83.78,3.67000,8.45,52.700,7.73
1975-04,84.72,3.68333,8.29,52.900,8.23
1975-05,90.10,3.69667,8.12,53.200,8.06
1975-06,92.40,3.71000,7.96,53.600,7.86
1975-07,92.49,3.71000,7.89,54.200,8.06
1975-08,85.71,3.71000,7.83,54.300,8.40
1975-09,84.67,3.71000,7.76,54.600,8.43
1975-10,88.57,3.70000,7.83,54.900,8.14
1975-11,90.07,3.69000,7.89,55.300,8.05
1975-12,88.70,3.68000,7.96,55.500,8.00
1976-01,96.86,3.68333,8.19,55.600,7.74
1976-02,100.60,3.68667,8.43,55.800,7.79
1976-03,101.10,3.69000,8.66,55.900,7.73
1976-04,101.90,3.71333,8.86,56.100,7.56
1976-05,101.20,3.73667,9.05,56.500,7.90
1976-06,101.80,3.76000,9.25,56.800,7.86
1976-07,104.20,3.79000,9.35,57.100,7.83
1976-08,103.30,3.82000,9.45,57.400,7.77
1976-09,105.50,3.85000,9.55,57.600,7.59
1976-10,101.90,3.91667,9.67,57.900,7.41
1976-11,101.20,3.98333,9.79,58.000,7.29
1976-12,104.70,4.05000,9.91,58.200,6.87
1977-01,103.80,4.09667,9.97,58.500,7.21
1977-02,101.00,4.14333,10.02,59.100,7.39
1977-03,100.60,4.19000,10.08,59.500,7.46
1977-04,99.05,4.24667,10.19,60.000,7.37
1977-05,98.76,4.30333,10.31,60.300,7.46
1977-06,99.29,4.36000,10.42,60.700,7.28
1977-07,100.20,4.40667,10.52,61.000,7.33
1977-08,97.75,4.45333,10.61,61.200,7.40
1977-09,96.23,4.50000,10.71,61.400,7.34
1977-10,93.74,4.55667,10.77,61.600,7.52
1977-11,94.28,4.61333,10.83,61.900,7.58
1977-12,93.82,4.67000,10.89,62.100,7.69
1978-01,90.25,4.71333,10.90,62.500,7.96
1978-02,88.98,4.75667,10.91,62.900,8.03
1978-03,88.82,4.80000,10.92,63.400,8.04
1978-04,92.71,4.83667,11.02,63.900,8.15
1978-05,97.41,4.87333,11.13,64.500,8.35
1978-06,97.66,4.91000,11.23,65.200,8.46
1978-07,97.19,4.94667,11.34,65.700,8.64
1978-08,103.90,4.98333,11.46,66.000,8.41
1978-09,103.90,5.02000,11.57,66.500,8.42
1978-10,100.60,5.03667,11.82,67.100,8.64
1978-11,94.71,5.05333,12.08,67.400,8.81
1978-12,96.11,5.07000,12.33,67.700,9.01
1979-01,99.71,5.11333,12.65,68.300,9.10
1979-02,98.23,5.15667,12.98,69.100,9.10
1979-03,100.10,5.20000,13.30,69.800,9.12
1979-04,102.10,5.24667,13.53,70.600,9.18
1979-05,99.73,5.29333,13.75,71.500,9.25
1979-06,101.70,5.34000,13.98,72.300,8.91
1979-07,102.70,5.39667,14.20,73.100,8.95
1979-08,107.40,5.45333,14.41,73.800,9.03
1979-09,108.60,5.51000,14.63,74.600,9.33
1979-10,104.50,5.55667,14.71,75.200,10.30
1979-11,103.70,5.60333,14.78,75.900,10.65
1979-12,107.80,5.65000,14.86,76.700,10.39
1980-01,110.90,5.70000,15.00,77.800,10.80
1980-02,115.30,5.75000,15.15,78.900,12.41
1980-03,104.70,5.80000,15.29,80.100,12.75
1980-04,103.00,5.84667,15.17,81.000,11.47
1980-05,107.70,5.89333,15.06,81.800,10.18
1980-06,114.60,5.94000,14.94,82.700,9.78
1980-07,119.80,5.98333,14.84,82.700,10.25
1980-08,123.50,6.02667,14.74,83.300,11.10
1980-09,126.50,6.07000,14.64,84.000,11.51
1980-10,130.20,6.10000,14.70,84.800,11.75
1980-11,135.70,6.13000,14.76,85.500,12.68
1980-12,133.50,6.16000,14.82,86.300,12.84
1981-01,133.00,6.20000,14.74,87.000,12.57
1981-02,128.40,6.24000,14.66,87.900,13.19
1981-03,133.20,6.28000,14.58,88.500,13.12
1981-04,134.40,6.31667,14.72,89.100,13.68
1981-05,131.70,6.35333,14.87,89.800,14.10
1981-06,132.30,6.39000,15.01,90.600,13.47
1981-07,129.10,6.43333,15.10,91.600,14.28
1981-08,129.60,6.47667,15.18,92.300,14.94
1981-09,118.30,6.52000,15.27,93.200,15.32
1981-10,119.80,6.55667,15.30,93.400,15.15
1981-11,122.90,6.59333,15.33,93.700,13.39
1981-12,123.80,6.63000,15.36,94.000,13.72
1982-01,117.30,6.66000,15.18,94.300,14.59
1982-02,114.50,6.69000,14.99,94.600,14.43
1982-03,110.80,6.72000,14.81,94.500,13.86
1982-04,116.30,6.75000,14.60,94.900,13.87
1982-05,116.40,6.78000,14.38,95.800,13.62
1982-06,109.70,6.81000,14.17,97.000,14.30
1982-07,109.40,6.82333,13.97,97.500,13.95
1982-08,109.70,6.83667,13.76,97.700,13.06
1982-09,122.40,6.85000,13.56,97.900,12.34
1982-10,132.70,6.85667,13.25,98.200,10.91
1982-11,138.10,6.86333,12.95,98.000,10.55
1982-12,139.40,6.87000,12.64,97.600,10.54
1983-01,144.30,6.88333,12.57,97.800,10.46
1983-02,146.80,6.89667,12.49,97.900,10.72
1983-03,151.90,6.91000,12.42,97.900,10.51
1983-04,157.70,6.92000,12.48,98.600,10.40
1983-05,164.10,6.93000,12.53,99.200,10.38
1983-06,166.40,6.94000,12.59,99.500,10.85
1983-07,167.00,6.96000,12.83,99.900,11.38
1983-08,162.40,6.98000,13.06,100.200,11.85
1983-09,167.20,7.00000,13.30,100.700,11.65
1983-10,167.70,7.03000,13.54,101.000,11.54
1983-11,165.20,7.06000,13.79,101.200,11.69
1983-12,164.40,7.09000,14.03,101.300,11.83
1984-01,166.40,7.12000,14.44,101.900,11.67
1984-02,157.30,7.15000,14.85,102.400,11.84
1984-03,157.40,7.18000,15.26,102.600,12.32
1984-04,157.60,7.22333,15.57,103.100,12.63
1984-05,156.60,7.26667,15.89,103.400,13.41
1984-06,153.10,7.31000,16.20,103.700,13.56
1984-07,151.10,7.33333,16.32,104.100,13.36
1984-08,164.40,7.35667,16.44,104.500,12.72
1984-09,166.10,7.38000,16.56,105.000,12.52
1984-10,164.80,7.43000,16.59,105.300,12.16
1984-11,166.30,7.48000,16.61,105.300,11.57
1984-12,164.50,7.53000,16.64,105.300,11.50
1985-01,171.60,7.57333,16.56,105.500,11.38
1985-02,180.90,7.61667,16.47,106.000,11.51
1985-03,179.40,7.66000,16.39,106.400,11.86
1985-04,180.60,7.68667,16.13,106.900,11.43
1985-05,184.90,7.71333,15.87,107.300,10.85
1985-06,188.90,7.74000,15.61,107.600,10.16
1985-07,192.50,7.77333,15.48,107.800,10.31
1985-08,188.30,7.80667,15.36,108.000,10.33
1985-09,184.10,7.84000,15.23,108.300,10.37
1985-10,186.20,7.86000,15.02,108.700,10.24
1985-11,197.50,7.88000,14.82,109.000,9.78
1985-12,207.30,7.90000,14.61,109.300,9.26
1986-01,208.20,7.94000,14.58,109.600,9.19
1986-02,219.40,7.98000,14.55,109.300,8.70
1986-03,232.30,8.02000,14.52,108.800,7.78
1986-04,238.00,8.04667,14.58,108.600,7.30
1986-05,238.50,8.07333,14.65,108.900,7.71
1986-06,245.30,8.10000,14.71,109.500,7.80
1986-07,240.20,8.14333,14.76,109.500,7.30
1986-08,245.00,8.18667,14.80,109.700,7.17
1986-09,238.30,8.23000,14.85,110.200,7.45
1986-10,237.40,8.24667,14.73,110.300,7.43
1986-11,245.10,8.26333,14.60,110.400,7.25
1986-12,248.60,8.28000,14.48,110.500,7.11
1987-01,264.50,8.30000,14.69,111.200,7.08
1987-02,280.90,8.32000,14.89,111.600,7.25
1987-03,292.50,8.34000,15.10,112.100,7.25
1987-04,289.30,8.40000,14.87,112.700,8.02
1987-05,289.10,8.46000,14.65,113.100,8.61
1987-06,301.40,8.52000,14.42,113.500,8.40
1987-07,310.10,8.56667,14.90,113.800,8.45
1987-08,329.40,8.61333,15.38,114.400,8.76
1987-09,318.70,8.66000,15.86,115.000,9.42
1987-10,280.20,8.71000,16.41,115.300,9.52
1987-11,245.00,8.76000,16.95,115.400,8.86
1987-12,241.00,8.81000,17.50,115.400,8.99
1988-01,250.50,8.85667,17.86,115.700,8.67
1988-02,258.10,8.90333,18.23,116.000,8.21
1988-03,265.70,8.95000,18.59,116.500,8.37
1988-04,262.60,9.04333,19.62,117.100,8.72
1988-05,256.10,9.13667,20.64,117.500,9.09
1988-06,270.70,9.23000,21.67,118.000,8.92
1988-07,269.10,9.30667,22.02,118.500,9.06
1988-08,263.70,9.38333,22.38,119.000,9.26
1988-09,268.00,9.46000,22.73,119.800,8.98
1988-10,277.40,9.55000,23.07,120.200,8.80
1988-11,271.00,9.64000,23.42,120.300,8.96
1988-12,276.50,9.75000,23.75,120.500,9.11
1989-01,285.40,9.81333,24.16,121.100,9.09
1989-02,294.00,9.89667,24.56,121.600,9.17
1989-03,292.70,10.01000,24.96,122.300,9.36
1989-04,302.30,10.08670,25.05,123.100,9.18
1989-05,313.90,10.19330,25.13,123.800,8.86
1989-06,323.70,10.37000,25.22,124.100,8.28
1989-07,331.90,10.42330,24.71,124.400,8.02
1989-08,346.60,10.54670,24.20,124.600,8.11
1989-09,347.30,10.73000,23.69,125.000,8.19
1989-10,347.40,10.79670,23.43,125.600,8.01
1989-11,340.20,10.92330,23.16,125.900,7.87
1989-12,348.60,11.06000,22.87,126.100,7.84
1990-01,339.97,11.14000,22.49,127.400,8.21
1990-02,330.45,11.23000,22.08,128.000,8.47
1990-03,338.46,11.32000,21.67,128.700,8.59
1990-04,338.18,11.43670,21.53,128.900,8.79
1990-05,350.25,11.55330,21.40,129.200,8.76
1990-06,360.39,11.66000,21.26,129.900,8.48
1990-07,360.03,11.72670,21.42,130.400,8.47
1990-08,330.75,11.78330,21.58,131.600,8.75
1990-09,315.41,11.83000,21.74,132.700,8.89
1990-10,307.12,11.92670,21.61,133.500,8.72
1990-11,315.29,12.01330,21.47,133.800,8.39
1990-12,328.75,12.09000,21.34,133.800,8.08
1991-01,325.49,12.10670,21.18,134.600,8.09
1991-02,362.26,12.11330,21.03,134.800,7.85
1991-03,372.28,12.11000,20.94,135.000,8.11
1991-04,379.68,12.13000,20.36,135.200,8.04
1991-05,377.99,12.14000,19.86,135.600,8.07
1991-06,378.29,12.15000,19.41,136.000,8.28
1991-07,380.23,12.19330,18.84,136.200,8.27
1991-08,389.40,12.23670,18.33,136.600,7.90
1991-09,387.20,12.28000,17.82,137.200,7.65
1991-10,386.88,12.25330,17.20,137.400,7.53
1991-11,385.92,12.22670,16.59,137.800,7.42
1991-12,388.51,12.20000,15.97,137.900,7.09
1992-01,416.08,12.24000,16.05,138.100,7.03
1992-02,412.56,12.28000,16.12,138.600,7.34
1992-03,407.36,12.32000,16.19,139.300,7.54
1992-04,407.41,12.32000,16.48,139.500,7.48
1992-05,414.81,12.32000,16.77,139.700,7.39
1992-06,408.27,12.32000,17.05,140.200,7.26
1992-07,415.05,12.34330,17.38,140.500,6.84
1992-08,417.93,12.36670,17.71,140.900,6.59
1992-09,418.48,12.40000,18.04,141.300,6.42
1992-10,412.50,12.38670,18.39,141.800,6.59
1992-11,422.84,12.38330,18.74,142.000,6.87
1992-12,435.64,12.39000,19.09,141.900,6.77
1993-01,435.23,12.41330,19.34,142.600,6.60
1993-02,441.70,12.44670,19.59,143.100,6.26
1993-03,450.16,12.48000,19.84,143.600,5.98
1993-04,443.08,12.49330,19.67,144.000,5.97
1993-05,445.25,12.50670,19.50,144.200,6.04
1993-06,448.06,12.52000,19.33,144.400,5.96
1993-07,447.29,12.52000,19.69,144.400,5.81
1993-08,454.13,12.52000,20.05,144.800,5.68
1993-09,459.24,12.52000,20.41,145.100,5.36
1993-10,463.90,12.54000,20.90,145.700,5.33
1993-11,462.89,12.56000,21.39,145.800,5.72
1993-12,465.95,12.58000,21.89,145.800,5.77
1994-01,472.99,12.62330,22.16,146.200,5.75
1994-02,471.58,12.66670,22.43,146.700,5.97
1994-03,463.81,12.71000,22.71,147.200,6.48
1994-04,447.23,12.75330,23.54,147.400,6.97
1994-05,450.90,12.79670,24.37,147.500,7.18
1994-06,454.83,12.84000,25.20,148.000,7.10
1994-07,451.40,12.87000,25.91,148.400,7.30
1994-08,464.24,12.90000,26.62,149.000,7.24
1994-09,466.96,12.92000,27.33,149.400,7.46
1994-10,463.81,13.01330,28.42,149.500,7.74
1994-11,461.01,13.09670,29.51,149.700,7.96
1994-12,455.19,13.17000,30.60,149.700,7.81
1995-01,465.25,13.18000,31.25,150.300,7.78
1995-02,481.92,13.18000,31.90,150.900,7.47
1995-03,493.15,13.17000,32.55,151.400,7.20
1995-04,507.91,13.24330,33.18,151.900,7.06
1995-05,523.81,13.30670,33.80,152.200,6.63
1995-06,539.35,13.36000,34.43,152.500,6.17
1995-07,557.37,13.44000,34.68,152.500,6.28
1995-08,559.11,13.51000,34.93,152.900,6.49
1995-09,578.77,13.58000,35.18,153.200,6.20
1995-10,582.92,13.65000,34.77,153.700,6.04
1995-11,595.53,13.72000,34.37,153.600,5.93
1995-12,614.57,13.79000,33.96,153.500,5.71
1996-01,614.42,13.89330,33.99,154.400,5.65
1996-02,649.54,13.99670,34.01,154.900,5.81
1996-03,647.07,14.10000,34.04,155.700,6.27
1996-04,647.17,14.15670,34.33,156.300,6.51
1996-05,661.23,14.21330,34.62,156.600,6.74
1996-06,668.50,14.27000,34.91,156.700,6.91
1996-07,644.07,14.40000,35.27,157.000,6.87
1996-08,662.68,14.53000,35.64,157.300,6.64
1996-09,674.88,14.66000,36.00,157.800,6.83
1996-10,701.46,14.74000,36.91,158.300,6.53
1996-11,735.67,14.82000,37.82,158.600,6.20
1996-12,743.25,14.90000,38.73,158.600,6.30
1997-01,766.22,14.95330,39.23,159.100,6.58
1997-02,798.39,15.00670,39.74,159.600,6.42
1997-03,792.16,15.06000,40.24,160.000,6.69
1997-04,763.93,15.09330,40.34,160.200,6.89
1997-05,833.09,15.12670,40.45,160.100,6.71
1997-06,876.29,15.16000,40.55,160.300,6.49
1997-07,925.29,15.21670,40.58,160.500,6.22
1997-08,927.24,15.27330,40.61,160.800,6.30
1997-09,937.02,15.33000,40.64,161.200,6.21
1997-10,951.16,15.38670,40.33,161.600,6.03
1997-11,938.92,15.44330,40.03,161.500,5.88
1997-12,962.37,15.50000,39.72,161.300,5.81
1998-01,963.36,15.55000,39.66,161.600,5.54
1998-02,1023.74,15.60000,39.60,161.900,5.57
1998-03,1076.83,15.64000,39.54,162.200,5.65
1998-04,1112.20,15.75000,39.35,162.500,5.64
1998-05,1108.42,15.85000,39.16,162.800,5.65
1998-06,1108.39,15.95000,38.97,163.000,5.50
1998-07,1156.58,16.01670,38.68,163.200,5.46
1998-08,1074.62,16.08330,38.38,163.400,5.34
1998-09,1020.64,16.14000,38.09,163.600,4.81
1998-10,1032.47,16.16670,37.96,164.000,4.53
1998-11,1144.43,16.18330,37.84,164.000,4.83
1998-12,1190.05,16.20000,37.71,163.900,4.65
1999-01,1248.77,16.28333,37.93,164.300,4.72
1999-02,1246.58,16.36667,38.16,164.500,5.00
1999-03,1281.66,16.45000,38.38,165.000,5.23
1999-04,1334.76,16.45000,39.26,166.200,5.18
1999-05,1332.07,16.45000,40.14,166.200,5.54
1999-06,1322.55,16.45000,41.02,166.200,5.90
1999-07,1380.99,16.51333,42.00,166.700,5.79
1999-08,1327.49,16.57667,42.98,167.100,5.94
1999-09,1318.17,16.64000,43.96,167.900,5.92
1999-10,1300.01,16.65667,45.36,168.200,6.11
1999-11,1391.00,16.67333,46.77,168.300,6.03
1999-12,1428.68,16.69000,48.17,168.300,6.28
2000-01,1425.59,16.71333,49.10,168.800,6.66
2000-02,1388.87,16.73667,50.02,169.800,6.52
2000-03,1442.21,16.76000,50.95,171.200,6.26
2000-04,1461.36,16.74000,51.27,171.300,5.99
2000-05,1418.48,16.72000,51.60,171.500,6.44
2000-06,1461.96,16.70000,51.92,172.400,6.10
2000-07,1473.00,16.58333,52.51,172.800,6.05
2000-08,1485.46,16.46667,53.11,172.800,5.83
2000-09,1468.05,16.35000,53.70,173.700,5.80
2000-10,1390.14,16.32333,52.47,174.000,5.74
2000-11,1378.04,16.29667,51.23,174.100,5.72
2000-12,1330.93,16.27000,50.00,174.000,5.24
2001-01,1335.63,16.17000,48.48,175.100,5.16
2001-02,1305.75,16.07000,46.96,175.800,5.10
2001-03,1185.85,15.97000,45.44,176.200,4.89
2001-04,1189.84,15.87667,42.56,176.900,5.14
2001-05,1270.37,15.78333,39.67,177.700,5.39
2001-06,1238.71,15.69000,36.79,178.000,5.28
2001-07,1204.45,15.70667,33.96,177.500,5.24
2001-08,1178.50,15.72333,31.14,177.500,4.97
2001-09,1044.64,15.74000,28.31,178.300,4.73
2001-10,1076.59,15.74000,27.10,177.700,4.57
2001-11,1129.68,15.74000,25.90,177.400,4.65
2001-12,1144.93,15.74000,24.69,176.700,5.09
2002-01,1140.21,15.73667,24.69,177.100,5.04
2002-02,1100.67,15.73333,24.70,177.800,4.91
2002-03,1153.79,15.73000,24.70,178.800,5.28
2002-04,1111.93,15.83333,25.38,179.800,5.21
2002-05,1079.25,15.93667,26.06,179.800,5.16
2002-06,1014.02,16.04000,26.74,179.900,4.93
2002-07,903.59,15.96000,27.84,180.100,4.65
2002-08,912.55,15.88000,28.94,180.700,4.26
2002-09,867.81,15.80000,30.04,181.000,3.87
2002-10,854.63,15.89000,29.22,181.300,3.94
2002-11,909.93,15.98000,28.41,181.300,4.05
2002-12,899.18,16.07000,27.59,180.900,4.03
2003-01,895.84,16.12000,28.50,181.700,4.05
2003-02,837.03,16.17000,29.41,183.100,3.90
2003-03,846.63,16.22000,30.32,184.200,3.81
2003-04,890.03,16.20333,31.73,183.800,3.96
2003-05,935.96,16.18667,33.14,183.500,3.57
2003-06,988.00,16.17000,34.55,183.700,3.33
2003-07,992.54,16.31000,35.89,183.900,3.98
2003-08,989.53,16.45000,37.24,184.600,4.45
2003-09,1019.44,16.59000,38.58,185.200,4.27
2003-10,1038.73,16.85667,41.97,185.000,4.29
2003-11,1049.90,17.12333,45.35,184.500,4.30
2003-12,1080.64,17.39000,48.74,184.300,4.27
2004-01,1132.52,17.60000,49.83,185.200,4.15
2004-02,1143.36,17.81000,50.91,186.200,4.08
2004-03,1123.98,18.02000,52.00,187.400,3.83
2004-04,1133.36,18.21333,53.38,188.000,4.35
2004-05,1102.78,18.40667,54.77,189.100,4.72
2004-06,1132.76,18.60000,56.15,189.700,4.73
2004-07,1105.85,18.78667,56.69,189.400,4.50
2004-08,1088.94,18.97333,57.23,189.500,4.28
2004-09,1117.66,19.16000,57.77,189.900,4.13
2004-10,1117.21,19.25333,58.03,190.900,4.10
2004-11,1168.94,19.34667,58.29,191.000,4.19
2004-12,1199.21,19.44000,58.55,190.300,4.23
2005-01,1181.41,19.70333,59.11,190.700,4.22
2005-02,1199.63,19.96667,59.66,191.800,4.17
2005-03,1194.90,20.23000,60.22,193.300,4.50
2005-04,1164.43,20.46333,61.23,194.600,4.34
2005-05,1178.28,20.69667,62.25,194.400,4.14
2005-06,1202.25,20.93000,63.26,194.500,4.00
2005-07,1222.24,21.11000,64.33,195.400,4.18
2005-08,1224.27,21.29000,65.40,196.400,4.26
2005-09,1225.92,21.47000,66.47,198.800,4.20
2005-10,1191.96,21.72000,67.59,199.200,4.46
2005-11,1237.37,21.97000,68.71,197.600,4.54
2005-12,1262.07,22.22000,69.83,196.800,4.47
2006-01,1278.73,22.40667,70.78,198.300,4.42
2006-02,1276.65,22.59333,71.72,198.700,4.57
2006-03,1293.74,22.78000,72.67,199.800,4.72
2006-04,1302.17,23.00000,73.28,201.500,4.99
2006-05,1290.01,23.22000,73.88,202.500,5.11
2006-06,1253.17,23.44000,74.49,202.900,5.11
2006-07,1260.24,23.66000,75.85,203.500,5.09
2006-08,1287.15,23.88000,77.21,203.900,4.88
2006-09,1317.74,24.10000,78.57,202.900,4.72
2006-10,1363.38,24.36000,79.55,201.800,4.73
2006-11,1388.64,24.62000,80.53,201.500,4.60
2006-12,1416.42,24.88000,81.51,201.800,4.56
2007-01,1424.16,25.08333,82.06,202.416,4.76
2007-02,1444.80,25.28667,82.60,203.499,4.72
2007-03,1406.95,25.49000,83.15,205.352,4.56
2007-04,1463.64,25.71667,83.74,206.686,4.69
2007-05,1511.14,25.94333,84.33,207.949,4.75
2007-06,1514.19,26.17000,84.92,208.352,5.10
2007-07,1520.71,26.44000,82.81,208.299,5.00
2007-08,1454.62,26.71000,80.71,207.917,4.67
2007-09,1497.12,26.98000,78.60,208.490,4.52
2007-10,1539.66,27.23000,74.46,208.936,4.53
2007-11,1463.39,27.48000,70.32,210.177,4.15
2007-12,1479.22,27.73000,66.18,210.036,4.10
2008-01,1378.76,27.92000,64.25,211.080,3.74
2008-02,1354.87,28.11000,62.32,211.693,3.74
2008-03,1316.94,28.30000,60.39,213.528,3.51
2008-04,1370.47,28.43667,57.38,214.823,3.68
2008-05,1403.22,28.57333,54.38,216.632,3.88
2008-06,1341.25,28.71000,51.37,218.815,4.10
2008-07,1257.33,28.75667,49.56,219.964,4.01
2008-08,1281.47,28.80333,47.76,219.086,3.89
2008-09,1216.95,28.85000,45.95,218.783,3.69
2008-10,968.80,28.69667,35.59,216.573,3.81
2008-11,883.04,28.54333,25.24,212.425,3.53
2008-12,877.56,28.39000,14.88,210.228,2.42
2009-01,865.58,28.01333,12.21,211.143,2.52
2009-02,805.23,27.63667,9.53,212.193,2.87
2009-03,757.13,27.26000,6.86,212.709,2.82
2009-04,848.15,26.70333,7.08,213.240,2.93
2009-05,902.41,26.14667,7.29,213.856,3.29
2009-06,926.12,25.59000,7.51,215.693,3.72
2009-07,935.82,25.02667,9.19,215.351,3.56
2009-08,1009.73,24.46333,10.86,215.834,3.59
2009-09,1044.55,23.90000,12.54,215.969,3.40
2009-10,1067.66,23.40333,25.35,216.177,3.39
2009-11,1088.07,22.90667,38.16,216.330,3.40
2009-12,1110.38,22.41000,50.97,215.949,3.59
2010-01,1123.58,22.24000,54.29,216.687,3.73
2010-02,1089.16,22.07000,57.61,216.741,3.69
2010-03,1152.05,21.90000,60.93,217.631,3.73
2010-04,1197.32,21.94667,62.99,218.009,3.85
2010-05,1125.06,21.99333,65.04,218.178,3.42
2010-06,1083.36,22.04000,67.10,217.965,3.20
2010-07,1079.80,22.14333,68.69,218.011,3.01
2010-08,1087.28,22.24667,70.27,218.312,2.70
2010-09,1122.08,22.35000,71.86,218.439,2.65
2010-10,1171.58,22.47667,73.69,218.711,2.54
2010-11,1198.89,22.60333,75.52,218.803,2.76
2010-12,1241.53,22.73000,77.35,219.179,3.29
2011-01,1282.62,22.96333,78.67,220.223,3.39
2011-02,1321.12,23.19667,79.99,221.309,3.58
2011-03,1304.49,23.43000,81.31,223.467,3.41
2011-04,1331.51,23.73333,82.16,224.906,3.46
2011-05,1338.31,24.03667,83.02,225.964,3.17
2011-06,1287.29,24.34000,83.87,225.722,3.00
2011-07,1325.19,24.62000,84.91,225.922,3.00
2011-08,1185.31,24.90000,85.94,226.545,2.30
2011-09,1173.88,25.18000,86.98,226.889,1.98
2011-10,1207.22,25.59667,86.97,226.421,2.15
2011-11,1226.42,26.01333,86.96,226.230,2.01
2011-12,1243.32,26.43000,86.95,225.672,1.98
2012-01,1300.58,26.73667,87.48,226.665,1.97
2012-02,1352.49,27.04333,88.01,227.663,1.97
2012-03,1389.24,27.35000,88.54,229.392,2.17
2012-04,1386.43,27.67333,88.33,230.085,2.05
2012-05,1341.27,27.99667,88.13,229.815,1.80
2012-06,1323.48,28.32000,87.92,229.478,1.62
2012-07,1359.78,28.74333,87.45,229.104,1.53
2012-08,1403.45,29.16667,86.97,230.379,1.68
2012-09,1443.42,29.59000,86.50,231.407,1.72
2012-10,1437.82,30.14333,86.50,231.317,1.75
2012-11,1394.51,30.69667,86.51,230.221,1.65
2012-12,1422.29,31.25000,86.51,229.601,1.72
2013-01,1480.40,31.53667,86.91,230.280,1.91
2013-02,1512.31,31.82333,87.30,232.166,1.98
2013-03,1550.83,32.11000,87.70,232.773,1.96
2013-04,1570.70,32.49667,88.78,232.531,1.76
2013-05,1639.84,32.88333,89.87,232.945,1.93
2013-06,1618.77,33.27000,90.95,233.504,2.30
2013-07,1668.68,33.64667,92.09,233.596,2.58
2013-08,1670.09,34.02333,93.23,233.877,2.74
2013-09,1687.17,34.40000,94.37,234.149,2.81
2013-10,1720.03,34.59667,96.31,233.546,2.62
2013-11,1783.54,34.79333,98.26,233.069,2.72
2013-12,1807.78,34.99000,100.20,233.049,2.90
2014-01,1822.36,35.40333,100.42,233.916,2.86
2014-02,1817.04,35.81667,100.63,234.781,2.71
2014-03,1863.52,36.23000,100.85,236.293,2.72
2014-04,1864.26,36.61333,101.61,237.072,2.71
2014-05,1889.77,36.99667,102.36,237.900,2.56
2014-06,1947.09,37.38000,103.12,238.343,2.60
2014-07,1973.10,37.75000,104.07,238.250,2.54
2014-08,1961.53,38.12000,105.01,237.852,2.42
2014-09,1993.23,38.49000,105.96,238.031,2.53
2014-10,1937.27,38.80667,104.74,237.433,2.30
2014-11,2044.57,39.12333,103.53,236.151,2.33
2014-12,2054.27,39.44000,102.31,234.812,2.21
2015-01,2028.18,39.89667,101.29,233.707,1.88
2015-02,2082.20,40.35333,100.27,234.722,1.98
2015-03,2079.99,40.81000,99.25,236.119,2.04
2015-04,2094.86,41.12000,97.80,236.599,1.94
2015-05,2111.94,41.43000,96.36,237.805,2.20
2015-06,2099.29,41.74000,94.91,238.638,2.36
2015-07,2094.14,41.99667,93.49,238.654,2.32
2015-08,2039.87,42.25333,92.08,238.316,2.17
2015-09,1944.41,42.51000,90.66,237.945,2.17
2015-10,2024.81,42.80333,89.28,237.838,2.07
2015-11,2080.62,43.09667,87.91,237.336,2.26
2015-12,2054.08,43.39000,86.53,236.525,2.24
2016-01,1918.60,43.55333,86.50,236.916,2.09
2016-02,1904.42,43.71667,86.47,237.111,1.78
2016-03,2021.95,43.88000,86.44,238.132,1.89
2016-04,2075.54,44.07333,86.60,239.261,1.81
2016-05,2065.55,44.26667,86.76,240.229,1.81
2016-06,2083.89,44.46000,86.92,241.018,1.64
2016-07,2148.90,44.65000,87.64,240.628,1.50
2016-08,2170.95,44.84000,88.37,240.849,1.56
2016-09,2157.69,45.03000,89.09,241.428,1.63
2016-10,2143.02,45.25333,90.91,241.729,1.76
2016-11,2164.99,45.47667,92.73,241.353,2.14
2016-12,2246.63,45.70000,94.55,241.432,2.49
2017-01,2275.12,45.92667,96.46,242.839,2.43
2017-02,2329.91,46.15333,98.38,243.603,2.42
2017-03,2366.82,46.38000,100.29,243.801,2.48
2017-04,2359.31,46.66000,101.53,244.524,2.30
2017-05,2395.35,46.94000,102.78,244.733,2.30
2017-06,2433.99,47.22000,104.02,244.955,2.19
2017-07,2454.10,47.53667,105.04,244.786,2.32
2017-08,2456.22,47.85333,106.06,245.519,2.21
2017-09,2492.84,48.17000,107.08,246.819,2.20
2017-10,2557.00,48.42333,108.01,246.663,2.36
2017-11,2593.61,48.67667,108.95,246.669,2.35
2017-12,2664.34,48.93000,109.88,246.524,2.40
2018-01,2789.80,49.28667,111.73,247.867,2.58
2018-02,2705.16,49.64333,113.59,248.991,2.86
2018-03,2702.77,50.00000,115.44,249.554,2.84
2018-04,2653.63,50.33000,117.79,250.546,2.87
2018-05,2701.49,50.66000,120.13,251.588,2.98
2018-06,2754.35,50.99000,122.48,251.989,2.91
2018-07,2793.64,51.44000,125.12,252.006,2.89
2018-08,2857.82,51.89000,127.75,252.146,2.89
2018-09,2901.50,52.34000,130.39,252.439,3.00
2018-10,2785.46,52.81000,131.06,252.885,3.15
2018-11,2723.23,53.28000,131.72,252.038,3.12
2018-12,2567.31,53.75000,132.39,251.233,2.83
2019-01,2607.39,54.14667,133.06,251.712,2.71
2019-02,2754.86,54.54333,133.72,252.776,2.68
2019-03,2803.98,54.94000,134.39,254.202,2.57
2019-04,2903.80,55.31909,134.68,255.548,2.53
2019-05,2854.71,55.69818,134.98,256.092,2.40
2019-06,2890.17,56.07727,135.27,256.143,2.06
2019-07,2996.11,56.45818,134.48,256.571,1.63
2019-08,2897.50,56.83909,133.69,256.558,1.63
2019-09,2982.16,57.22000,132.90,256.759,1.70
2019-10,2977.68,57.56000,135.09,257.346,1.71
2019-11,3104.90,57.90000,137.28,257.208,1.81
2019-12,3176.75,58.24000,139.47,256.974,1.86
2020-01,3278.20,58.68687,131.76,257.971,1.76
2020-02,3277.31,59.13374,124.04,258.678,1.50
2020-03,2652.39,59.58060,116.33,258.115,0.87
2020-04,2761.98,59.61374,110.63,256.389,0.66
2020-05,2919.62,59.64687,104.93,256.394,0.67
2020-06,3104.66,59.68000,99.23,257.797,0.73
2020-07,3207.62,59.40333,98.89,259.101,0.62
2020-08,3391.71,59.12667,98.56,259.918,0.65
2020-09,3365.52,58.85000,98.22,260.280,0.68
2020-10,3418.70,58.65962,96.86,260.388,0.79
2020-11,3548.99,58.46923,95.49,260.229,0.87
2020-12,3695.31,58.27885,94.13,260.474,0.93
2021-01,3793.75,58.06369,105.49,261.582,1.08
2021-02,3883.43,57.84854,116.84,263.014,1.26
2021-03,3910.51,57.63339,128.20,264.877,1.61
2021-04,4141.18,57.71061,138.39,267.054,1.64
2021-05,4167.85,57.78782,148.57,269.195,1.62
2021-06,4238.49,57.86504,158.76,271.696,1.52
2021-07,4363.71,58.32819,164.32,273.003,1.32
2021-08,4454.21,58.79134,169.87,273.567,1.28
2021-09,4445.54,59.25448,175.43,274.310,1.37
2021-10,4460.71,59.63536,182.91,276.589,1.58
2021-11,4667.39,60.01624,190.39,277.948,1.56
2021-12,4674.77,60.39712,197.87,278.802,1.47
2022-01,4573.82,60.92140,197.88,281.148,1.76
2022-02,4435.98,61.44569,197.90,283.716,1.93
2022-03,4391.27,61.96997,197.91,287.504,2.13
2022-04,4391.30,62.65332,196.03,289.109,2.75
2022-05,4040.36,63.33666,194.14,292.296,2.90
2022-06,3898.95,64.02000,192.26,296.311,3.14
2022-07,3911.73,64.45277,190.58,296.276,2.90
2022-08,4158.56,64.88554,188.91,296.171,2.90
2022-09,3850.52,65.31831,187.23,296.808,3.52
2022-10,3726.05,65.85220,182.40,298.012,3.98
2022-11,3917.49,66.38610,177.58,297.711,3.89
2022-12,3912.38,66.92000,172.75,296.797,3.62
2023-01,3960.66,67.35000,173.56,299.170,3.53
2023-02,4079.68,67.78000,174.36,300.840,3.75
2023-03,3968.56,68.21000,175.17,301.836,3.66
2023-04,4121.47,68.37667,177.12,303.363,3.46
2023-05,4146.17,68.54333,179.06,304.127,3.57
2023-06,4345.37,68.71000,181.01,305.109,3.75
2023-07,4508.08,68.91105,182.09,305.691,3.90
2023-08,4457.36,69.11209,183.17,307.026,4.17
2023-09,4409.10,69.31314,184.25,307.789,4.38
2023-10,4269.40,69.64332,186.98,307.671,4.80
2023-11,4460.06,69.97351,189.70,307.051,4.50
2023-12,4685.05,70.30369,192.43,306.746,4.02
2024-01,4815.61,70.47740,192.08,308.417,4.06
2024-02,5011.96,70.65111,191.74,310.326,4.21
2024-03,5170.57,70.82483,191.39,312.332,4.21
2024-04,5112.49,71.20848,193.18,313.548,4.54
2024-05,5235.23,71.59214,194.97,314.069,4.48
2024-06,5415.14,71.97580,196.76,314.175,4.31