date,mid_cap_price,small_cap_price
1871-01,35.40,35.40
1871-02,35.89,35.89
1871-03,36.79,36.79
1871-04,37.88,37.88
1871-05,38.77,38.77
1871-06,38.47,38.47
1871-07,37.78,37.78
1871-08,38.17,38.17
1871-09,38.57,38.57
1871-10,36.59,36.59
1871-11,36.99,36.99
1871-12,37.88,37.88
1872-01,38.77,38.77
1872-02,38.97,38.97
1872-03,40.16,40.16
1872-04,41.35,41.35
1872-05,41.35,41.35
1872-06,40.95,40.95
1872-07,40.65,40.65
1872-08,40.16,40.16
1872-09,39.56,39.56
1872-10,39.67,39.67
1872-11,39.56,39.56
1872-12,40.45,40.45
1873-01,40.75,40.75
1873-02,41.15,41.15
1873-03,40.75,40.75
1873-04,40.16,40.16
1873-05,40.26,40.26
1873-06,39.76,39.76
1873-07,39.67,39.67
1873-08,39.67,39.67
1873-09,36.59,36.59
1873-10,33.41,33.41
1873-11,32.22,32.22
1873-12,35.30,35.30
1874-01,37.19,37.19
1874-02,38.28,38.28
1874-03,37.78,37.78
1874-04,36.69,36.69
1874-05,35.80,35.80
1874-06,35.60,35.60
1874-07,35.60,35.60
1874-08,35.69,35.69
1874-09,36.29,36.29
1874-10,36.19,36.19
1874-11,36.39,36.39
1874-12,36.29,36.29
1875-01,36.29,36.29
1875-02,36.19,36.19
1875-03,36.59,36.59
1875-04,37.08,37.08
1875-05,35.69,35.69
1875-06,34.90,34.90
1875-07,35.00,35.00
1875-08,35.20,35.20
1875-09,34.80,34.80
1875-10,34.31,34.31
1875-11,34.80,34.80
1875-12,34.80,34.80
1876-01,35.60,35.60
1876-02,36.09,36.09
1876-03,36.00,36.00
1876-04,34.61,34.61
1876-05,33.32,33.32
1876-06,33.12,33.12
1876-07,32.72,32.72
1876-08,31.33,31.33
1876-09,29.45,29.45
1876-10,29.25,29.25
1876-11,28.76,28.76
1876-12,28.56,28.56
1877-01,28.36,28.36
1877-02,26.67,26.67
1877-03,25.29,25.29
1877-04,23.50,23.50
1877-05,23.50,23.50
1877-06,21.82,21.82
1877-07,22.70,22.70
1877-08,24.29,24.29
1877-09,25.78,25.78
1877-10,26.37,26.37
1877-11,25.98,25.98
1877-12,25.88,25.88
1878-01,25.88,25.88
1878-02,25.38,25.38
1878-03,25.78,25.78
1878-04,26.57,26.57
1878-05,26.67,26.67
1878-06,27.26,27.26
1878-07,27.77,27.77
1878-08,27.46,27.46
1878-09,28.06,28.06
1878-10,27.77,27.77
1878-11,27.66,27.66
1878-12,27.46,27.46
1879-01,28.56,28.56
1879-02,29.55,29.55
1879-03,29.15,29.15
1879-04,30.05,30.05
1879-05,31.44,31.44
1879-06,31.73,31.73
1879-07,32.22,32.22
1879-08,32.52,32.52
1879-09,33.72,33.72
1879-10,37.38,37.38
1879-11,39.36,39.36
1879-12,39.27,39.27
1880-01,40.75,40.75
1880-02,41.55,41.55
1880-03,42.24,42.24
1880-04,41.35,41.35
1880-05,38.08,38.08
1880-06,38.17,38.17
1880-07,39.96,39.96
1880-08,41.44,41.44
1880-09,41.35,41.35
1880-10,42.54,42.54
1880-11,44.82,44.82
1880-12,46.60,46.60
1881-01,49.38,49.38
1881-02,49.18,49.18
1881-03,49.78,49.78
1881-04,49.67,49.67
1881-05,51.86,51.86
1881-06,52.46,52.46
1881-07,50.67,50.67
1881-08,49.48,49.48
1881-09,49.87,49.87
1881-10,49.08,49.08
1881-11,49.38,49.38
1881-12,47.99,47.99
1882-01,47.20,47.20
1882-02,46.20,46.20
1882-03,46.11,46.11
1882-04,46.11,46.11
1882-05,45.51,45.51
1882-06,45.31,45.31
1882-07,47.89,47.89
1882-08,49.28,49.28
1882-09,49.78,49.78
1882-10,48.48,48.48
1882-11,46.40,46.40
1882-12,46.60,46.60
1883-01,46.40,46.40
1883-02,45.31,45.31
1883-03,45.91,45.91
1883-04,46.90,46.90
1883-05,46.00,46.00
1883-06,46.51,46.51
1883-07,45.71,45.71
1883-08,43.63,43.63
1883-09,44.12,44.12
1883-10,42.93,42.93
1883-11,43.52,43.52
1883-12,42.64,42.64
1884-01,41.35,41.35
1884-02,42.44,42.44
1884-03,42.24,42.24
1884-04,40.56,40.56
1884-05,37.08,37.08
1884-06,35.60,35.60
1884-07,35.60,35.60
1884-08,37.88,37.88
1884-09,36.59,36.59
1884-10,35.40,35.40
1884-11,34.70,34.70
1884-12,34.61,34.61
1885-01,33.81,33.81
1885-02,34.85,34.85
1885-03,34.93,34.93
1885-04,34.85,34.85
1885-05,34.45,34.45
1885-06,34.29,34.29
1885-07,35.57,35.57
1885-08,37.56,37.56
1885-09,37.08,37.08
1885-10,39.23,39.23
1885-11,41.79,41.79
1885-12,41.47,41.47
1886-01,41.47,41.47
1886-02,42.26,42.26
1886-03,41.39,41.39
1886-04,40.83,40.83
1886-05,40.03,40.03
1886-06,41.87,41.87
1886-07,42.50,42.50
1886-08,42.82,42.82
1886-09,43.94,43.94
1886-10,45.06,45.06
1886-11,46.17,46.17
1886-12,44.98,44.98
1887-01,44.50,44.50
1887-02,44.18,44.18
1887-03,45.22,45.22
1887-04,46.25,46.25
1887-05,47.05,47.05
1887-06,45.69,45.69
1887-07,44.58,44.58
1887-08,43.46,43.46
1887-09,42.90,42.90
1887-10,41.47,41.47
1887-11,42.26,42.26
1887-12,42.03,42.03
1888-01,42.34,42.34
1888-02,42.11,42.11
1888-03,40.51,40.51
1888-04,40.67,40.67
1888-05,41.23,41.23
1888-06,39.95,39.95
1888-07,40.99,40.99
1888-08,41.87,41.87
1888-09,42.90,42.90
1888-10,42.66,42.66
1888-11,41.79,41.79
1888-12,40.99,40.99
1889-01,41.79,41.79
1889-02,42.26,42.26
1889-03,41.39,41.39
1889-04,41.31,41.31
1889-05,42.42,42.42
1889-06,43.14,43.14
1889-07,42.26,42.26
1889-08,42.82,42.82
1889-09,43.86,43.86
1889-10,43.06,43.06
1889-11,42.66,42.66
1889-12,42.42,42.42
1890-01,42.90,42.90
1890-02,42.42,42.42
1890-03,42.11,42.11
1890-04,42.98,42.98
1890-05,44.82,44.82
1890-06,44.50,44.50
1890-07,44.18,44.18
1890-08,43.14,43.14
1890-09,42.42,42.42
1890-10,40.51,40.51
1890-11,37.56,37.56
1890-12,36.68,36.68
1891-01,38.60,38.60
1891-02,39.07,39.07
1891-03,38.36,38.36
1891-04,39.63,39.63
1891-05,39.47,39.47
1891-06,38.68,38.68
1891-07,38.04,38.04
1891-08,39.31,39.31
1891-09,42.50,42.50
1891-10,42.50,42.50
1891-11,41.87,41.87
1891-12,43.14,43.14
1892-01,43.94,43.94
1892-02,44.02,44.02
1892-03,44.50,44.50
1892-04,44.42,44.42
1892-05,44.42,44.42
1892-06,44.18,44.18
1892-07,44.18,44.18
1892-08,44.82,44.82
1892-09,43.70,43.70
1892-10,44.58,44.58
1892-11,44.42,44.42
1892-12,43.94,43.94
1893-01,44.74,44.74
1893-02,43.94,43.94
1893-03,42.34,42.34
1893-04,42.34,42.34
1893-05,38.60,38.60
1893-06,36.76,36.76
1893-07,33.33,33.33
1893-08,32.54,32.54
1893-09,34.85,34.85
1893-10,35.89,35.89
1893-11,36.44,36.44
1893-12,35.17,35.17
1894-01,34.45,34.45
1894-02,34.93,34.93
1894-03,35.96,35.96
1894-04,36.44,36.44
1894-05,35.09,35.09
1894-06,34.61,34.61
1894-07,33.89,33.89
1894-08,35.17,35.17
1894-09,35.73,35.73
1894-10,34.61,34.61
1894-11,34.61,34.61
1894-12,34.29,34.29
1895-01,33.89,33.89
1895-02,33.41,33.41
1895-03,33.41,33.41
1895-04,34.85,34.85
1895-05,36.76,36.76
1895-06,37.48,37.48
1895-07,37.64,37.64
1895-08,38.20,38.20
1895-09,38.44,38.44
1895-10,37.88,37.88
1895-11,36.60,36.60
1895-12,34.45,34.45
1896-01,34.05,34.05
1896-02,35.49,35.49
1896-03,34.93,34.93
1896-04,35.25,35.25
1896-05,35.09,35.09
1896-06,34.45,34.45
1896-07,32.22,32.22
1896-08,30.38,30.38
1896-09,31.98,31.98
1896-10,32.70,32.70
1896-11,34.93,34.93
1896-12,33.65,33.65
1897-01,33.65,33.65
1897-02,33.33,33.33
1897-03,33.41,33.41
1897-04,32.38,32.38
1897-05,32.54,32.54
1897-06,34.05,34.05
1897-07,35.57,35.57
1897-08,37.88,37.88
1897-09,39.71,39.71
1897-10,38.44,38.44
1897-11,37.08,37.08
1897-12,37.88,37.88
1898-01,38.92,38.92
1898-02,38.84,38.84
1898-03,37.08,37.08
1898-04,36.44,36.44
1898-05,38.84,38.84
1898-06,40.35,40.35
1898-07,40.51,40.51
1898-08,42.03,42.03
1898-09,41.95,41.95
1898-10,41.07,41.07
1898-11,42.42,42.42
1898-12,45.06,45.06
1899-01,48.48,48.48
1899-02,50.32,50.32
1899-03,51.04,51.04
1899-04,51.67,51.67
1899-05,49.52,49.52
1899-06,48.41,48.41
1899-07,50.08,50.08
1899-08,51.36,51.36
1899-09,50.80,50.80
1899-10,50.56,50.56
1899-11,51.52,51.52
1899-12,48.01,48.01
1900-01,48.64,48.64
1900-02,49.52,49.52
1900-03,49.92,49.92
1900-04,50.56,50.56
1900-05,48.17,48.17
1900-06,46.73,46.73
1900-07,46.73,46.73
1900-08,47.37,47.37
1900-09,46.25,46.25
1900-10,46.25,46.25
1900-11,47.93,47.93
1900-12,51.67,51.67
1901-01,56.38,56.38
1901-02,57.81,57.81
1901-03,59.89,59.89
1901-04,64.91,64.91
1901-05,61.64,61.64
1901-06,67.78,67.78
1901-07,63.24,63.24
1901-08,63.80,63.80
1901-09,63.80,63.80
1901-10,63.08,63.08
1901-11,64.43,64.43
1901-12,63.40,63.40
1902-01,64.75,64.75
1902-02,65.31,65.31
1902-03,65.39,65.39
1902-04,67.62,67.62
1902-05,67.46,67.46
1902-06,67.07,67.07
1902-07,68.58,68.58
1902-08,70.57,70.57
1902-09,70.57,70.57
1902-10,68.34,68.34
1902-11,65.71,65.71
1902-12,64.19,64.19
1903-01,67.46,67.46
1903-02,67.07,67.07
1903-03,64.43,64.43
1903-04,61.80,61.80
1903-05,60.61,60.61
1903-06,57.26,57.26
1903-07,55.42,55.42
1903-08,52.87,52.87
1903-09,51.59,51.59
1903-10,49.92,49.92
1903-11,50.08,50.08
1903-12,52.39,52.39
1904-01,53.27,53.27
1904-02,51.83,51.83
1904-03,51.67,51.67
1904-04,52.95,52.95
1904-05,51.83,51.83
1904-06,51.91,51.91
1904-07,54.07,54.07
1904-08,58.37,58.37
1904-09,58.37,58.37
1904-10,61.80,61.80
1904-11,65.15,65.15
1904-12,65.79,65.79
1905-01,67.22,67.22
1905-02,70.18,70.18
1905-03,72.17,72.17
1905-04,71.29,71.29
1905-05,67.78,67.78
1905-06,68.58,68.58
1905-07,70.73,70.73
1905-08,73.37,73.37
1905-09,73.60,73.60
1905-10,74.64,74.64
1905-11,74.24,74.24
1905-12,76.08,76.08
1906-01,78.71,78.71
1906-02,78.15,78.15
1906-03,76.24,76.24
1906-04,75.20,75.20
1906-05,73.21,73.21
1906-06,74.16,74.16
1906-07,72.25,72.25
1906-08,77.59,77.59
1906-09,79.98,79.98
1906-10,79.51,79.51
1906-11,79.19,79.19
1906-12,78.47,78.47
1907-01,76.24,76.24
1907-02,73.84,73.84
1907-03,66.59,66.59
1907-04,66.91,66.91
1907-05,64.59,64.59
1907-06,62.52,62.52
1907-07,64.91,64.91
1907-08,60.05,60.05
1907-09,59.41,59.41
1907-10,52.95,52.95
1907-11,49.84,49.84
1907-12,52.39,52.39
1908-01,54.63,54.63
1908-02,52.63,52.63
1908-03,54.78,54.78
1908-04,57.74,57.74
1908-05,60.85,60.85
1908-06,60.93,60.93
1908-07,63.16,63.16
1908-08,65.87,65.87
1908-09,65.15,65.15
1908-10,65.95,65.95
1908-11,70.41,70.41
1908-12,72.01,72.01
1909-01,72.25,72.25
1909-02,70.18,70.18
1909-03,71.13,71.13
1909-04,74.32,74.32
1909-05,76.79,76.79
1909-06,78.15,78.15
1909-07,79.27,79.27
1909-08,81.18,81.18
1909-09,81.26,81.26
1909-10,81.58,81.58
1909-11,81.18,81.18
1909-12,82.14,82.14
1910-01,80.38,80.38
1910-02,77.51,77.51
1910-03,79.43,79.43
1910-04,77.51,77.51
1910-05,76.24,76.24
1910-06,72.57,72.57
1910-07,68.90,68.90
1910-08,70.57,70.57
1910-09,71.05,71.05
1910-10,74.32,74.32
1910-11,74.24,74.24
1910-12,72.17,72.17
1911-01,73.92,73.92
1911-02,75.20,75.20
1911-03,74.32,74.32
1911-04,74.00,74.00
1911-05,75.60,75.60
1911-06,77.11,77.11
1911-07,76.79,76.79
1911-08,73.13,73.13
1911-09,69.14,69.14
1911-10,69.54,69.54
1911-11,72.33,72.33
1911-12,72.65,72.65
1912-01,72.73,72.73
1912-02,72.09,72.09
1912-03,74.16,74.16
1912-04,76.48,76.48
1912-05,76.24,76.24
1912-06,76.40,76.40
1912-07,76.48,76.48
1912-08,78.23,78.23
1912-09,78.63,78.63
1912-10,78.47,78.47
1912-11,77.59,77.59
1912-12,74.80,74.80
1913-01,74.16,74.16
1913-02,71.53,71.53
1913-03,70.18,70.18
1913-04,70.10,70.10
1913-05,68.18,68.18
1913-06,64.75,64.75
1913-07,65.63,65.63
1913-08,67.38,67.38
1913-09,68.02,68.02
1913-10,65.87,65.87
1913-11,64.19,64.19
1913-12,64.11,64.11
1914-01,66.75,66.75
1914-02,67.62,67.62
1914-03,66.35,66.35
1914-04,64.75,64.75
1914-05,65.15,65.15
1914-06,64.83,64.83
1914-07,61.24,61.24
1914-08,55.90,55.90
1914-09,55.90,55.90
1914-10,52.85,52.85
1914-11,54.89,54.89
1914-12,58.61,58.61
1915-01,59.65,59.65
1915-02,58.85,58.85
1915-03,60.37,60.37
1915-04,64.91,64.91
1915-05,63.40,63.40
1915-06,64.11,64.11
1915-07,63.88,63.88
1915-08,66.59,66.59
1915-09,69.06,69.06
1915-10,72.89,72.89
1915-11,75.44,75.44
1915-12,75.60,75.60
1916-01,74.40,74.40
1916-02,73.37,73.37
1916-03,73.13,73.13
1916-04,72.33,72.33
1916-05,73.92,73.92
1916-06,74.64,74.64
1916-07,73.60,73.60
1916-08,74.16,74.16
1916-09,77.19,77.19
1916-10,79.59,79.59
1916-11,81.42,81.42
1916-12,78.15,78.15
1917-01,76.24,76.24
1917-02,72.01,72.01
1917-03,74.24,74.24
1917-04,73.13,73.13
1917-05,70.65,70.65
1917-06,72.09,72.09
1917-07,70.10,70.10
1917-08,68.02,68.02
1917-09,64.75,64.75
1917-10,61.24,61.24
1917-11,56.14,56.14
1917-12,54.23,54.23
1918-01,59.01,59.01
1918-02,58.82,58.82
1918-03,57.51,57.51
1918-04,57.70,57.70
1918-05,59.01,59.01
1918-06,59.95,59.95
1918-07,59.76,59.76
1918-08,61.17,61.17
1918-09,60.98,60.98
1918-10,65.02,65.02
1918-11,63.23,63.23
1918-12,63.14,63.14
1919-01,62.20,62.20
1919-02,63.60,63.60
1919-03,65.67,65.67
1919-04,67.93,67.93
1919-05,73.46,73.46
1919-06,74.49,74.49
1919-07,72.71,72.71
1919-08,72.52,72.52
1919-09,73.84,73.84
1919-10,77.21,77.21
1919-11,70.65,70.65
1919-12,71.96,71.96
1920-01,66.14,66.14
1920-02,64.82,64.82
1920-03,71.12,71.12
1920-04,66.24,66.24
1920-05,63.60,63.60
1920-06,62.77,62.77
1920-07,60.98,60.98
1920-08,62.11,62.11
1920-09,63.14,63.14
1920-10,63.23,63.23
1920-11,57.14,57.14
1920-12,55.54,55.54
1921-01,56.01,56.01
1921-02,55.35,55.35
1921-03,54.79,54.79
1921-04,57.42,57.42
1921-05,55.26,55.26
1921-06,52.35,52.35
1921-07,53.01,53.01
1921-08,51.32,51.32
1921-09,53.20,53.20
1921-10,54.60,54.60
1921-11,57.42,57.42
1921-12,57.42,57.42
1922-01,57.98,57.98
1922-02,60.80,60.80
1922-03,64.27,64.27
1922-04,67.64,67.64
1922-05,69.52,69.52
1922-06,67.18,67.18
1922-07,68.68,68.68
1922-08,72.15,72.15
1922-09,73.56,73.56
1922-10,70.65,70.65
1922-11,69.61,69.61
1922-12,71.96,71.96
1923-01,70.65,70.65
1923-02,75.24,75.24
1923-03,73.09,73.09
1923-04,70.08,70.08
1923-05,68.86,68.86
1923-06,63.05,63.05
1923-07,63.33,63.33
1923-08,66.04,66.04
1923-09,65.21,65.21
1923-10,63.99,63.99
1923-11,67.08,67.08
1923-12,69.52,69.52
1924-01,72.15,72.15
1924-02,69.61,69.61
1924-03,68.21,68.21
1924-04,68.11,68.11
1924-05,67.46,67.46
1924-06,70.45,70.45
1924-07,74.21,74.21
1924-08,74.59,74.59
1924-09,74.02,74.02
1924-10,74.31,74.31
1924-11,79.37,79.37
1924-12,83.21,83.21
1925-01,85.75,85.75
1925-02,86.03,86.03
1925-03,82.09,82.09
1925-04,83.41,83.41
1925-05,86.03,86.03
1925-06,87.44,87.44
1925-07,88.84,88.84
1925-08,89.78,89.78
1925-09,93.25,93.25
1925-10,98.88,98.88
1925-11,97.10,97.10
1925-12,101.75,101.75
1926-01,102.63,102.63
1926-02,95.61,95.61
1926-03,90.67,90.67
1926-04,93.46,93.46
1926-05,94.58,94.58
1926-06,100.00,100.00
1926-07,96.22,96.32
1926-08,99.04,94.65
1926-09,99.37,93.87
1926-10,100.47,94.25
1926-11,100.13,94.65
1926-12,99.90,94.55
1927-01,103.01,93.16
1927-02,104.91,92.66
1927-03,101.52,90.47
1927-04,101.88,90.80
1927-05,107.09,92.71
1927-06,106.15,94.23
1927-07,102.86,89.56
1927-08,98.03,88.33
1927-09,97.75,85.62
1927-10,93.64,87.84
1927-11,92.74,89.73
1927-12,91.43,90.57
1928-01,90.50,94.34
1928-02,88.62,91.29
1928-03,87.37,90.91
1928-04,89.94,94.63
1928-05,87.48,97.71
1928-06,86.96,93.44
1928-07,86.23,92.12
1928-08,84.12,90.19
1928-09,85.56,93.38
1928-10,82.98,94.86
1928-11,84.92,93.07
1928-12,83.73,91.60
1929-01,82.44,88.47
1929-02,83.54,88.11
1929-03,84.09,83.22
1929-04,84.11,81.73
1929-05,83.05,77.67
1929-06,80.97,76.37
1929-07,83.84,74.19
1929-08,83.83,66.88
1929-09,82.89,67.69
1929-10,88.86,64.25
1929-11,93.04,63.61
1929-12,92.06,60.56
1930-01,90.27,62.21
1930-02,89.68,61.93
1930-03,89.11,63.55
1930-04,88.99,63.59
1930-05,87.49,61.78
1930-06,88.75,59.09
1930-07,85.89,58.11
1930-08,84.56,56.39
1930-09,80.43,55.24
1930-10,78.77,54.67
1930-11,75.02,55.55
1930-12,69.18,51.85
1931-01,73.69,52.85
1931-02,73.67,53.84
1931-03,70.58,54.87
1931-04,66.82,52.06
1931-05,61.53,53.91
1931-06,67.59,50.38
1931-07,65.83,50.97
1931-08,64.45,49.74
1931-09,59.13,48.74
1931-10,60.33,48.11
1931-11,56.18,49.38
1931-12,50.44,48.43
1932-01,54.01,49.35
1932-02,52.24,47.25
1932-03,50.51,47.73
1932-04,50.98,47.63
1932-05,47.98,48.73
1932-06,50.21,48.36
1932-07,67.83,46.07
1932-08,90.06,51.68
1932-09,82.42,49.96
1932-10,72.88,48.08
1932-11,62.48,48.36
1932-12,57.05,43.78
1933-01,59.57,43.22
1933-02,56.67,41.22
1933-03,59.96,42.16
1933-04,71.75,43.22
1933-05,84.83,58.53
1933-06,83.72,63.79
1933-07,88.83,64.75
1933-08,91.84,61.53
1933-09,80.68,60.84
1933-10,73.48,60.46
1933-11,74.82,56.27
1933-12,73.01,56.16
1934-01,84.53,63.26
1934-02,86.39,66.59
1934-03,83.78,67.84
1934-04,80.21,69.30
1934-05,75.13,68.68
1934-06,73.21,67.28
1934-07,65.02,62.09
1934-08,64.85,65.17
1934-09,64.74,64.76
1934-10,60.78,64.68
1934-11,59.22,68.57
1934-12,56.68,69.88
1935-01,56.27,71.17
1935-02,52.20,71.49
1935-03,49.36,68.60
1935-04,51.68,67.59
1935-05,52.73,65.01
1935-06,51.33,62.51
1935-07,54.50,63.40
1935-08,57.69,66.82
1935-09,55.08,67.45
1935-10,53.56,68.84
1935-11,60.31,72.14
1935-12,60.55,71.77
1936-01,66.93,75.35
1936-02,69.55,75.52
1936-03,67.66,75.03
1936-04,65.84,70.08
1936-05,67.25,70.28
1936-06,66.66,68.08
1936-07,68.57,68.89
1936-08,71.39,69.38
1936-09,71.77,71.12
1936-10,73.28,69.02
1936-11,72.06,74.60
1936-12,74.75,77.03
1937-01,77.07,80.60
1937-02,80.05,80.64
1937-03,85.96,79.70
1937-04,83.22,76.80
1937-05,80.56,76.34
1937-06,77.71,72.90
1937-07,78.57,73.61
1937-08,76.48,73.50
1937-09,73.18,68.39
1937-10,71.77,68.29
1937-11,71.15,65.01
1937-12,70.03,59.07
1938-01,67.71,60.72
1938-02,65.63,60.18
1938-03,62.97,57.24
1938-04,63.44,61.00
1938-05,62.57,58.72
1938-06,62.54,60.86
1938-07,63.70,64.58
1938-08,60.38,62.60
1938-09,59.10,60.56
1938-10,61.38,63.27
1938-11,60.37,61.29
1938-12,60.43,59.83
1939-01,57.79,58.57
1939-02,58.79,58.17
1939-03,53.67,55.08
1939-04,52.88,55.28
1939-05,52.88,56.52
1939-06,49.84,55.58
1939-07,49.67,57.58
1939-08,48.21,54.61
1939-09,59.74,66.96
1939-10,56.19,66.06
1939-11,52.38,62.31
1939-12,49.92,62.53
1940-01,48.94,61.88
1940-02,48.86,63.55
1940-03,47.99,63.98
1940-04,47.64,66.17
1940-05,45.62,61.43
1940-06,47.94,60.09
1940-07,46.99,59.93
1940-08,47.00,59.49
1940-09,46.21,61.07
1940-10,48.10,60.93
1940-11,47.91,61.81
1940-12,47.55,60.60
1941-01,49.10,60.86
1941-02,49.26,59.58
1941-03,50.83,59.74
1941-04,52.64,58.83
1941-05,53.02,58.55
1941-06,54.13,60.24
1941-07,57.72,63.38
1941-08,57.51,63.62
1941-09,57.77,63.51
1941-10,59.12,62.68
1941-11,58.78,62.08
1941-12,55.28,60.37
1942-01,61.29,65.40
1942-02,60.59,66.62
1942-03,60.59,68.38
1942-04,61.85,68.16
1942-05,60.54,66.45
1942-06,60.41,65.27
1942-07,61.85,65.24
1942-08,62.64,65.29
1942-09,63.72,65.38
1942-10,68.24,66.97
1942-11,65.29,66.09
1942-12,65.60,64.47
1943-01,70.56,69.82
1943-02,74.68,72.87
1943-03,79.67,77.62
1943-04,84.77,79.80
1943-05,87.48,83.47
1943-06,86.23,82.28
1943-07,83.24,79.55
1943-08,81.81,78.24
1943-09,82.89,79.37
1943-10,83.72,79.50
1943-11,79.81,77.91
1943-12,81.58,80.00
1944-01,82.90,81.76
1944-02,83.04,81.36
1944-03,85.25,82.38
1944-04,84.25,81.44
1944-05,84.55,82.49
1944-06,86.06,86.06
1944-07,85.60,86.73
1944-08,83.80,88.47
1944-09,82.23,88.57
1944-10,81.38,88.12
1944-11,82.78,88.13
1944-12,87.58,90.30
1945-01,87.60,92.22
1945-02,90.90,93.42
1945-03,88.87,91.58
1945-04,91.06,91.74
1945-05,91.29,93.40
1945-06,95.65,97.14
1945-07,92.43,95.46
1945-08,87.77,96.73
1945-09,87.61,98.16
1945-10,88.93,100.24
1945-11,92.24,104.19
1945-12,89.94,106.78
1946-01,91.43,110.80
1946-02,89.21,109.21
1946-03,89.31,110.53
1946-04,89.67,113.55
1946-05,90.61,115.65
1946-06,90.55,114.89
1946-07,95.35,119.13
1946-08,97.29,119.17
1946-09,95.73,114.85
1946-10,100.41,117.15
1946-11,103.80,119.38
1946-12,102.70,120.37
1947-01,101.26,122.78
1947-02,101.49,124.33
1947-03,103.33,124.39
1947-04,103.64,119.37
1947-05,103.17,115.12
1947-06,102.55,115.35
1947-07,105.54,117.78
1947-08,105.93,119.03
1947-09,108.91,123.29
1947-10,108.80,124.29
1947-11,110.11,122.98
1947-12,115.39,121.76
1948-01,117.74,126.28
1948-02,117.16,124.11
1948-03,121.00,123.39
1948-04,127.10,123.05
1948-05,125.87,125.16
1948-06,129.59,123.72
1948-07,130.46,124.60
1948-08,130.38,123.43
1948-09,127.11,121.60
1948-10,127.00,119.65
1948-11,120.41,118.29
1948-12,116.99,114.52
1949-01,117.74,116.39
1949-02,115.69,113.87
1949-03,116.71,116.83
1949-04,114.95,115.94
1949-05,111.67,115.14
1949-06,109.42,114.36
1949-07,108.39,114.09
1949-08,107.31,114.42
1949-09,107.36,116.05
1949-10,106.06,117.04
1949-11,104.82,116.28
1949-12,105.83,118.45
1950-01,105.14,122.10
1950-02,104.36,122.86
1950-03,101.20,121.49
1950-04,102.22,124.20
1950-05,102.85,122.43
1950-06,102.14,120.29
1950-07,116.68,122.15
1950-08,115.30,123.98
1950-09,114.29,125.71
1950-10,116.22,125.98
1950-11,120.03,125.66
1950-12,130.34,129.84
1951-01,137.03,134.44
1951-02,135.12,137.34
1951-03,129.19,137.03
1951-04,133.21,135.56
1951-05,131.27,136.15
1951-06,125.36,133.53
1951-07,127.41,131.04
1951-08,126.58,132.37
1951-09,127.83,136.08
1951-10,128.34,136.81
1951-11,128.66,137.56
1951-12,127.04,135.62
1952-01,128.48,135.02
1952-02,127.16,136.34
1952-03,129.56,132.57
1952-04,129.53,133.95
1952-05,129.28,133.03
1952-06,130.86,131.55
1952-07,130.86,132.13
1952-08,130.71,134.08
1952-09,128.25,135.63
1952-10,127.54,134.93
1952-11,128.55,134.35
1952-12,128.59,132.81
1953-01,129.61,137.53
1953-02,129.02,140.72
1953-03,127.85,141.06
1953-04,129.85,142.17
1953-05,129.95,142.58
1953-06,129.37,140.68
1953-07,128.88,139.74
1953-08,124.37,140.99
1953-09,121.26,140.43
1953-10,121.06,139.25
1953-11,120.20,137.33
1953-12,116.66,136.66
1954-01,120.77,138.10
1954-02,120.45,138.51
1954-03,118.23,137.91
1954-04,117.27,133.18
1954-05,120.25,134.44
1954-06,120.11,135.39
1954-07,124.51,136.79
1954-08,122.48,140.79
1954-09,122.92,137.37
1954-10,123.09,138.13
1954-11,128.65,135.16
1954-12,135.71,138.43
1955-01,138.34,139.14
1955-02,139.22,141.94
1955-03,141.53,141.24
1955-04,142.38,139.15
1955-05,140.69,139.06
1955-06,142.76,132.71
1955-07,143.37,131.71
1955-08,144.02,131.25
1955-09,143.05,132.61
1955-10,142.54,134.73
1955-11,143.13,132.40
1955-12,139.85,135.29
1956-01,140.59,136.09
1956-02,139.91,135.25
1956-03,139.20,132.82
1956-04,139.00,133.29
1956-05,137.49,136.10
1956-06,136.40,134.91
1956-07,136.83,133.61
1956-08,135.75,136.52
1956-09,138.16,139.19
1956-10,138.69,140.13
1956-11,140.95,140.12
1956-12,138.33,140.98
1957-01,142.27,146.24
1957-02,141.83,146.11
1957-03,141.21,147.18
1957-04,139.31,145.50
1957-05,136.69,144.55
1957-06,137.02,146.24
1957-07,137.90,145.73
1957-08,137.56,146.53
1957-09,138.89,147.06
1957-10,136.12,143.68
1957-11,132.40,144.94
1957-12,130.17,144.15
1958-01,136.46,151.45
1958-02,136.88,153.11
1958-03,136.10,155.30
1958-04,138.49,154.82
1958-05,138.03,158.36
1958-06,138.13,158.18
1958-07,142.10,159.01
1958-08,142.63,161.31
1958-09,146.28,161.46
1958-10,144.43,163.33
1958-11,142.73,167.09
1958-12,142.72,164.00
1959-01,146.89,169.35
1959-02,148.32,171.96
1959-03,147.45,174.43
1959-04,145.47,173.46
1959-05,148.18,170.33
1959-06,150.27,172.02
1959-07,150.66,171.79
1959-08,151.25,170.75
1959-09,152.19,171.02
1959-10,149.26,174.33
1959-11,144.21,176.63
1959-12,144.26,175.99
1960-01,147.65,179.58
1960-02,144.69,180.99
1960-03,140.47,180.09
1960-04,137.83,181.37
1960-05,132.59,183.97
1960-06,132.17,183.78
1960-07,134.43,182.50
1960-08,134.22,184.19
1960-09,136.23,182.18
1960-10,140.49,175.60
1960-11,137.01,176.48
1960-12,135.83,173.90
1961-01,140.65,175.13
1961-02,139.56,181.97
1961-03,138.13,187.82
1961-04,140.66,187.77
1961-05,141.04,191.66
1961-06,140.62,186.87
1961-07,140.58,183.71
1961-08,139.95,180.66
1961-09,138.97,178.93
1961-10,138.91,176.01
1961-11,136.90,178.17
1961-12,139.13,176.75
1962-01,146.07,179.93
1962-02,147.27,178.21
1962-03,144.88,179.65
1962-04,144.93,178.27
1962-05,148.68,172.74
1962-06,151.78,171.67
1962-07,146.33,174.23
1962-08,144.61,176.58
1962-09,146.85,173.02
1962-10,148.20,165.83
1962-11,149.07,169.84
1962-12,149.16,163.30
1963-01,152.41,168.40
1963-02,155.50,169.23
1963-03,158.51,164.86
1963-04,159.52,162.44
1963-05,163.31,164.16
1963-06,164.47,163.97
1963-07,163.12,163.25
1963-08,165.78,161.80
1963-09,165.17,161.02
1963-10,164.80,160.03
1963-11,167.35,158.09
1963-12,167.07,155.25
1964-01,169.66,154.93
1964-02,173.78,154.72
1964-03,179.19,156.08
1964-04,177.77,153.76
1964-05,180.67,152.34
1964-06,181.57,151.86
1964-07,182.55,151.91
1964-08,182.34,151.78
1964-09,185.13,150.67
1964-10,186.83,151.28
1964-11,183.01,152.34
1964-12,178.26,151.85
1965-01,178.55,155.57
1965-02,178.43,160.37
1965-03,180.14,163.03
1965-04,181.33,164.88
1965-05,178.56,165.06
1965-06,179.19,158.60
1965-07,182.43,159.43
1965-08,179.94,163.44
1965-09,179.56,164.42
1965-10,182.00,168.32
1965-11,182.33,176.34
1965-12,186.31,180.12
1966-01,192.04,187.07
1966-02,193.42,196.11
1966-03,189.33,197.90
1966-04,188.68,204.83
1966-05,185.52,195.30
1966-06,186.06,196.96
1966-07,187.62,196.17
1966-08,189.17,190.41
1966-09,190.11,188.55
1966-10,195.35,176.13
1966-11,185.89,182.99
1966-12,183.78,186.25
1967-01,187.46,200.73
1967-02,183.21,207.50
1967-03,183.52,210.01
1967-04,179.31,211.09
1967-05,180.21,215.00
1967-06,182.21,228.39
1967-07,187.23,235.76
1967-08,189.91,236.90
1967-09,185.20,244.23
1967-10,179.07,247.95
1967-11,176.49,249.27
1967-12,175.51,263.45
1968-01,184.01,274.14
1968-02,186.25,266.23
1968-03,185.04,262.92
1968-04,182.96,278.03
1968-05,184.41,295.76
1968-06,186.11,296.29
1968-07,196.53,293.56
1968-08,198.41,300.93
1968-09,198.94,309.46
1968-10,205.05,309.07
1968-11,202.98,316.61
1968-12,203.53,328.53
1969-01,206.82,326.78
1969-02,208.56,314.16
1969-03,208.71,315.31
1969-04,209.20,313.98
1969-05,210.36,313.33
1969-06,208.47,297.76
1969-07,211.37,289.24
1969-08,203.25,291.96
1969-09,197.06,296.75
1969-10,191.25,309.65
1969-11,189.18,302.97
1969-12,184.02,293.01
1970-01,190.20,302.78
1970-02,197.57,296.77
1970-03,205.98,291.11
1970-04,219.00,274.37
1970-05,226.04,262.13
1970-06,227.35,257.77
1970-07,229.19,256.78
1970-08,232.15,261.02
1970-09,219.80,284.73
1970-10,220.53,274.02
1970-11,224.29,264.29
1970-12,226.86,272.93
1971-01,230.05,293.34
1971-02,226.27,298.59
1971-03,216.95,306.94
1971-04,218.47,306.02
1971-05,215.74,304.16
1971-06,211.63,300.81
1971-07,211.22,296.82
1971-08,216.44,296.75
1971-09,209.75,298.81
1971-10,208.28,294.16
1971-11,204.39,286.56
1971-12,203.21,296.57
1972-01,207.12,314.50
1972-02,201.30,320.04
1972-03,197.15,318.95
1972-04,196.78,320.07
1972-05,190.98,311.99
1972-06,185.85,313.46
1972-07,186.54,304.94
1972-08,194.63,293.32
1972-09,195.60,286.71
1972-10,197.52,279.37
1972-11,207.18,277.21
1972-12,202.13,272.28
1973-01,207.57,263.82
1973-02,211.43,255.16
1973-03,217.81,250.16
1973-04,230.04,242.02
1973-05,230.82,227.69
1973-06,233.86,222.53
1973-07,220.37,239.95
1973-08,225.52,239.16
1973-09,230.40,247.00
1973-10,235.09,248.39
1973-11,245.08,230.42
1973-12,255.85,219.60
1974-01,272.65,243.17
1974-02,280.91,245.42
1974-03,281.98,253.87
1974-04,284.85,253.34
1974-05,280.30,248.07
1974-06,283.46,249.08
1974-07,298.40,252.14
1974-08,308.31,252.99
1974-09,327.92,256.74
1974-10,295.98,249.38
1974-11,296.52,248.35
1974-12,297.57,237.89
1975-01,323.01,265.71
1975-02,308.59,266.94
1975-03,315.58,277.36
1975-04,311.49,275.93
1975-05,297.75,286.60
1975-06,302.42,290.34
1975-07,308.97,300.06
1975-08,305.62,290.78
1975-09,307.23,291.61
1975-10,308.33,280.37
1975-11,315.24,278.09
1975-12,320.66,276.27
1976-01,347.88,289.88
1976-02,366.55,309.68
1976-03,364.86,305.55
1976-04,362.99,304.78
1976-05,358.29,301.66
1976-06,360.95,298.17
1976-07,367.28,299.48
1976-08,370.21,293.74
1976-09,369.06,294.36
1976-10,368.43,295.16
1976-11,373.47,301.92
1976-12,381.86,311.43
1977-01,398.44,326.59
1977-02,402.27,331.94
1977-03,406.69,335.48
1977-04,421.21,335.84
1977-05,423.93,339.69
1977-06,421.27,346.92
1977-07,418.74,354.35
1977-08,407.09,359.98
1977-09,405.36,364.92
1977-10,411.95,369.34
1977-11,413.58,383.68
1977-12,412.39,388.96
1978-01,427.07,398.51
1978-02,430.57,412.87
1978-03,436.25,427.79
1978-04,422.06,430.60
1978-05,421.68,452.20
1978-06,425.54,461.40
1978-07,422.56,464.02
1978-08,420.37,488.19
1978-09,430.23,487.76
1978-10,437.62,441.03
1978-11,429.09,455.01
1978-12,420.46,460.87
1979-01,431.55,479.12
1979-02,439.10,483.73
1979-03,438.58,501.81
1979-04,445.98,515.30
1979-05,455.00,519.63
1979-06,464.61,528.76
1979-07,476.10,538.84
1979-08,470.96,552.12
1979-09,468.92,553.18
1979-10,463.25,537.49
1979-11,451.13,555.81
1979-12,444.79,582.92
1980-01,457.56,598.00
1980-02,464.17,591.49
1980-03,464.09,556.73
1980-04,471.54,565.55
1980-05,475.96,580.22
1980-06,474.71,592.94
1980-07,443.35,615.26
1980-08,433.66,641.11
1980-09,415.31,649.81
1980-10,405.23,668.79
1980-11,374.60,650.89
1980-12,387.10,652.31
1981-01,415.33,674.74
1981-02,421.41,674.87
1981-03,425.05,699.38
1981-04,435.35,732.17
1981-05,434.51,748.45
1981-06,459.04,745.91
1981-07,459.28,735.68
1981-08,482.60,724.03
1981-09,510.12,708.80
1981-10,488.63,723.67
1981-11,497.99,716.30
1981-12,501.38,724.63
1982-01,516.86,715.38
1982-02,547.85,718.59
1982-03,566.09,714.93
1982-04,547.96,726.73
1982-05,560.61,732.66
1982-06,573.45,735.73
1982-07,574.33,744.18
1982-08,579.37,711.70
1982-09,578.27,730.21
1982-10,557.18,748.74
1982-11,544.25,780.74
1982-12,539.98,774.07
1983-01,534.92,795.74
1983-02,536.75,820.13
1983-03,546.11,833.61
1983-04,550.06,841.74
1983-05,542.24,895.94
1983-06,519.91,904.48
1983-07,548.78,920.20
1983-08,578.94,881.90
1983-09,584.05,888.61
1983-10,613.05,859.23
1983-11,607.87,878.07
1983-12,617.90,877.42
1984-01,666.22,879.41
1984-02,689.63,867.99
1984-03,692.55,870.61
1984-04,700.80,863.16
1984-05,701.25,864.83
1984-06,680.54,863.90
1984-07,683.17,847.72
1984-08,670.61,847.53
1984-09,705.29,850.99
1984-10,709.47,844.58
1984-11,735.70,840.01
1984-12,734.15,837.57
1985-01,694.57,866.77
1985-02,693.48,877.35
1985-03,722.18,872.31
1985-04,746.97,875.08
1985-05,738.41,856.99
1985-06,740.70,864.03
1985-07,727.46,890.74
1985-08,743.39,890.43
1985-09,751.25,878.34
1985-10,757.34,869.16
1985-11,736.18,875.70
1985-12,726.32,876.02
1986-01,730.00,890.39
1986-02,721.74,884.86
1986-03,712.77,876.41
1986-04,688.00,898.52
1986-05,686.80,890.10
1986-06,695.52,886.49
1986-07,726.51,858.28
1986-08,750.81,824.79
1986-09,775.70,849.16
1986-10,763.82,830.71
1986-11,762.91,818.23
1986-12,766.29,824.40
1987-01,743.86,814.86
1987-02,700.77,847.71
1987-03,713.05,856.87
1987-04,711.79,847.78
1987-05,713.40,847.49
1987-06,722.86,835.92
1987-07,729.77,835.36
1987-08,723.96,833.91
1987-09,726.64,843.78
1987-10,757.24,778.13
1987-11,781.91,803.80
1987-12,746.85,807.53
1988-01,784.66,806.35
1988-02,772.17,836.82
1988-03,779.12,891.67
1988-04,793.92,907.70
1988-05,813.62,889.46
1988-06,804.33,913.79
1988-07,823.65,918.21
1988-08,843.09,925.40
1988-09,838.59,919.53
1988-10,856.80,898.35
1988-11,870.57,889.27
1988-12,855.82,911.76
1989-01,862.98,898.23
1989-02,872.75,929.23
1989-03,879.51,942.96
1989-04,871.29,946.49
1989-05,866.08,953.19
1989-06,886.51,949.96
1989-07,862.87,916.81
1989-08,866.67,924.88
1989-09,856.24,932.76
1989-10,848.92,909.88
1989-11,841.22,905.56
1989-12,843.73,889.81
1990-01,857.36,890.90
1990-02,864.86,905.93
1990-03,842.24,926.47
1990-04,821.07,927.24
1990-05,788.96,907.88
1990-06,776.62,928.76
1990-07,778.41,907.30
1990-08,795.88,885.85
1990-09,804.69,862.30
1990-10,809.43,823.01
1990-11,785.78,830.88
1990-12,774.99,843.16
1991-01,765.04,880.92
1991-02,759.56,919.66
1991-03,748.40,958.19
1991-04,759.96,968.10
1991-05,757.51,970.91
1991-06,766.66,978.54
1991-07,756.50,973.51
1991-08,751.37,994.83
1991-09,742.94,1017.49
1991-10,739.49,1029.88
1991-11,728.24,1032.21
1991-12,698.14,1014.92
1992-01,730.02,1104.83
1992-02,777.84,1119.74
1992-03,806.41,1116.25
1992-04,841.84,1053.55
1992-05,851.42,1063.21
1992-06,879.90,1036.29
1992-07,876.14,1037.59
1992-08,866.69,1041.78
1992-09,865.15,1052.77
1992-10,849.89,1082.62
1992-11,837.63,1128.77
1992-12,859.19,1152.29
1993-01,911.27,1181.43
1993-02,970.44,1147.10
1993-03,982.00,1155.25
1993-04,1008.48,1155.34
1993-05,974.07,1185.66
1993-06,998.34,1186.24
1993-07,1026.21,1202.62
1993-08,1027.93,1209.82
1993-09,1024.62,1252.31
1993-10,997.89,1285.91
1993-11,990.52,1276.55
1993-12,992.76,1297.85
1994-01,1001.40,1305.64
1994-02,986.56,1348.88
1994-03,1003.40,1341.60
1994-04,1018.34,1333.65
1994-05,1024.09,1312.05
1994-06,1042.57,1313.37
1994-07,1049.97,1297.38
1994-08,1024.70,1325.55
1994-09,1005.61,1372.06
1994-10,987.06,1346.89
1994-11,980.01,1357.79
1994-12,978.63,1366.36
1995-01,1004.10,1325.34
1995-02,1014.12,1324.07
1995-03,991.85,1327.37
1995-04,1009.83,1329.17
1995-05,1032.16,1301.43
1995-06,1005.13,1348.47
1995-07,987.83,1381.70
1995-08,1013.63,1405.87
1995-09,1011.00,1380.68
1995-10,1005.83,1334.87
1995-11,1009.56,1324.71
1995-12,1010.47,1338.24
1996-01,1017.45,1310.22
1996-02,1005.76,1339.15
1996-03,1010.32,1365.64
1996-04,971.01,1445.21
1996-05,961.20,1497.37
1996-06,982.60,1443.38
1996-07,1032.62,1387.00
1996-08,1022.25,1425.56
1996-09,994.22,1418.37
1996-10,1042.96,1363.25
1996-11,1057.66,1314.91
1996-12,1070.50,1361.86
1997-01,1053.64,1340.55
1997-02,1111.47,1303.05
1997-03,1146.20,1301.78
1997-04,1143.13,1230.04
1997-05,1092.38,1294.98
1997-06,1106.57,1315.19
1997-07,1105.63,1282.85
1997-08,1117.14,1379.93
1997-09,1118.80,1420.44
1997-10,1143.08,1414.97
1997-11,1154.45,1346.17
1997-12,1194.32,1315.22
1998-01,1171.40,1305.12
1998-02,1156.29,1308.25
1998-03,1168.09,1293.99
1998-04,1177.37,1297.66
1998-05,1216.15,1257.81
1998-06,1188.42,1220.44
1998-07,1165.13,1165.32
1998-08,1203.77,1103.75
1998-09,1157.65,1104.87
1998-10,1129.04,1075.12
1998-11,1089.38,1090.53
1998-12,1040.73,1087.93
1999-01,992.06,1097.55
1999-02,1007.44,1031.70
1999-03,977.71,992.89
1999-04,1003.92,1038.50
1999-05,1025.42,1073.62
1999-06,988.20,1108.19
1999-07,986.51,1140.35
1999-08,965.64,1132.00
1999-09,937.49,1171.87
1999-10,908.08,1092.02
1999-11,854.39,1168.58
1999-12,787.14,1247.61
2000-01,777.15,1315.12
2000-02,700.69,1600.25
2000-03,761.62,1328.14
2000-04,806.84,1246.66
2000-05,841.72,1171.79
2000-06,774.76,1327.26
2000-07,836.06,1291.98
2000-08,820.76,1284.10
2000-09,880.98,1266.78
2000-10,927.68,1218.59
2000-11,1038.66,1181.51
2000-12,1114.75,1192.28
2001-01,1059.25,1274.29
2001-02,1186.51,1266.97
2001-03,1258.42,1268.96
2001-04,1196.15,1275.45
2001-05,1237.24,1311.57
2001-06,1218.57,1395.76
2001-07,1271.02,1334.47
2001-08,1301.39,1361.29
2001-09,1320.25,1278.92
2001-10,1214.11,1368.43
2001-11,1234.06,1357.13
2001-12,1237.80,1417.67
2002-01,1276.47,1433.70
2002-02,1302.54,1417.59
2002-03,1314.30,1476.59
2002-04,1367.05,1566.27
2002-05,1383.09,1513.29
2002-06,1382.61,1572.43
2002-07,1330.68,1489.57
2002-08,1368.54,1448.45
2002-09,1381.91,1482.49
2002-10,1326.66,1431.68
2002-11,1307.60,1477.36
2002-12,1331.63,1475.66
2003-01,1321.04,1498.31
2003-02,1304.50,1496.12
2003-03,1273.44,1512.35
2003-04,1278.74,1514.28
2003-05,1280.22,1577.71
2003-06,1278.16,1602.34
2003-07,1257.47,1682.83
2003-08,1278.49,1727.17
2003-09,1279.31,1743.01
2003-10,1301.06,1781.69
2003-11,1319.07,1814.75
2003-12,1337.58,1766.15
2004-01,1370.76,1814.21
2004-02,1381.67,1784.84
2004-03,1382.69,1815.13
2004-04,1335.19,1782.04
2004-05,1333.78,1781.06
2004-06,1350.26,1823.44
2004-07,1390.61,1752.17
2004-08,1401.65,1722.07
2004-09,1400.75,1775.21
2004-10,1399.96,1782.42
2004-11,1424.15,1853.33
2004-12,1416.46,1848.14
2005-01,1440.63,1812.08
2005-02,1462.85,1804.91
2005-03,1494.31,1781.58
2005-04,1495.50,1712.60
2005-05,1482.02,1756.56
2005-06,1520.45,1798.42
2005-07,1513.96,1857.33
2005-08,1539.89,1844.47
2005-09,1569.52,1853.97
2005-10,1575.03,1828.36
2005-11,1545.18,1834.28
2005-12,1544.10,1822.17
2006-01,1565.57,1929.27
2006-02,1558.37,1918.08
2006-03,1567.27,1982.05
2006-04,1607.88,1960.30
2006-05,1648.16,1902.85
2006-06,1663.49,1896.90
2006-07,1713.70,1828.09
2006-08,1685.16,1850.70
2006-09,1675.55,1814.00
2006-10,1660.44,1834.30
2006-11,1659.77,1843.28
2006-12,1712.53,1828.30
2007-01,1701.82,1829.50
2007-02,1705.34,1855.70
2007-03,1697.58,1863.67
2007-04,1676.80,1824.59
2007-05,1672.44,1831.76
2007-06,1657.54,1846.10
2007-07,1598.39,1797.05
2007-08,1568.19,1792.57
2007-09,1539.87,1756.61
2007-10,1499.67,1762.37
2007-11,1494.53,1723.47
2007-12,1490.92,1727.60
2008-01,1555.60,1713.10
2008-02,1547.98,1706.25
2008-03,1558.33,1721.95
2008-04,1546.94,1694.18
2008-05,1532.91,1752.26
2008-06,1510.40,1788.33
2008-07,1600.60,1845.22
2008-08,1622.99,1902.54
2008-09,1716.96,1881.13
2008-10,1670.71,1819.26
2008-11,1540.04,1730.76
2008-12,1529.04,1774.70
2009-01,1364.90,1777.59
2009-02,1280.42,1784.24
2009-03,1324.56,1778.38
2009-04,1398.29,1874.16
2009-05,1407.21,1829.44
2009-06,1381.01,1890.00
2009-07,1449.35,1920.42
2009-08,1566.18,1903.15
2009-09,1588.81,1951.06
2009-10,1528.88,1871.40
2009-11,1530.63,1828.85
2009-12,1531.58,1937.94
2010-01,1539.47,1945.60
2010-02,1588.91,1964.94
2010-03,1626.31,1992.52
2010-04,1677.11,2087.64
2010-05,1637.02,2087.60
2010-06,1561.39,2047.70
2010-07,1558.83,2054.40
2010-08,1536.44,1994.04
2010-09,1494.91,2072.15
2010-10,1465.62,2100.37
2010-11,1458.60,2181.71
2010-12,1519.09,2204.93
2011-01,1535.90,2160.10
2011-02,1561.79,2198.46
2011-03,1543.81,2263.75
2011-04,1516.01,2263.92
2011-05,1495.58,2253.63
2011-06,1495.43,2246.65
2011-07,1488.56,2225.50
2011-08,1459.95,2165.77
2011-09,1443.66,2102.10
2011-10,1448.39,2167.26
2011-11,1446.43,2166.92
2011-12,1472.09,2155.08
2012-01,1465.47,2204.17
2012-02,1477.86,2168.02
2012-03,1501.68,2158.87
2012-04,1495.90,2154.46
2012-05,1481.91,2152.58
2012-06,1492.09,2166.50
2012-07,1495.06,2107.53
2012-08,1525.70,2130.80
2012-09,1561.34,2151.03
2012-10,1624.26,2133.75
2012-11,1611.31,2143.59
2012-12,1671.05,2176.12
2013-01,1695.29,2187.41
2013-02,1712.17,2193.57
2013-03,1707.69,2206.43
2013-04,1715.89,2150.52
2013-05,1766.72,2189.06
2013-06,1774.47,2224.11
2013-07,1792.70,2269.92
2013-08,1752.59,2283.98
2013-09,1737.12,2352.25
2013-10,1763.78,2318.20
2013-11,1774.98,2354.53
2013-12,1784.48,2352.02
2014-01,1758.04,2381.30
2014-02,1758.57,2394.41
2014-03,1853.26,2356.59
2014-04,1884.57,2264.18
2014-05,1891.55,2228.57
2014-06,1885.91,2301.58
2014-07,1891.80,2209.93
2014-08,1886.21,2220.85
2014-09,1864.08,2143.49
2014-10,1838.74,2232.01
2014-11,1783.16,2184.36
2014-12,1820.67,2235.11
2015-01,1751.87,2209.94
2015-02,1729.58,2230.76
2015-03,1733.85,2308.78
2015-04,1771.39,2243.95
2015-05,1763.30,2275.82
2015-06,1759.57,2352.49
2015-07,1694.45,2260.71
2015-08,1746.12,2271.78
2015-09,1757.27,2210.13
2015-10,1756.67,2173.52
2015-11,1756.47,2256.39
2015-12,1715.51,2194.53
2016-01,1756.80,2123.13
2016-02,1749.03,2138.33
2016-03,1780.22,2162.53
2016-04,1849.53,2189.44
2016-05,1830.54,2194.62
2016-06,1814.62,2217.57
2016-07,1797.97,2275.07
2016-08,1864.41,2309.44
2016-09,1851.82,2365.34
2016-10,1939.18,2271.30
2016-11,2109.47,2405.49
2016-12,2196.57,2420.11
2017-01,2152.31,2405.86
2017-02,2128.92,2359.73
2017-03,2063.47,2388.33
2017-04,2030.70,2411.14
2017-05,1959.32,2353.62
2017-06,1997.17,2411.81
2017-07,2001.07,2382.96
2017-08,1972.54,2356.17
2017-09,2050.91,2476.53
2017-10,2062.17,2434.86
2017-11,2073.78,2431.96
2017-12,2086.86,2409.76
2018-01,2074.82,2347.22
2018-02,2063.27,2362.61
2018-03,2067.22,2464.06
2018-04,2089.24,2500.18
2018-05,2036.56,2643.22
2018-06,2000.12,2682.80
2018-07,2020.64,2632.91
2018-08,1950.69,2671.18
2018-09,1926.72,2616.72
2018-10,2004.61,2506.74
2018-11,2018.37,2493.12
2018-12,1986.19,2440.16
2019-01,1984.81,2511.89
2019-02,1942.14,2573.13
2019-03,1875.98,2510.79
2019-04,1928.25,2480.26
2019-05,1890.43,2458.19
2019-06,1884.95,2470.25
2019-07,1904.33,2431.79
2019-08,1821.15,2380.57
2019-09,1953.24,2366.53
2019-10,1928.40,2386.05
2019-11,1900.43,2414.12
2019-12,1940.81,2439.80
2020-01,1829.53,2373.97
2020-02,1766.25,2406.11
2020-03,1522.35,2291.14
2020-04,1496.02,2337.29
2020-05,1424.32,2396.42
2020-06,1404.86,2478.83
2020-07,1395.84,2438.75
2020-08,1362.49,2448.03
2020-09,1332.52,2461.17
2020-10,1394.56,2576.74
2020-11,1430.16,2737.25
2020-12,1413.41,2887.95
2021-01,1468.77,3113.87
2021-02,1583.96,3195.57
2021-03,1712.73,3143.90
2021-04,1711.13,3071.64
2021-05,1848.12,3093.37
2021-06,1722.15,3180.79
2021-07,1703.49,3077.94
2021-08,1708.59,3084.69
2021-09,1808.02,3126.34
2021-10,1819.80,3092.10
2021-11,1832.34,3084.73
2021-12,1909.77,3064.09
2022-01,2173.11,2908.23
2022-02,2260.14,2999.51
2022-03,2245.14,2991.43
2022-04,2398.10,2970.30
2022-05,2630.31,2950.90
2022-06,2510.37,3058.76
2022-07,2410.39,3152.48
2022-08,2421.61,3207.85
2022-09,2437.77,3205.75
2022-10,2651.05,3231.62
2022-11,2702.44,3132.63
2022-12,2745.25,3118.32
2023-01,2657.15,3301.07
2023-02,2650.18,3356.00
2023-03,2416.97,3183.25
2023-04,2428.65,3097.32
2023-05,2247.71,3160.32
2023-06,2255.09,3224.56
2023-07,2355.15,3305.29
2023-08,2344.44,3226.48
2023-09,2393.68,3167.26
2023-10,2405.44,3056.33
2023-11,2453.88,3066.46
2023-12,2584.20,3275.41
2024-01,2536.54,3129.55
2024-02,2464.08,3143.52
2024-03,2580.24,3084.46
2024-04,2581.03,3028.79
2024-05,2553.13,3055.14
2024-06,2472.13,2971.95
2024-07,2619.39,3187.09
2024-08,2600.23,3090.66
2024-09,2538.95,3102.39
2024-10,2571.42,3087.34
2024-11,2587.66,3242.75
2024-12,2524.37,3175.48