date,price,dividends,earnings,cpi,long_term_interest_rate,corporate_tax_rate
1871-01,4.44,0.2600,0.40,12.464,5.32,0.00
1871-02,4.50,0.2600,0.40,12.845,5.32,0.00
1871-03,4.61,0.2600,0.40,13.035,5.33,0.00
1871-04,4.75,0.2600,0.40,12.559,5.33,0.00
1871-05,4.86,0.2600,0.40,12.274,5.33,0.00
1871-06,4.82,0.2600,0.40,12.083,5.34,0.00
1871-07,4.74,0.2600,0.40,12.083,5.34,0.00
1871-08,4.79,0.2600,0.40,11.893,5.34,0.00
1871-09,4.84,0.2600,0.40,12.179,5.35,0.00
1871-10,4.59,0.2600,0.40,12.369,5.35,0.00
1871-11,4.64,0.2600,0.40,12.369,5.35,0.00
1871-12,4.75,0.2600,0.40,12.654,5.36,0.00
1872-01,4.86,0.2633,0.40,12.654,5.36,0.00
1872-02,4.89,0.2667,0.41,12.654,5.38,0.00
1872-03,5.04,0.2700,0.41,12.845,5.40,0.00
1872-04,5.19,0.2733,0.41,13.130,5.42,0.00
1872-05,5.19,0.2767,0.41,13.130,5.43,0.00
1872-06,5.14,0.2800,0.42,13.035,5.45,0.00
1872-07,5.10,0.2833,0.42,12.845,5.47,0.00
1872-08,5.04,0.2867,0.42,12.940,5.49,0.00
1872-09,4.96,0.2900,0.42,13.035,5.51,0.00
1872-10,4.97,0.2933,0.43,12.749,5.53,0.00
1872-11,4.96,0.2967,0.43,13.130,5.54,0.00
1872-12,5.07,0.3000,0.43,12.940,5.56,0.00
1873-01,5.11,0.3025,0.43,12.940,5.58,0.00
1873-02,5.16,0.3050,0.44,13.225,5.57,0.00
1873-03,5.11,0.3075,0.44,13.225,5.56,0.00
1873-04,5.04,0.3100,0.44,13.225,5.55,0.00
1873-05,5.05,0.3125,0.44,12.940,5.54,0.00
1873-06,4.99,0.3150,0.45,12.559,5.53,0.00
1873-07,4.97,0.3175,0.45,12.559,5.53,0.00
1873-08,4.97,0.3200,0.45,12.559,5.52,0.00
1873-09,4.59,0.3225,0.45,12.559,5.51,0.00
1873-10,4.19,0.3250,0.46,12.274,5.50,0.00
1873-11,4.04,0.3275,0.46,11.893,5.49,0.00
1873-12,4.43,0.3300,0.46,12.179,5.48,0.00
1874-01,4.66,0.3300,0.46,12.369,5.47,0.00
1874-02,4.80,0.3300,0.46,12.369,5.44,0.00
1874-03,4.74,0.3300,0.46,12.369,5.40,0.00
1874-04,4.60,0.3300,0.46,12.179,5.37,0.00
1874-05,4.49,0.3300,0.46,12.083,5.34,0.00
1874-06,4.46,0.3300,0.46,11.798,5.30,0.00
1874-07,4.46,0.3300,0.46,11.893,5.27,0.00
1874-08,4.48,0.3300,0.46,11.798,5.24,0.00
1874-09,4.55,0.3300,0.46,11.798,5.20,0.00
1874-10,4.54,0.3300,0.46,11.608,5.17,0.00
1874-11,4.56,0.3300,0.46,11.513,5.14,0.00
1874-12,4.55,0.3300,0.46,11.513,5.10,0.00
1875-01,4.55,0.3275,0.45,11.513,5.07,0.00
1875-02,4.54,0.3250,0.44,11.513,5.03,0.00
1875-03,4.59,0.3225,0.44,11.513,4.99,0.00
1875-04,4.65,0.3200,0.43,11.608,4.95,0.00
1875-05,4.48,0.3175,0.42,11.322,4.91,0.00
1875-06,4.38,0.3150,0.41,11.132,4.87,0.00
1875-07,4.39,0.3125,0.40,11.132,4.83,0.00
1875-08,4.41,0.3100,0.39,11.227,4.79,0.00
1875-09,4.36,0.3075,0.39,11.132,4.75,0.00
1875-10,4.30,0.3050,0.38,11.132,4.71,0.00
1875-11,4.36,0.3025,0.37,11.037,4.67,0.00
1875-12,4.36,0.3000,0.36,10.942,4.63,0.00
1876-01,4.46,0.3000,0.35,10.847,4.59,0.00
1876-02,4.53,0.3000,0.35,10.847,4.58,0.00
1876-03,4.51,0.3000,0.34,10.847,4.57,0.00
1876-04,4.34,0.3000,0.33,10.751,4.56,0.00
1876-05,4.18,0.3000,0.33,10.371,4.54,0.00
1876-06,4.15,0.3000,0.32,10.085,4.53,0.00
1876-07,4.10,0.3000,0.31,10.085,4.52,0.00
1876-08,3.93,0.3000,0.31,10.181,4.51,0.00
1876-09,3.69,0.3000,0.30,10.276,4.50,0.00
1876-10,3.67,0.3000,0.29,10.466,4.49,0.00
1876-11,3.61,0.3000,0.29,10.561,4.47,0.00
1876-12,3.58,0.3000,0.28,10.751,4.46,0.00
1877-01,3.56,0.2908,0.28,10.942,4.45,0.00
1877-02,3.35,0.2817,0.28,10.656,4.44,0.00
1877-03,3.17,0.2725,0.29,10.181,4.43,0.00
1877-04,2.95,0.2633,0.29,10.466,4.42,0.00
1877-05,2.95,0.2542,0.29,10.656,4.41,0.00
1877-06,2.74,0.2450,0.29,10.085,4.40,0.00
1877-07,2.85,0.2358,0.29,10.181,4.40,0.00
1877-08,3.05,0.2267,0.29,9.800,4.39,0.00
1877-09,3.23,0.2175,0.30,9.705,4.38,0.00
1877-10,3.31,0.2083,0.30,9.705,4.37,0.00
1877-11,3.26,0.1992,0.30,9.515,4.36,0.00
1877-12,3.25,0.1900,0.30,9.515,4.35,0.00
1878-01,3.25,0.1892,0.30,9.229,4.34,0.00
1878-02,3.18,0.1883,0.30,9.134,4.33,0.00
1878-03,3.23,0.1875,0.30,8.944,4.32,0.00
1878-04,3.33,0.1867,0.30,8.849,4.31,0.00
1878-05,3.35,0.1858,0.30,8.563,4.30,0.00
1878-06,3.42,0.1850,0.31,8.373,4.29,0.00
1878-07,3.48,0.1842,0.31,8.468,4.28,0.00
1878-08,3.44,0.1833,0.31,8.563,4.27,0.00
1878-09,3.52,0.1825,0.31,8.563,4.26,0.00
1878-10,3.48,0.1817,0.31,8.468,4.25,0.00
1878-11,3.47,0.1808,0.31,8.373,4.24,0.00
1878-12,3.44,0.1800,0.31,8.183,4.23,0.00
1879-01,3.58,0.1817,0.32,8.278,4.22,0.00
1879-02,3.71,0.1833,0.32,8.373,4.20,0.00
1879-03,3.66,0.1850,0.33,8.278,4.19,0.00
1879-04,3.77,0.1867,0.33,8.183,4.17,0.00
1879-05,3.94,0.1883,0.34,8.183,4.15,0.00
1879-06,3.98,0.1900,0.35,8.087,4.14,0.00
1879-07,4.04,0.1917,0.35,8.183,4.12,0.00
1879-08,4.08,0.1933,0.36,8.183,4.10,0.00
1879-09,4.23,0.1950,0.36,8.468,4.09,0.00
1879-10,4.69,0.1967,0.37,8.944,4.07,0.00
1879-11,4.94,0.1983,0.37,9.419,4.05,0.00
1879-12,4.92,0.2000,0.38,9.705,4.04,0.00
1880-01,5.11,0.2050,0.39,9.990,4.02,0.00
1880-02,5.21,0.2100,0.40,9.990,3.99,0.00
1880-03,5.30,0.2150,0.41,10.085,3.97,0.00
1880-04,5.19,0.2200,0.42,9.705,3.94,0.00
1880-05,4.78,0.2250,0.43,9.419,3.91,0.00
1880-06,4.79,0.2300,0.44,9.229,3.89,0.00
1880-07,5.01,0.2350,0.44,9.229,3.86,0.00
1880-08,5.20,0.2400,0.45,9.229,3.83,0.00
1880-09,5.19,0.2450,0.46,9.324,3.81,0.00
1880-10,5.33,0.2500,0.47,9.324,3.78,0.00
1880-11,5.62,0.2550,0.48,9.419,3.75,0.00
1880-12,5.84,0.2600,0.49,9.515,3.73,0.00
1881-01,6.19,0.2650,0.49,9.419,3.70,0.00
1881-02,6.17,0.2700,0.48,9.515,3.69,0.00
1881-03,6.24,0.2750,0.48,9.515,3.69,0.00
1881-04,6.23,0.2800,0.47,9.610,3.68,0.00
1881-05,6.50,0.2850,0.47,9.515,3.67,0.00
1881-06,6.58,0.2900,0.47,9.515,3.67,0.00
1881-07,6.35,0.2950,0.46,9.610,3.66,0.00
1881-08,6.21,0.3000,0.46,9.800,3.65,0.00
1881-09,6.25,0.3050,0.45,10.181,3.65,0.00
1881-10,6.16,0.3100,0.45,10.276,3.64,0.00
1881-11,6.19,0.3150,0.44,10.181,3.63,0.00
1881-12,6.02,0.3200,0.44,10.181,3.63,0.00
1882-01,5.92,0.3200,0.44,10.181,3.62,0.00
1882-02,5.79,0.3200,0.44,10.276,3.62,0.00
1882-03,5.78,0.3200,0.44,10.276,3.62,0.00
1882-04,5.78,0.3200,0.44,10.371,3.62,0.00
1882-05,5.71,0.3200,0.44,10.466,3.62,0.00
1882-06,5.68,0.3200,0.44,10.561,3.62,0.00
1882-07,6.01,0.3200,0.43,10.466,3.63,0.00
1882-08,6.18,0.3200,0.43,10.561,3.63,0.00
1882-09,6.24,0.3200,0.43,10.276,3.63,0.00
1882-10,6.08,0.3200,0.43,10.181,3.63,0.00
1882-11,5.82,0.3200,0.43,10.085,3.63,0.00
1882-12,5.84,0.3200,0.43,9.990,3.63,0.00
1883-01,5.82,0.3208,0.43,9.990,3.63,0.00
1883-02,5.68,0.3217,0.43,10.085,3.63,0.00
1883-03,5.76,0.3225,0.42,9.990,3.63,0.00
1883-04,5.88,0.3233,0.42,9.895,3.63,0.00
1883-05,5.77,0.3242,0.42,9.800,3.63,0.00
1883-06,5.83,0.3250,0.42,9.515,3.63,0.00
1883-07,5.73,0.3258,0.41,9.324,3.63,0.00
1883-08,5.47,0.3267,0.41,9.324,3.62,0.00
1883-09,5.53,0.3275,0.41,9.229,3.62,0.00
1883-10,5.38,0.3283,0.41,9.229,3.62,0.00
1883-11,5.46,0.3292,0.40,9.134,3.62,0.00
1883-12,5.35,0.3300,0.40,9.229,3.62,0.00
1884-01,5.19,0.3283,0.39,9.229,3.62,0.00
1884-02,5.32,0.3267,0.39,9.229,3.61,0.00
1884-03,5.30,0.3250,0.38,9.229,3.60,0.00
1884-04,5.09,0.3233,0.37,9.039,3.60,0.00
1884-05,4.65,0.3217,0.36,8.849,3.59,0.00
1884-06,4.46,0.3200,0.36,8.849,3.58,0.00
1884-07,4.46,0.3183,0.35,8.753,3.57,0.00
1884-08,4.75,0.3167,0.34,8.753,3.56,0.00
1884-09,4.59,0.3150,0.33,8.658,3.55,0.00
1884-10,4.44,0.3133,0.33,8.563,3.55,0.00
1884-11,4.35,0.3117,0.32,8.373,3.54,0.00
1884-12,4.34,0.3100,0.31,8.278,3.53,0.00
1885-01,4.24,0.3042,0.31,8.278,3.52,0.00
1885-02,4.37,0.2983,0.30,8.373,3.51,0.00
1885-03,4.38,0.2925,0.30,8.183,3.50,0.00
1885-04,4.37,0.2867,0.30,8.278,3.48,0.00
1885-05,4.32,0.2808,0.29,8.087,3.47,0.00
1885-06,4.30,0.2750,0.29,7.897,3.46,0.00
1885-07,4.46,0.2692,0.29,7.992,3.45,0.00
1885-08,4.71,0.2633,0.28,7.992,3.43,0.00
1885-09,4.65,0.2575,0.28,7.897,3.42,0.00
1885-10,4.92,0.2517,0.28,7.897,3.41,0.00
1885-11,5.24,0.2458,0.27,7.992,3.40,0.00
1885-12,5.20,0.2400,0.27,8.183,3.38,0.00
1886-01,5.20,0.2383,0.28,7.992,3.37,0.00
1886-02,5.30,0.2367,0.28,7.992,3.38,0.00
1886-03,5.19,0.2350,0.29,7.897,3.40,0.00
1886-04,5.12,0.2333,0.29,7.802,3.41,0.00
1886-05,5.02,0.2317,0.30,7.612,3.42,0.00
1886-06,5.25,0.2300,0.30,7.517,3.43,0.00
1886-07,5.33,0.2283,0.31,7.612,3.45,0.00
1886-08,5.37,0.2267,0.31,7.707,3.46,0.00
1886-09,5.51,0.2250,0.32,7.707,3.47,0.00
1886-10,5.65,0.2233,0.32,7.707,3.48,0.00
1886-11,5.79,0.2217,0.33,7.707,3.50,0.00
1886-12,5.64,0.2200,0.33,7.802,3.51,0.00
1887-01,5.58,0.2225,0.33,7.992,3.52,0.00
1887-02,5.54,0.2250,0.34,8.087,3.53,0.00
1887-03,5.67,0.2275,0.34,8.087,3.55,0.00
1887-04,5.80,0.2300,0.34,8.087,3.56,0.00
1887-05,5.90,0.2325,0.34,8.087,3.57,0.00
1887-06,5.73,0.2350,0.35,7.992,3.58,0.00
1887-07,5.59,0.2375,0.35,7.897,3.60,0.00
1887-08,5.45,0.2400,0.35,7.992,3.61,0.00
1887-09,5.38,0.2425,0.35,7.897,3.62,0.00
1887-10,5.20,0.2450,0.36,7.992,3.63,0.00
1887-11,5.30,0.2475,0.36,8.087,3.65,0.00
1887-12,5.27,0.2500,0.36,8.278,3.66,0.00
1888-01,5.31,0.2483,0.35,8.373,3.67,0.00
1888-02,5.28,0.2467,0.34,8.278,3.65,0.00
1888-03,5.08,0.2450,0.34,8.278,3.63,0.00
1888-04,5.10,0.2433,0.33,8.183,3.62,0.00
1888-05,5.17,0.2417,0.32,8.087,3.60,0.00
1888-06,5.01,0.2400,0.31,7.992,3.58,0.00
1888-07,5.14,0.2383,0.30,8.087,3.56,0.00
1888-08,5.25,0.2367,0.29,8.087,3.54,0.00
1888-09,5.38,0.2350,0.29,8.087,3.52,0.00
1888-10,5.35,0.2333,0.28,8.183,3.51,0.00
1888-11,5.24,0.2317,0.27,8.278,3.49,0.00
1888-12,5.14,0.2300,0.26,8.278,3.47,0.00
1889-01,5.24,0.2292,0.26,7.992,3.45,0.00
1889-02,5.30,0.2283,0.27,7.897,3.45,0.00
1889-03,5.19,0.2275,0.27,7.802,3.45,0.00
1889-04,5.18,0.2267,0.27,7.802,3.44,0.00
1889-05,5.32,0.2258,0.28,7.612,3.44,0.00
1889-06,5.41,0.2250,0.28,7.612,3.44,0.00
1889-07,5.30,0.2242,0.28,7.612,3.44,0.00
1889-08,5.37,0.2233,0.29,7.612,3.43,0.00
1889-09,5.50,0.2225,0.29,7.707,3.43,0.00
1889-10,5.40,0.2217,0.29,7.707,3.43,0.00
1889-11,5.35,0.2208,0.30,7.707,3.43,0.00
1889-12,5.32,0.2200,0.30,7.802,3.42,0.00
1890-01,5.38,0.2200,0.30,7.612,3.42,0.00
1890-02,5.32,0.2200,0.30,7.612,3.44,0.00
1890-03,5.28,0.2200,0.30,7.612,3.45,0.00
1890-04,5.39,0.2200,0.30,7.612,3.47,0.00
1890-05,5.62,0.2200,0.30,7.707,3.49,0.00
1890-06,5.58,0.2200,0.30,7.707,3.50,0.00
1890-07,5.54,0.2200,0.29,7.707,3.52,0.00
1890-08,5.41,0.2200,0.29,7.992,3.54,0.00
1890-09,5.32,0.2200,0.29,8.087,3.55,0.00
1890-10,5.08,0.2200,0.29,8.087,3.57,0.00
1890-11,4.71,0.2200,0.29,7.897,3.59,0.00
1890-12,4.60,0.2200,0.29,7.897,3.60,0.00
1891-01,4.84,0.2200,0.29,7.802,3.62,0.00
1891-02,4.90,0.2200,0.30,7.897,3.62,0.00
1891-03,4.81,0.2200,0.30,7.992,3.62,0.00
1891-04,4.97,0.2200,0.31,8.087,3.62,0.00
1891-05,4.95,0.2200,0.31,7.992,3.61,0.00
1891-06,4.85,0.2200,0.32,7.802,3.61,0.00
1891-07,4.77,0.2200,0.32,7.707,3.61,0.00
1891-08,4.93,0.2200,0.32,7.707,3.61,0.00
1891-09,5.33,0.2200,0.33,7.612,3.61,0.00
1891-10,5.33,0.2200,0.33,7.612,3.61,0.00
1891-11,5.25,0.2200,0.34,7.517,3.60,0.00
1891-12,5.41,0.2200,0.34,7.517,3.60,0.00
1892-01,5.51,0.2217,0.34,7.326,3.60,0.00
1892-02,5.52,0.2233,0.35,7.326,3.61,0.00
1892-03,5.58,0.2250,0.35,7.136,3.63,0.00
1892-04,5.57,0.2267,0.35,7.041,3.64,0.00
1892-05,5.57,0.2283,0.35,7.041,3.65,0.00
1892-06,5.54,0.2300,0.36,7.041,3.66,0.00
1892-07,5.54,0.2317,0.36,7.231,3.68,0.00
1892-08,5.62,0.2333,0.36,7.326,3.69,0.00
1892-09,5.48,0.2350,0.36,7.326,3.70,0.00
1892-10,5.59,0.2367,0.37,7.326,3.71,0.00
1892-11,5.57,0.2383,0.37,7.517,3.73,0.00
1892-12,5.51,0.2400,0.37,7.612,3.74,0.00
1893-01,5.61,0.2408,0.36,7.897,3.75,0.00
1893-02,5.51,0.2417,0.35,7.992,3.75,0.00
1893-03,5.31,0.2425,0.34,7.802,3.74,0.00
1893-04,5.31,0.2433,0.33,7.707,3.74,0.00
1893-05,4.84,0.2442,0.32,7.612,3.73,0.00
1893-06,4.61,0.2450,0.32,7.421,3.73,0.00
1893-07,4.18,0.2458,0.31,7.231,3.73,0.00
1893-08,4.08,0.2467,0.30,6.946,3.72,0.00
1893-09,4.37,0.2475,0.29,7.231,3.72,0.00
1893-10,4.50,0.2483,0.28,7.326,3.71,0.00
1893-11,4.57,0.2492,0.27,7.136,3.71,0.00
1893-12,4.41,0.2500,0.26,7.041,3.70,0.00
1894-01,4.32,0.2467,0.25,6.850,3.70,0.00
1894-02,4.38,0.2433,0.24,6.755,3.68,0.00
1894-03,4.51,0.2400,0.24,6.565,3.66,0.00
1894-04,4.57,0.2367,0.23,6.565,3.64,0.00
1894-05,4.40,0.2333,0.22,6.565,3.62,0.00
1894-06,4.34,0.2300,0.21,6.565,3.60,0.00
1894-07,4.25,0.2267,0.20,6.565,3.58,0.00
1894-08,4.41,0.2233,0.19,6.755,3.56,0.00
1894-09,4.48,0.2200,0.19,6.850,3.54,0.00
1894-10,4.34,0.2167,0.18,6.660,3.52,0.00
1894-11,4.34,0.2133,0.17,6.660,3.50,0.00
1894-12,4.30,0.2100,0.16,6.565,3.48,0.00
1895-01,4.25,0.2083,0.17,6.565,3.46,0.00
1895-02,4.19,0.2067,0.18,6.565,3.47,0.00
1895-03,4.19,0.2050,0.18,6.565,3.48,0.00
1895-04,4.37,0.2033,0.19,6.850,3.50,0.00
1895-05,4.61,0.2017,0.20,6.946,3.51,0.00
1895-06,4.70,0.2000,0.21,7.041,3.52,0.00
1895-07,4.72,0.1983,0.21,6.946,3.53,0.00
1895-08,4.79,0.1967,0.22,6.850,3.54,0.00
1895-09,4.82,0.1950,0.23,6.850,3.55,0.00
1895-10,4.75,0.1933,0.24,6.850,3.57,0.00
1895-11,4.59,0.1917,0.24,6.850,3.58,0.00
1895-12,4.32,0.1900,0.25,6.755,3.59,0.00
1896-01,4.27,0.1892,0.25,6.660,3.60,0.00
1896-02,4.45,0.1883,0.24,6.565,3.58,0.00
1896-03,4.38,0.1875,0.24,6.565,3.57,0.00
1896-04,4.42,0.1867,0.24,6.470,3.55,0.00
1896-05,4.40,0.1858,0.23,6.375,3.53,0.00
1896-06,4.32,0.1850,0.23,6.280,3.52,0.00
1896-07,4.04,0.1842,0.23,6.280,3.50,0.00
1896-08,3.81,0.1833,0.22,6.280,3.48,0.00
1896-09,4.01,0.1825,0.22,6.280,3.47,0.00
1896-10,4.10,0.1817,0.22,6.470,3.45,0.00
1896-11,4.38,0.1808,0.21,6.660,3.43,0.00
1896-12,4.22,0.1800,0.21,6.660,3.42,0.00
1897-01,4.22,0.1800,0.22,6.470,3.40,0.00
1897-02,4.18,0.1800,0.23,6.470,3.40,0.00
1897-03,4.19,0.1800,0.24,6.470,3.39,0.00
1897-04,4.06,0.1800,0.24,6.375,3.39,0.00
1897-05,4.08,0.1800,0.25,6.280,3.38,0.00
1897-06,4.27,0.1800,0.26,6.280,3.38,0.00
1897-07,4.46,0.1800,0.27,6.280,3.38,0.00
1897-08,4.75,0.1800,0.28,6.565,3.37,0.00
1897-09,4.98,0.1800,0.29,6.755,3.37,0.00
1897-10,4.82,0.1800,0.29,6.660,3.36,0.00
1897-11,4.65,0.1800,0.30,6.660,3.36,0.00
1897-12,4.75,0.1800,0.31,6.660,3.35,0.00
1898-01,4.88,0.1817,0.31,6.660,3.35,0.00
1898-02,4.87,0.1833,0.32,6.755,3.33,0.00
1898-03,4.65,0.1850,0.32,6.755,3.31,0.00
1898-04,4.57,0.1867,0.32,6.755,3.29,0.00
1898-05,4.87,0.1883,0.33,7.231,3.27,0.00
1898-06,5.06,0.1900,0.33,6.755,3.25,0.00
1898-07,5.08,0.1917,0.33,6.660,3.23,0.00
1898-08,5.27,0.1933,0.34,6.660,3.20,0.00
1898-09,5.26,0.1950,0.34,6.660,3.18,0.00
1898-10,5.15,0.1967,0.34,6.660,3.16,0.00
1898-11,5.32,0.1983,0.35,6.660,3.14,0.00
1898-12,5.65,0.2000,0.35,6.755,3.12,0.00
1899-01,6.08,0.2008,0.36,6.755,3.10,0.00
1899-02,6.31,0.2017,0.37,6.946,3.10,0.00
1899-03,6.40,0.2025,0.38,6.946,3.11,0.00
1899-04,6.48,0.2033,0.39,7.041,3.11,0.00
1899-05,6.21,0.2042,0.40,7.041,3.12,0.00
1899-06,6.07,0.2050,0.42,7.136,3.12,0.00
1899-07,6.28,0.2058,0.43,7.231,3.13,0.00
1899-08,6.44,0.2067,0.44,7.326,3.13,0.00
1899-09,6.37,0.2075,0.45,7.612,3.13,0.00
1899-10,6.34,0.2083,0.46,7.707,3.14,0.00
1899-11,6.46,0.2092,0.47,7.802,3.14,0.00
1899-12,6.02,0.2100,0.48,7.897,3.15,0.00
1900-01,6.10,0.2175,0.48,7.897,3.15,0.00
1900-02,6.21,0.2250,0.48,7.992,3.15,0.00
1900-03,6.26,0.2325,0.48,7.992,3.14,0.00
1900-04,6.34,0.2400,0.48,7.992,3.14,0.00
1900-05,6.04,0.2475,0.48,7.802,3.13,0.00
1900-06,5.86,0.2550,0.48,7.707,3.13,0.00
1900-07,5.86,0.2625,0.48,7.802,3.13,0.00
1900-08,5.94,0.2700,0.48,7.707,3.12,0.00
1900-09,5.80,0.2775,0.48,7.802,3.12,0.00
1900-10,5.80,0.2850,0.48,7.707,3.11,0.00
1900-11,6.01,0.2925,0.48,7.707,3.11,0.00
1900-12,6.48,0.3000,0.48,7.612,3.10,0.00
1901-01,7.07,0.3017,0.48,7.707,3.10,0.00
1901-02,7.25,0.3033,0.48,7.612,3.11,0.00
1901-03,7.51,0.3050,0.49,7.612,3.11,0.00
1901-04,8.14,0.3067,0.49,7.517,3.12,0.00
1901-05,7.73,0.3083,0.49,7.517,3.13,0.00
1901-06,8.50,0.3100,0.49,7.517,3.13,0.00
1901-07,7.93,0.3117,0.49,7.612,3.14,0.00
1901-08,8.00,0.3133,0.49,7.707,3.15,0.00
1901-09,8.00,0.3150,0.50,7.802,3.15,0.00
1901-10,7.91,0.3167,0.50,7.802,3.16,0.00
1901-11,8.08,0.3183,0.50,7.897,3.17,0.00
1901-12,7.95,0.3200,0.50,7.992,3.17,0.00
1902-01,8.12,0.3208,0.51,7.897,3.18,0.00
1902-02,8.19,0.3217,0.52,7.897,3.19,0.00
1902-03,8.20,0.3225,0.53,7.897,3.20,0.00
1902-04,8.48,0.3233,0.54,7.992,3.21,0.00
1902-05,8.46,0.3242,0.55,8.087,3.22,0.00
1902-06,8.41,0.3250,0.57,8.183,3.23,0.00
1902-07,8.60,0.3258,0.58,8.183,3.24,0.00
1902-08,8.85,0.3267,0.59,8.087,3.25,0.00
1902-09,8.85,0.3275,0.60,8.183,3.26,0.00
1902-10,8.57,0.3283,0.61,8.753,3.27,0.00
1902-11,8.24,0.3292,0.62,8.468,3.28,0.00
1902-12,8.05,0.3300,0.63,8.563,3.29,0.00
1903-01,8.46,0.3317,0.62,8.658,3.30,0.00
1903-02,8.41,0.3333,0.61,8.658,3.31,0.00
1903-03,8.08,0.3350,0.61,8.373,3.32,0.00
1903-04,7.75,0.3367,0.60,8.373,3.33,0.00
1903-05,7.60,0.3383,0.59,8.183,3.33,0.00
1903-06,7.18,0.3400,0.58,8.183,3.34,0.00
1903-07,6.95,0.3417,0.57,8.183,3.35,0.00
1903-08,6.63,0.3433,0.56,8.183,3.36,0.00
1903-09,6.47,0.3450,0.56,8.278,3.37,0.00
1903-10,6.26,0.3467,0.55,8.183,3.38,0.00
1903-11,6.28,0.3483,0.54,8.087,3.38,0.00
1903-12,6.57,0.3500,0.53,8.087,3.39,0.00
1904-01,6.68,0.3467,0.53,8.278,3.40,0.00
1904-02,6.50,0.3433,0.52,8.468,3.41,0.00
1904-03,6.48,0.3400,0.52,8.373,3.41,0.00
1904-04,6.64,0.3367,0.52,8.278,3.42,0.00
1904-05,6.50,0.3333,0.51,8.087,3.43,0.00
1904-06,6.51,0.3300,0.51,8.087,3.43,0.00
1904-07,6.78,0.3267,0.51,8.087,3.44,0.00
1904-08,7.32,0.3233,0.50,8.183,3.45,0.00
1904-09,7.32,0.3200,0.50,8.278,3.45,0.00
1904-10,7.75,0.3167,0.50,8.278,3.46,0.00
1904-11,8.17,0.3133,0.49,8.468,3.47,0.00
1904-12,8.25,0.3100,0.49,8.468,3.47,0.00
1905-01,8.43,0.3117,0.51,8.468,3.48,0.00
1905-02,8.80,0.3133,0.52,8.468,3.48,0.00
1905-03,9.05,0.3150,0.54,8.373,3.47,0.00
1905-04,8.94,0.3167,0.55,8.373,3.47,0.00
1905-05,8.50,0.3183,0.57,8.278,3.46,0.00
1905-06,8.60,0.3200,0.58,8.278,3.46,0.00
1905-07,8.87,0.3217,0.60,8.278,3.46,0.00
1905-08,9.20,0.3233,0.61,8.373,3.45,0.00
1905-09,9.23,0.3250,0.63,8.278,3.45,0.00
1905-10,9.36,0.3267,0.64,8.278,3.44,0.00
1905-11,9.31,0.3283,0.66,8.373,3.44,0.00
1905-12,9.54,0.3300,0.67,8.468,3.43,0.00
1906-01,9.87,0.3358,0.68,8.468,3.43,0.00
1906-02,9.80,0.3417,0.69,8.468,3.45,0.00
1906-03,9.56,0.3475,0.69,8.468,3.47,0.00
1906-04,9.43,0.3533,0.70,8.468,3.49,0.00
1906-05,9.18,0.3592,0.71,8.563,3.51,0.00
1906-06,9.30,0.3650,0.72,8.563,3.53,0.00
1906-07,9.06,0.3708,0.72,8.278,3.55,0.00
1906-08,9.73,0.3767,0.73,8.468,3.57,0.00
1906-09,10.03,0.3825,0.74,8.563,3.59,0.00
1906-10,9.97,0.3883,0.75,8.753,3.61,0.00
1906-11,9.93,0.3942,0.75,8.849,3.63,0.00
1906-12,9.84,0.4000,0.76,8.944,3.65,0.00
1907-01,9.56,0.4033,0.75,8.849,3.67,0.00
1907-02,9.26,0.4067,0.74,9.039,3.69,0.00
1907-03,8.35,0.4100,0.74,8.944,3.70,0.00
1907-04,8.39,0.4133,0.73,8.944,3.72,0.00
1907-05,8.10,0.4167,0.72,9.134,3.74,0.00
1907-06,7.84,0.4200,0.71,9.229,3.75,0.00
1907-07,8.14,0.4233,0.70,9.229,3.77,0.00
1907-08,7.53,0.4267,0.69,9.229,3.79,0.00
1907-09,7.45,0.4300,0.69,9.229,3.80,0.00
1907-10,6.64,0.4333,0.68,9.324,3.82,0.00
1907-11,6.25,0.4367,0.67,8.944,3.84,0.00
1907-12,6.57,0.4400,0.66,8.753,3.85,0.00
1908-01,6.85,0.4367,0.65,8.658,3.87,0.00
1908-02,6.60,0.4333,0.65,8.563,3.86,0.00
1908-03,6.87,0.4300,0.64,8.563,3.85,0.00
1908-04,7.24,0.4267,0.63,8.658,3.84,0.00
1908-05,7.63,0.4233,0.63,8.658,3.83,0.00
1908-06,7.64,0.4200,0.62,8.658,3.82,0.00
1908-07,7.92,0.4167,0.61,8.753,3.82,0.00
1908-08,8.26,0.4133,0.61,8.753,3.81,0.00
1908-09,8.17,0.4100,0.60,8.753,3.80,0.00
1908-10,8.27,0.4067,0.59,8.849,3.79,0.00
1908-11,8.83,0.4033,0.59,8.944,3.78,0.00
1908-12,9.03,0.4000,0.58,9.039,3.77,0.00
1909-01,9.06,0.4033,0.60,8.944,3.76,0.01
1909-02,8.80,0.4067,0.61,9.039,3.77,0.01
1909-03,8.92,0.4100,0.63,9.039,3.79,0.01
1909-04,9.32,0.4133,0.64,9.229,3.80,0.01
1909-05,9.63,0.4167,0.66,9.324,3.81,0.01
1909-06,9.80,0.4200,0.67,9.419,3.82,0.01
1909-07,9.94,0.4233,0.69,9.419,3.84,0.01
1909-08,10.18,0.4267,0.70,9.515,3.85,0.01
1909-09,10.19,0.4300,0.72,9.610,3.86,0.01
1909-10,10.23,0.4333,0.73,9.800,3.87,0.01
1909-11,10.18,0.4367,0.75,9.895,3.89,0.01
1909-12,10.30,0.4400,0.76,9.990,3.90,0.01
1910-01,10.08,0.4425,0.76,9.895,3.91,0.01
1910-02,9.72,0.4450,0.76,9.895,3.92,0.01
1910-03,9.96,0.4475,0.75,10.085,3.92,0.01
1910-04,9.72,0.4500,0.75,10.181,3.93,0.01
1910-05,9.56,0.4525,0.75,9.990,3.93,0.01
1910-06,9.10,0.4550,0.75,9.895,3.94,0.01
1910-07,8.64,0.4575,0.74,9.895,3.95,0.01
1910-08,8.85,0.4600,0.74,9.800,3.95,0.01
1910-09,8.91,0.4625,0.74,9.705,3.96,0.01
1910-10,9.32,0.4650,0.74,9.419,3.96,0.01
1910-11,9.31,0.4675,0.73,9.229,3.97,0.01
1910-12,9.05,0.4700,0.73,9.229,3.97,0.01
1911-01,9.27,0.4700,0.72,9.229,3.98,0.01
1911-02,9.43,0.4700,0.71,8.944,3.98,0.01
1911-03,9.32,0.4700,0.70,9.039,3.99,0.01
1911-04,9.28,0.4700,0.68,8.753,3.99,0.01
1911-05,9.48,0.4700,0.67,8.753,3.99,0.01
1911-06,9.67,0.4700,0.66,8.753,3.99,0.01
1911-07,9.63,0.4700,0.65,8.849,4.00,0.01
1911-08,9.17,0.4700,0.64,9.134,4.00,0.01
1911-09,8.67,0.4700,0.63,9.229,4.00,0.01
1911-10,8.72,0.4700,0.61,9.229,4.00,0.01
1911-11,9.07,0.4700,0.60,9.134,4.01,0.01
1911-12,9.11,0.4700,0.59,9.039,4.01,0.01
1912-01,9.12,0.4708,0.60,9.134,4.01,0.01
1912-02,9.04,0.4717,0.61,9.229,4.05,0.01
1912-03,9.30,0.4725,0.62,9.419,4.08,0.01
1912-04,9.59,0.4733,0.63,9.705,4.12,0.01
1912-05,9.56,0.4742,0.64,9.705,4.16,0.01
1912-06,9.58,0.4750,0.65,9.610,4.19,0.01
1912-07,9.59,0.4758,0.65,9.610,4.23,0.01
1912-08,9.81,0.4767,0.66,9.705,4.27,0.01
1912-09,9.86,0.4775,0.67,9.800,4.30,0.01
1912-10,9.84,0.4783,0.68,9.800,4.34,0.01
1912-11,9.73,0.4792,0.69,9.800,4.38,0.01
1912-12,9.38,0.4800,0.70,9.705,4.41,0.01
1913-01,9.30,0.4800,0.69,9.800,4.45,0.01
1913-02,8.97,0.4800,0.69,9.800,4.43,0.01
1913-03,8.80,0.4800,0.68,9.800,4.40,0.01
1913-04,8.79,0.4800,0.68,9.800,4.38,0.01
1913-05,8.55,0.4800,0.67,9.700,4.35,0.01
1913-06,8.12,0.4800,0.67,9.800,4.33,0.01
1913-07,8.23,0.4800,0.66,9.900,4.31,0.01
1913-08,8.45,0.4800,0.65,9.900,4.28,0.01
1913-09,8.53,0.4800,0.65,10.000,4.26,0.01
1913-10,8.26,0.4800,0.64,10.000,4.23,0.01
1913-11,8.05,0.4800,0.64,10.100,4.21,0.01
1913-12,8.04,0.4800,0.63,10.000,4.18,0.01
1914-01,8.37,0.4750,0.62,10.000,4.16,0.01
1914-02,8.48,0.4700,0.61,9.900,4.17,0.01
1914-03,8.32,0.4650,0.60,9.900,4.17,0.01
1914-04,8.12,0.4600,0.59,9.800,4.18,0.01
1914-05,8.17,0.4550,0.58,9.900,4.19,0.01
1914-06,8.13,0.4500,0.58,9.900,4.19,0.01
1914-07,7.68,0.4450,0.57,10.000,4.20,0.01
1914-08,7.01,0.4400,0.56,10.200,4.21,0.01
1914-09,7.01,0.4350,0.55,10.200,4.21,0.01
1914-10,6.63,0.4300,0.54,10.100,4.22,0.01
1914-11,6.88,0.4250,0.53,10.200,4.23,0.01
1914-12,7.35,0.4200,0.52,10.100,4.23,0.01
1915-01,7.48,0.4208,0.55,10.100,4.24,0.01
1915-02,7.38,0.4217,0.58,10.000,4.22,0.01
1915-03,7.57,0.4225,0.61,9.900,4.21,0.01
1915-04,8.14,0.4233,0.64,10.000,4.19,0.01
1915-05,7.95,0.4242,0.67,10.100,4.18,0.01
1915-06,8.04,0.4250,0.70,10.100,4.16,0.01
1915-07,8.01,0.4258,0.73,10.100,4.15,0.01
1915-08,8.35,0.4267,0.76,10.100,4.13,0.01
1915-09,8.66,0.4275,0.79,10.100,4.11,0.01
1915-10,9.14,0.4283,0.82,10.200,4.10,0.01
1915-11,9.46,0.4292,0.85,10.300,4.08,0.01
1915-12,9.48,0.4300,0.88,10.300,4.07,0.01
1916-01,9.33,0.4408,0.93,10.400,4.05,0.02
1916-02,9.20,0.4517,0.99,10.400,4.07,0.02
1916-03,9.17,0.4625,1.04,10.500,4.08,0.02
1916-04,9.07,0.4733,1.10,10.600,4.10,0.02
1916-05,9.27,0.4842,1.15,10.700,4.11,0.02
1916-06,9.36,0.4950,1.21,10.800,4.13,0.02
1916-07,9.23,0.5058,1.26,10.800,4.14,0.02
1916-08,9.30,0.5167,1.31,10.900,4.16,0.02
1916-09,9.68,0.5275,1.37,11.100,4.17,0.02
1916-10,9.98,0.5383,1.42,11.300,4.19,0.02
1916-11,10.21,0.5492,1.48,11.500,4.20,0.02
1916-12,9.80,0.5600,1.53,11.600,4.22,0.02
1917-01,9.56,0.5708,1.51,11.700,4.23,0.06
1917-02,9.03,0.5817,1.49,12.000,4.26,0.06
1917-03,9.31,0.5925,1.47,12.000,4.29,0.06
1917-04,9.17,0.6033,1.45,12.600,4.32,0.06
1917-05,8.86,0.6142,1.43,12.800,4.34,0.06
1917-06,9.04,0.6250,1.41,13.000,4.37,0.06
1917-07,8.79,0.6358,1.38,12.800,4.40,0.06
1917-08,8.53,0.6467,1.36,13.000,4.43,0.06
1917-09,8.12,0.6575,1.34,13.300,4.46,0.06
1917-10,7.68,0.6683,1.32,13.500,4.49,0.06
1917-11,7.04,0.6792,1.30,13.500,4.51,0.06
1917-12,6.80,0.6900,1.28,13.700,4.54,0.06
1918-01,7.40,0.6800,1.26,14.000,4.57,0.12
1918-02,7.38,0.6700,1.23,14.100,4.56,0.12
1918-03,7.21,0.6600,1.21,14.000,4.56,0.12
1918-04,7.24,0.6500,1.18,14.200,4.55,0.12
1918-05,7.40,0.6400,1.16,14.500,4.55,0.12
1918-06,7.52,0.6300,1.14,14.700,4.54,0.12
1918-07,7.49,0.6200,1.11,15.100,4.54,0.12
1918-08,7.67,0.6100,1.09,15.400,4.53,0.12
1918-09,7.65,0.6000,1.06,15.700,4.52,0.12
1918-10,8.15,0.5900,1.04,16.000,4.52,0.12
1918-11,7.93,0.5800,1.01,16.300,4.51,0.12
1918-12,7.92,0.5700,0.99,16.500,4.51,0.12
1919-01,7.80,0.5667,0.99,16.500,4.50,0.10
1919-02,7.98,0.5633,0.98,16.200,4.54,0.10
1919-03,8.24,0.5600,0.98,16.400,4.58,0.10
1919-04,8.52,0.5567,0.97,16.700,4.62,0.10
1919-05,9.21,0.5533,0.97,16.900,4.66,0.10
1919-06,9.34,0.5500,0.96,16.900,4.70,0.10
1919-07,9.12,0.5467,0.96,17.400,4.74,0.10
1919-08,9.09,0.5433,0.95,17.700,4.77,0.10
1919-09,9.26,0.5400,0.95,17.800,4.81,0.10
1919-10,9.68,0.5367,0.94,18.100,4.85,0.10
1919-11,8.86,0.5333,0.94,18.500,4.89,0.10
1919-12,9.02,0.5300,0.93,18.900,4.93,0.10
1920-01,8.29,0.5283,0.92,19.300,4.97,0.10
1920-02,8.13,0.5267,0.91,19.500,4.98,0.10
1920-03,8.92,0.5250,0.90,19.700,4.99,0.10
1920-04,8.31,0.5233,0.89,20.300,5.00,0.10
1920-05,7.98,0.5217,0.88,20.600,5.01,0.10
1920-06,7.87,0.5200,0.87,20.900,5.02,0.10
1920-07,7.65,0.5183,0.85,20.800,5.03,0.10
1920-08,7.79,0.5167,0.84,20.300,5.04,0.10
1920-09,7.92,0.5150,0.83,20.000,5.05,0.10
1920-10,7.93,0.5133,0.82,19.900,5.06,0.10
1920-11,7.17,0.5117,0.81,19.800,5.07,0.10
1920-12,6.97,0.5100,0.80,19.400,5.08,0.10
1921-01,7.02,0.5058,0.76,19.000,5.09,0.10
1921-02,6.94,0.5017,0.72,18.400,5.02,0.10
1921-03,6.87,0.4975,0.67,18.300,4.96,0.10
1921-04,7.20,0.4933,0.63,18.100,4.89,0.10
1921-05,6.93,0.4892,0.59,17.700,4.83,0.10
1921-06,6.57,0.4850,0.55,17.600,4.76,0.10
1921-07,6.65,0.4808,0.50,17.700,4.70,0.10
1921-08,6.44,0.4767,0.46,17.700,4.63,0.10
1921-09,6.67,0.4725,0.42,17.500,4.56,0.10
1921-10,6.85,0.4683,0.38,17.500,4.50,0.10
1921-11,7.20,0.4642,0.33,17.400,4.43,0.10
1921-12,7.20,0.4600,0.29,17.300,4.37,0.10
1922-01,7.27,0.4642,0.32,16.900,4.30,0.13
1922-02,7.62,0.4683,0.36,16.900,4.31,0.13
1922-03,8.06,0.4725,0.39,16.700,4.31,0.13
1922-04,8.48,0.4767,0.42,16.700,4.32,0.13
1922-05,8.72,0.4808,0.46,16.700,4.32,0.13
1922-06,8.42,0.4850,0.49,16.700,4.33,0.13
1922-07,8.61,0.4892,0.52,16.800,4.33,0.13
1922-08,9.05,0.4933,0.56,16.600,4.34,0.13
1922-09,9.22,0.4975,0.59,16.600,4.34,0.13
1922-10,8.86,0.5017,0.62,16.700,4.35,0.13
1922-11,8.73,0.5058,0.66,16.800,4.35,0.13
1922-12,9.02,0.5100,0.69,16.900,4.36,0.13
1923-01,8.86,0.5117,0.71,16.800,4.36,0.13
1923-02,9.44,0.5133,0.74,16.800,4.34,0.13
1923-03,9.17,0.5150,0.76,16.800,4.31,0.13
1923-04,8.79,0.5167,0.79,16.900,4.29,0.13
1923-05,8.64,0.5183,0.81,16.900,4.26,0.13
1923-06,7.91,0.5200,0.84,17.000,4.24,0.13
1923-07,7.94,0.5217,0.86,17.200,4.21,0.13
1923-08,8.28,0.5233,0.88,17.100,4.19,0.13
1923-09,8.18,0.5250,0.91,17.200,4.16,0.13
1923-10,8.02,0.5267,0.93,17.300,4.14,0.13
1923-11,8.41,0.5283,0.96,17.300,4.11,0.13
1923-12,8.72,0.5300,0.98,17.300,4.09,0.13
1924-01,9.05,0.5317,0.98,17.300,4.06,0.13
1924-02,8.73,0.5333,0.97,17.200,4.04,0.13
1924-03,8.55,0.5350,0.97,17.100,4.03,0.13
1924-04,8.54,0.5367,0.96,17.000,4.01,0.13
1924-05,8.46,0.5383,0.96,17.000,3.99,0.13
1924-06,8.84,0.5400,0.96,17.000,3.98,0.13
1924-07,9.31,0.5417,0.95,17.100,3.96,0.13
1924-08,9.35,0.5433,0.95,17.000,3.94,0.13
1924-09,9.28,0.5450,0.94,17.100,3.93,0.13
1924-10,9.32,0.5467,0.94,17.200,3.91,0.13
1924-11,9.95,0.5483,0.93,17.200,3.89,0.13
1924-12,10.44,0.5500,0.93,17.300,3.88,0.13
1925-01,10.75,0.5542,0.96,17.300,3.86,0.13
1925-02,10.79,0.5583,0.98,17.200,3.85,0.13
1925-03,10.29,0.5625,1.01,17.300,3.83,0.13
1925-04,10.46,0.5667,1.04,17.200,3.82,0.13
1925-05,10.79,0.5708,1.06,17.300,3.80,0.13
1925-06,10.97,0.5750,1.09,17.500,3.79,0.13
1925-07,11.14,0.5792,1.12,17.700,3.77,0.13
1925-08,11.26,0.5833,1.14,17.700,3.76,0.13
1925-09,11.69,0.5875,1.17,17.700,3.74,0.13
1925-10,12.40,0.5917,1.20,17.700,3.73,0.13
1925-11,12.18,0.5958,1.22,18.000,3.71,0.13
1925-12,12.76,0.6000,1.25,17.900,3.70,0.13
1926-01,12.87,0.6075,1.25,17.900,3.68,0.14
1926-02,11.99,0.6150,1.25,17.900,3.65,0.14
1926-03,11.37,0.6225,1.25,17.800,3.62,0.14
1926-04,11.72,0.6300,1.25,17.900,3.60,0.14
1926-05,11.86,0.6375,1.25,17.800,3.57,0.14
1926-06,12.54,0.6450,1.25,17.700,3.54,0.14
1926-07,12.55,0.6525,1.24,17.500,3.51,0.14
1926-08,13.37,0.6600,1.24,17.400,3.48,0.14
1926-09,13.52,0.6675,1.24,17.500,3.45,0.14
1926-10,13.13,0.6750,1.24,17.600,3.43,0.14
1926-11,13.35,0.6825,1.24,17.700,3.40,0.14
1926-12,13.49,0.6900,1.24,17.700,3.37,0.14
1927-01,13.55,0.6967,1.23,17.500,3.34,0.14
1927-02,13.78,0.7033,1.22,17.400,3.34,0.14
1927-03,13.98,0.7100,1.21,17.300,3.34,0.14
1927-04,14.17,0.7167,1.20,17.300,3.34,0.14
1927-05,14.90,0.7233,1.19,17.400,3.34,0.14
1927-06,14.70,0.7300,1.18,17.600,3.34,0.14
1927-07,15.97,0.7367,1.16,17.300,3.34,0.14
1927-08,16.60,0.7433,1.15,17.200,3.33,0.14
1927-09,17.14,0.7500,1.14,17.300,3.33,0.14
1927-10,16.67,0.7567,1.13,17.400,3.33,0.14
1927-11,17.33,0.7633,1.12,17.300,3.33,0.14
1927-12,17.66,0.7700,1.11,17.300,3.33,0.14
1928-01,17.57,0.7767,1.13,17.300,3.33,0.12
1928-02,17.26,0.7833,1.16,17.100,3.35,0.12
1928-03,19.13,0.7900,1.18,17.100,3.38,0.12
1928-04,19.75,0.7967,1.20,17.100,3.40,0.12
1928-05,20.00,0.8033,1.22,17.200,3.42,0.12
1928-06,19.19,0.8100,1.25,17.100,3.44,0.12
1928-07,19.43,0.8167,1.27,17.100,3.47,0.12
1928-08,20.87,0.8233,1.29,17.100,3.49,0.12
1928-09,21.36,0.8300,1.31,17.300,3.51,0.12
1928-10,21.68,0.8367,1.34,17.200,3.53,0.12
1928-11,24.28,0.8433,1.36,17.200,3.56,0.12
1928-12,24.35,0.8500,1.38,17.100,3.58,0.12
1929-01,25.74,0.8600,1.40,17.100,3.60,0.11
1929-02,25.59,0.8700,1.42,17.100,3.57,0.11
1929-03,24.88,0.8800,1.44,17.000,3.55,0.11
1929-04,25.94,0.8900,1.46,16.900,3.52,0.11
1929-05,24.83,0.9000,1.48,17.000,3.50,0.11
1929-06,27.77,0.9100,1.50,17.100,3.47,0.11
1929-07,28.88,0.9200,1.51,17.300,3.45,0.11
1929-08,31.82,0.9300,1.53,17.300,3.42,0.11
1929-09,30.16,0.9400,1.55,17.300,3.39,0.11
1929-10,24.15,0.9500,1.57,17.300,3.37,0.11
1929-11,20.95,0.9600,1.59,17.300,3.34,0.11
1929-12,21.45,0.9700,1.61,17.200,3.32,0.11
1930-01,22.80,0.9708,1.56,17.100,3.29,0.12
1930-02,23.29,0.9717,1.50,17.000,3.29,0.12
1930-03,25.14,0.9725,1.45,16.900,3.30,0.12
1930-04,24.90,0.9733,1.40,17.000,3.30,0.12
1930-05,24.41,0.9742,1.34,16.900,3.31,0.12
1930-06,20.47,0.9750,1.29,16.800,3.31,0.12
1930-07,21.21,0.9758,1.24,16.600,3.32,0.12
1930-08,21.39,0.9767,1.18,16.500,3.32,0.12
1930-09,18.59,0.9775,1.13,16.600,3.32,0.12
1930-10,16.94,0.9783,1.08,16.500,3.33,0.12
1930-11,16.80,0.9792,1.02,16.400,3.33,0.12
1930-12,15.34,0.9800,0.97,16.100,3.34,0.12
1931-01,16.10,0.9667,0.94,15.900,3.34,0.12
1931-02,17.93,0.9533,0.91,15.700,3.37,0.12
1931-03,16.69,0.9400,0.88,15.600,3.40,0.12
1931-04,15.09,0.9267,0.85,15.500,3.43,0.12
1931-05,12.41,0.9133,0.82,15.300,3.45,0.12
1931-06,14.84,0.9000,0.79,15.100,3.48,0.12
1931-07,13.73,0.8867,0.76,15.100,3.51,0.12
1931-08,13.87,0.8733,0.73,15.100,3.54,0.12
1931-09,9.71,0.8600,0.70,15.000,3.57,0.12
1931-10,10.53,0.8467,0.67,14.900,3.60,0.12
1931-11,9.50,0.8333,0.64,14.700,3.62,0.12
1931-12,8.12,0.8200,0.61,14.600,3.65,0.12
1932-01,8.22,0.7933,0.59,14.300,3.68,0.14
1932-02,8.30,0.7667,0.58,14.100,3.65,0.14
1932-03,7.32,0.7400,0.56,14.000,3.62,0.14
1932-04,5.83,0.7133,0.54,13.900,3.59,0.14
1932-05,4.47,0.6867,0.53,13.700,3.56,0.14
1932-06,4.43,0.6600,0.51,13.600,3.53,0.14
1932-07,6.11,0.6333,0.49,13.600,3.50,0.14
1932-08,8.39,0.6067,0.48,13.500,3.46,0.14
1932-09,8.09,0.5800,0.46,13.400,3.43,0.14
1932-10,6.95,0.5533,0.44,13.300,3.40,0.14
1932-11,6.55,0.5267,0.43,13.200,3.37,0.14
1932-12,6.89,0.5000,0.41,13.100,3.34,0.14
1933-01,6.94,0.4950,0.41,12.900,3.31,0.14
1933-02,5.66,0.4900,0.42,12.700,3.29,0.14
1933-03,5.84,0.4850,0.42,12.600,3.28,0.14
1933-04,8.44,0.4800,0.42,12.600,3.26,0.14
1933-05,9.65,0.4750,0.42,12.600,3.25,0.14
1933-06,10.92,0.4700,0.43,12.700,3.23,0.14
1933-07,9.95,0.4650,0.43,13.100,3.22,0.14
1933-08,11.10,0.4600,0.43,13.200,3.20,0.14
1933-09,9.84,0.4550,0.43,13.200,3.18,0.14
1933-10,8.96,0.4500,0.44,13.200,3.17,0.14
1933-11,9.91,0.4450,0.44,13.200,3.15,0.14
1933-12,10.11,0.4400,0.44,13.200,3.14,0.14
1934-01,11.17,0.4408,0.44,13.200,3.12,0.14
1934-02,10.76,0.4417,0.45,13.300,3.09,0.14
1934-03,10.76,0.4425,0.45,13.300,3.07,0.14
1934-04,10.47,0.4433,0.46,13.300,3.04,0.14
1934-05,9.61,0.4442,0.46,13.300,3.01,0.14
1934-06,9.81,0.4450,0.47,13.400,2.98,0.14
1934-07,8.68,0.4458,0.47,13.400,2.96,0.14
1934-08,9.14,0.4467,0.47,13.400,2.93,0.14
1934-09,8.83,0.4475,0.48,13.600,2.90,0.14
1934-10,8.80,0.4483,0.48,13.500,2.87,0.14
1934-11,9.55,0.4492,0.49,13.500,2.85,0.14
1934-12,9.50,0.4500,0.49,13.400,2.82,0.14
1935-01,9.11,0.4500,0.57,13.600,2.79,0.14
1935-02,8.74,0.4500,0.65,13.700,2.78,0.14
1935-03,8.54,0.4500,0.73,13.700,2.77,0.14
1935-04,9.28,0.4467,0.76,13.800,2.76,0.14
1935-05,9.58,0.4433,0.78,13.800,2.74,0.14
1935-06,10.28,0.4400,0.81,13.700,2.73,0.14
1935-07,11.08,0.4400,0.79,13.700,2.72,0.14
1935-08,11.32,0.4400,0.78,13.700,2.71,0.14
1935-09,11.59,0.4400,0.76,13.700,2.70,0.14
1935-10,12.47,0.4500,0.76,13.700,2.69,0.14
1935-11,12.95,0.4600,0.76,13.800,2.67,0.14
1935-12,13.44,0.4700,0.76,13.800,2.66,0.14
1936-01,14.32,0.4800,0.77,13.800,2.65,0.15
1936-02,14.56,0.4900,0.78,13.800,2.65,0.15
1936-03,14.92,0.5000,0.79,13.700,2.66,0.15
1936-04,13.77,0.5167,0.82,13.700,2.66,0.15
1936-05,14.38,0.5333,0.85,13.700,2.66,0.15
1936-06,14.84,0.5500,0.88,13.800,2.66,0.15
1936-07,15.86,0.5700,0.90,13.900,2.67,0.15
1936-08,15.98,0.5900,0.92,14.000,2.67,0.15
1936-09,16.01,0.6100,0.94,14.000,2.67,0.15
1936-10,17.22,0.6467,0.97,14.000,2.67,0.15
1936-11,17.28,0.6833,0.99,14.000,2.68,0.15
1936-12,17.18,0.7200,1.02,14.000,2.68,0.15
1937-01,17.88,0.7300,1.05,14.100,2.68,0.15
1937-02,18.09,0.7400,1.08,14.100,2.67,0.15
1937-03,17.92,0.7500,1.11,14.200,2.66,0.15
1937-04,16.44,0.7800,1.13,14.300,2.65,0.15
1937-05,15.97,0.8100,1.15,14.400,2.64,0.15
1937-06,15.40,0.8400,1.17,14.400,2.63,0.15
1937-07,16.98,0.8167,1.19,14.500,2.62,0.15
1937-08,16.05,0.7933,1.20,14.500,2.61,0.15
1937-09,13.77,0.7700,1.22,14.600,2.60,0.15
1937-10,12.08,0.7800,1.19,14.600,2.59,0.15
1937-11,11.11,0.7900,1.16,14.500,2.58,0.15
1937-12,10.54,0.8000,1.13,14.400,2.57,0.15
1938-01,10.69,0.7933,1.08,14.200,2.56,0.19
1938-02,11.35,0.7867,1.02,14.100,2.54,0.19
1938-03,8.50,0.7800,0.97,14.100,2.53,0.19
1938-04,9.70,0.7667,0.90,14.200,2.51,0.19
1938-05,9.27,0.7533,0.84,14.100,2.49,0.19
1938-06,11.56,0.7400,0.77,14.100,2.48,0.19
1938-07,12.25,0.7133,0.72,14.100,2.46,0.19
1938-08,12.05,0.6867,0.67,14.100,2.44,0.19
1938-09,12.24,0.6600,0.62,14.100,2.43,0.19
1938-10,13.16,0.6100,0.63,14.000,2.41,0.19
1938-11,12.73,0.5600,0.63,14.000,2.39,0.19
1938-12,13.21,0.5100,0.64,14.000,2.38,0.19
1939-01,12.31,0.5133,0.66,14.000,2.36,0.19
1939-02,12.71,0.5167,0.69,13.900,2.35,0.19
1939-03,10.98,0.5200,0.71,13.900,2.34,0.19
1939-04,10.87,0.5233,0.73,13.800,2.32,0.19
1939-05,11.60,0.5267,0.74,13.800,2.31,0.19
1939-06,10.86,0.5300,0.76,13.800,2.30,0.19
1939-07,12.04,0.5400,0.78,13.800,2.29,0.19
1939-08,11.18,0.5500,0.79,13.800,2.27,0.19
1939-09,13.02,0.5600,0.81,14.100,2.26,0.19
1939-10,12.83,0.5800,0.84,14.000,2.25,0.19
1939-11,12.20,0.6000,0.87,14.000,2.24,0.19
1939-12,12.63,0.6200,0.90,14.000,2.22,0.19
1940-01,12.05,0.6233,0.93,13.900,2.21,0.24
1940-02,12.13,0.6267,0.96,14.000,2.19,0.24
1940-03,12.22,0.6300,0.99,14.000,2.17,0.24
1940-04,12.19,0.6367,1.01,14.000,2.15,0.24
1940-05,9.27,0.6433,1.02,14.000,2.12,0.24
1940-06,9.88,0.6500,1.04,14.100,2.10,0.24
1940-07,10.29,0.6567,1.05,14.000,2.08,0.24
1940-08,10.55,0.6633,1.07,14.000,2.06,0.24
1940-09,10.67,0.6700,1.08,14.000,2.04,0.24
1940-10,11.08,0.6700,1.07,14.000,2.02,0.24
1940-11,10.62,0.6700,1.06,14.000,1.99,0.24
1940-12,10.58,0.6700,1.05,14.100,1.97,0.24
1941-01,10.08,0.6733,1.05,14.100,1.95,0.31
1941-02,9.92,0.6767,1.06,14.100,1.99,0.31
1941-03,9.96,0.6800,1.06,14.200,2.04,0.31
1941-04,9.32,0.6833,1.07,14.300,2.08,0.31
1941-05,9.35,0.6867,1.08,14.400,2.12,0.31
1941-06,9.85,0.6900,1.09,14.700,2.16,0.31
1941-07,10.39,0.6933,1.12,14.700,2.21,0.31
1941-08,10.34,0.6967,1.16,14.900,2.25,0.31
1941-09,10.20,0.7000,1.19,15.100,2.29,0.31
1941-10,9.51,0.7033,1.18,15.300,2.33,0.31
1941-11,9.07,0.7067,1.17,15.400,2.38,0.31
1941-12,8.69,0.7100,1.16,15.500,2.42,0.31
1942-01,8.81,0.7033,1.12,15.700,2.46,0.40
1942-02,8.53,0.6967,1.08,15.800,2.46,0.40
1942-03,8.01,0.6900,1.04,16.000,2.46,0.40
1942-04,7.66,0.6800,1.02,16.100,2.46,0.40
1942-05,8.19,0.6700,1.00,16.300,2.46,0.40
1942-06,8.30,0.6600,0.98,16.300,2.46,0.40
1942-07,8.56,0.6467,0.97,16.400,2.47,0.40
1942-08,8.62,0.6333,0.95,16.500,2.47,0.40
1942-09,8.85,0.6200,0.94,16.500,2.47,0.40
1942-10,9.42,0.6100,0.97,16.700,2.47,0.40
1942-11,9.29,0.6000,1.00,16.800,2.47,0.40
1942-12,9.77,0.5900,1.03,16.900,2.47,0.40
1943-01,10.52,0.5900,1.04,16.900,2.47,0.40
1943-02,10.92,0.5900,1.06,16.900,2.47,0.40
1943-03,11.58,0.5900,1.07,17.200,2.47,0.40
1943-04,11.59,0.5900,1.08,17.400,2.47,0.40
1943-05,12.18,0.5900,1.09,17.500,2.47,0.40
1943-06,12.35,0.5900,1.10,17.500,2.47,0.40
1943-07,11.68,0.5933,1.09,17.400,2.48,0.40
1943-08,11.80,0.5967,1.09,17.300,2.48,0.40
1943-09,12.08,0.6000,1.08,17.400,2.48,0.40
1943-10,11.92,0.6033,1.03,17.400,2.48,0.40
1943-11,11.02,0.6067,0.99,17.400,2.48,0.40
1943-12,11.67,0.6100,0.94,17.400,2.48,0.40
1944-01,11.85,0.6133,0.94,17.400,2.48,0.40
1944-02,11.82,0.6167,0.93,17.400,2.47,0.40
1944-03,12.02,0.6200,0.93,17.400,2.46,0.40
1944-04,11.96,0.6233,0.93,17.500,2.45,0.40
1944-05,12.35,0.6267,0.92,17.500,2.44,0.40
1944-06,12.98,0.6300,0.92,17.600,2.43,0.40
1944-07,12.71,0.6333,0.91,17.700,2.43,0.40
1944-08,12.82,0.6367,0.91,17.700,2.42,0.40
1944-09,12.78,0.6400,0.90,17.700,2.41,0.40
1944-10,12.78,0.6400,0.91,17.700,2.40,0.40
1944-11,12.83,0.6400,0.92,17.700,2.39,0.40
1944-12,13.33,0.6400,0.93,17.800,2.38,0.40
1945-01,13.47,0.6433,0.94,17.800,2.37,0.40
1945-02,14.30,0.6467,0.95,17.800,2.36,0.40
1945-03,13.64,0.6500,0.96,17.800,2.34,0.40
1945-04,14.84,0.6500,0.97,17.800,2.33,0.40
1945-05,15.01,0.6500,0.99,17.900,2.31,0.40
1945-06,14.96,0.6500,1.00,18.100,2.30,0.40
1945-07,14.66,0.6533,1.00,18.100,2.28,0.40
1945-08,15.51,0.6567,0.99,18.100,2.27,0.40
1945-09,16.33,0.6600,0.99,18.100,2.25,0.40
1945-10,16.65,0.6600,0.98,18.100,2.24,0.40
1945-11,17.19,0.6600,0.97,18.100,2.22,0.40
1945-12,17.36,0.6600,0.96,18.200,2.21,0.40
1946-01,18.57,0.6667,0.94,18.200,2.19,0.38
1946-02,17.28,0.6733,0.92,18.100,2.20,0.38
1946-03,18.06,0.6800,0.90,18.300,2.20,0.38
1946-04,18.76,0.6800,0.88,18.400,2.21,0.38
1946-05,19.18,0.6800,0.86,18.500,2.21,0.38
1946-06,18.54,0.6800,0.84,18.700,2.22,0.38
1946-07,17.96,0.6833,0.86,19.800,2.22,0.38
1946-08,15.53,0.6867,0.87,20.200,2.23,0.38
1946-09,14.96,0.6900,0.89,20.400,2.23,0.38
1946-10,14.85,0.6967,0.95,20.800,2.24,0.38
1946-11,14.67,0.7033,1.00,21.300,2.24,0.38
1946-12,15.30,0.7100,1.06,21.500,2.25,0.38
1947-01,15.66,0.7133,1.13,21.480,2.25,0.38
1947-02,15.43,0.7167,1.20,21.620,2.27,0.38
1947-03,15.18,0.7200,1.27,22.000,2.28,0.38
1947-04,14.58,0.7333,1.33,22.000,2.30,0.38
1947-05,14.30,0.7467,1.38,21.950,2.31,0.38
1947-06,15.21,0.7600,1.44,22.080,2.33,0.38
1947-07,15.77,0.7700,1.48,22.230,2.35,0.38
1947-08,15.38,0.7800,1.51,22.400,2.36,0.38
1947-09,15.10,0.7900,1.55,22.840,2.38,0.38
1947-10,15.43,0.8067,1.57,22.910,2.39,0.38
1947-11,15.06,0.8233,1.59,23.060,2.41,0.38
1947-12,15.30,0.8400,1.61,23.410,2.42,0.38
1948-01,14.70,0.8433,1.64,23.680,2.44,0.38
1948-02,14.08,0.8467,1.68,23.670,2.43,0.38
1948-03,15.08,0.8500,1.71,23.500,2.42,0.38
1948-04,15.48,0.8500,1.76,23.820,2.41,0.38
1948-05,16.74,0.8500,1.81,24.010,2.40,0.38
1948-06,16.75,0.8500,1.86,24.150,2.39,0.38
1948-07,15.86,0.8567,1.93,24.400,2.38,0.38
1948-08,15.97,0.8633,2.00,24.430,2.36,0.38
1948-09,15.49,0.8700,2.07,24.360,2.35,0.38
1948-10,16.70,0.8900,2.14,24.310,2.34,0.38
1948-11,14.75,0.9100,2.22,24.160,2.33,0.38
1948-12,15.20,0.9300,2.29,24.050,2.32,0.38
1949-01,15.23,0.9467,2.32,24.010,2.31,0.38
1949-02,14.62,0.9633,2.35,23.910,2.31,0.38
1949-03,15.06,0.9800,2.38,23.910,2.31,0.38
1949-04,14.75,0.9933,2.39,23.920,2.31,0.38
1949-05,14.19,1.0067,2.39,23.910,2.31,0.38
1949-06,14.16,1.0200,2.40,23.920,2.31,0.38
1949-07,15.13,1.0267,2.40,23.700,2.32,0.38
1949-08,15.23,1.0333,2.39,23.700,2.32,0.38
1949-09,15.58,1.0400,2.39,23.750,2.32,0.38
1949-10,16.04,1.0733,2.37,23.670,2.32,0.38
1949-11,16.06,1.1067,2.34,23.700,2.32,0.38
1949-12,16.76,1.1400,2.32,23.610,2.32,0.38
1950-01,17.05,1.1500,2.34,23.510,2.32,0.42
1950-02,17.22,1.1600,2.35,23.610,2.34,0.42
1950-03,17.29,1.1700,2.37,23.640,2.36,0.42
1950-04,18.22,1.1800,2.43,23.650,2.38,0.42
1950-05,18.78,1.1900,2.48,23.770,2.40,0.42
1950-06,17.69,1.2000,2.54,23.880,2.42,0.42
1950-07,17.84,1.2433,2.60,24.070,2.45,0.42
1950-08,18.42,1.2867,2.66,24.200,2.47,0.42
1950-09,19.69,1.3300,2.72,24.340,2.49,0.42
1950-10,19.53,1.3767,2.76,24.500,2.51,0.42
1950-11,19.51,1.4233,2.80,24.600,2.53,0.42
1950-12,20.77,1.4700,2.84,24.980,2.55,0.42
1951-01,21.66,1.4867,2.84,25.380,2.57,0.51
1951-02,21.80,1.5033,2.83,25.830,2.58,0.51
1951-03,21.40,1.5200,2.83,25.880,2.59,0.51
1951-04,22.43,1.5333,2.79,25.920,2.60,0.51
1951-05,21.52,1.5467,2.76,25.990,2.61,0.51
1951-06,21.10,1.5600,2.72,25.930,2.62,0.51
1951-07,22.40,1.5467,2.65,25.910,2.63,0.51
1951-08,23.28,1.5333,2.58,25.860,2.63,0.51
1951-09,23.47,1.5200,2.51,26.030,2.64,0.51
1951-10,22.94,1.4833,2.49,26.160,2.65,0.51
1951-11,22.88,1.4467,2.46,26.320,2.66,0.51
1951-12,23.77,1.4100,2.44,26.470,2.67,0.51
1952-01,24.15,1.4133,2.43,26.450,2.68,0.52
1952-02,23.27,1.4167,2.41,26.410,2.69,0.52
1952-03,24.37,1.4200,2.40,26.390,2.70,0.52
1952-04,23.33,1.4300,2.38,26.460,2.72,0.52
1952-05,23.81,1.4400,2.36,26.470,2.80,0.52
1952-06,24.96,1.4500,2.34,26.530,2.86,0.52
1952-07,25.41,1.4500,2.35,26.680,2.81,0.52
1952-08,25.15,1.4500,2.35,26.690,2.84,0.52
1952-09,24.55,1.4500,2.36,26.630,2.81,0.52
1952-10,24.52,1.4367,2.37,26.690,2.67,0.52
1952-11,25.68,1.4233,2.39,26.690,2.68,0.52
1952-12,26.58,1.4100,2.40,26.710,2.60,0.52
1953-01,26.51,1.4100,2.41,26.640,2.83,0.52
1953-02,25.93,1.4100,2.42,26.590,2.80,0.52
1953-03,25.29,1.4100,2.43,26.630,2.77,0.52
1953-04,24.63,1.4133,2.46,26.690,2.83,0.52
1953-05,24.15,1.4167,2.48,26.700,3.05,0.52
1953-06,24.14,1.4200,2.51,26.770,3.11,0.52
1953-07,24.75,1.4200,2.52,26.790,2.93,0.52
1953-08,23.32,1.4200,2.54,26.850,2.95,0.52
1953-09,23.35,1.4200,2.55,26.890,2.87,0.52
1953-10,24.66,1.4300,2.54,26.950,2.66,0.52
1953-11,24.76,1.4400,2.52,26.850,2.68,0.52
1953-12,24.81,1.4500,2.51,26.870,2.59,0.52
1954-01,25.99,1.4567,2.52,26.940,2.48,0.52
1954-02,26.25,1.4633,2.54,26.990,2.47,0.52
1954-03,26.94,1.4700,2.55,26.930,2.37,0.52
1954-04,28.26,1.4633,2.57,26.860,2.29,0.52
1954-05,29.19,1.4567,2.60,26.930,2.37,0.52
1954-06,29.21,1.4500,2.62,26.940,2.38,0.52
1954-07,30.99,1.4567,2.62,26.860,2.30,0.52
1954-08,29.83,1.4633,2.63,26.850,2.36,0.52
1954-09,32.31,1.4700,2.63,26.810,2.38,0.52
1954-10,31.79,1.4933,2.68,26.720,2.43,0.52
1954-11,34.24,1.5167,2.72,26.780,2.48,0.52
1954-12,35.98,1.5400,2.77,26.770,2.51,0.52
1955-01,36.63,1.5467,2.83,26.770,2.61,0.52
1955-02,36.76,1.5533,2.90,26.820,2.65,0.52
1955-03,36.58,1.5600,2.96,26.790,2.68,0.52
1955-04,38.04,1.5633,3.05,26.790,2.75,0.52
1955-05,37.91,1.5667,3.13,26.770,2.76,0.52
1955-06,41.03,1.5700,3.22,26.710,2.78,0.52
1955-07,42.93,1.5867,3.29,26.760,2.90,0.52
1955-08,43.18,1.6033,3.37,26.720,2.97,0.52
1955-09,43.67,1.6200,3.44,26.850,2.97,0.52
1955-10,42.34,1.6267,3.50,26.820,2.88,0.52
1955-11,45.51,1.6333,3.56,26.880,2.89,0.52
1955-12,45.16,1.6400,3.62,26.870,2.96,0.52
1956-01,43.82,1.6700,3.64,26.830,2.90,0.52
1956-02,45.34,1.7000,3.67,26.860,2.84,0.52
1956-03,48.70,1.7300,3.69,26.890,2.96,0.52
1956-04,48.38,1.7533,3.66,26.930,3.18,0.52
1956-05,45.20,1.7767,3.63,27.030,3.07,0.52
1956-06,46.93,1.8000,3.60,27.150,3.00,0.52
1956-07,49.39,1.8133,3.55,27.290,3.11,0.52
1956-08,47.51,1.8267,3.51,27.310,3.33,0.52
1956-09,44.70,1.8400,3.46,27.350,3.38,0.52
1956-10,45.58,1.8067,3.44,27.510,3.34,0.52
1956-11,45.08,1.7733,3.43,27.510,3.49,0.52
1956-12,46.67,1.7400,3.41,27.630,3.59,0.52
1957-01,44.72,1.7367,3.41,27.670,3.46,0.52
1957-02,43.26,1.7333,3.40,27.800,3.34,0.52
1957-03,44.14,1.7300,3.40,27.860,3.41,0.52
1957-04,45.74,1.7300,3.41,27.930,3.48,0.52
1957-05,47.43,1.7300,3.41,28.000,3.60,0.52
1957-06,47.43,1.7300,3.42,28.110,3.80,0.52
1957-07,47.91,1.7400,3.44,28.190,3.93,0.52
1957-08,45.44,1.7500,3.45,28.280,3.93,0.52
1957-09,42.42,1.7600,3.47,28.320,3.92,0.52
1957-10,41.06,1.7700,3.44,28.320,3.97,0.52
1957-11,41.36,1.7800,3.40,28.410,3.72,0.52
1957-12,39.99,1.7900,3.37,28.470,3.21,0.52
1958-01,41.70,1.7833,3.29,28.640,3.09,0.52
1958-02,40.84,1.7767,3.22,28.700,3.05,0.52
1958-03,42.10,1.7700,3.14,28.870,2.98,0.52
1958-04,43.44,1.7567,3.07,28.940,2.88,0.52
1958-05,44.31,1.7433,3.00,28.940,2.92,0.52
1958-06,45.24,1.7300,2.93,28.910,2.97,0.52
1958-07,47.19,1.7300,2.91,28.890,3.20,0.52
1958-08,48.00,1.7300,2.90,28.940,3.54,0.52
1958-09,50.06,1.7300,2.88,28.910,3.76,0.52
1958-10,51.33,1.7367,2.88,28.910,3.80,0.52
1958-11,52.69,1.7433,2.89,28.950,3.74,0.52
1958-12,55.21,1.7500,2.89,28.970,3.86,0.52
1959-01,55.21,1.7567,2.96,29.010,4.02,0.52
1959-02,55.73,1.7633,3.04,29.000,3.96,0.52
1959-03,55.44,1.7700,3.11,28.970,3.99,0.52
1959-04,57.59,1.7767,3.21,28.980,4.12,0.52
1959-05,58.63,1.7833,3.30,29.040,4.31,0.52
1959-06,58.47,1.7900,3.40,29.110,4.34,0.52
1959-07,60.51,1.7967,3.41,29.150,4.40,0.52
1959-08,59.60,1.8033,3.42,29.180,4.43,0.52
1959-09,56.88,1.8100,3.43,29.250,4.68,0.52
1959-10,57.41,1.8167,3.42,29.350,4.53,0.52
1959-11,58.28,1.8233,3.40,29.350,4.53,0.52
1959-12,59.89,1.8300,3.39,29.410,4.69,0.52
1960-01,55.96,1.8667,3.39,29.370,4.72,0.52
1960-02,56.12,1.9033,3.39,29.410,4.49,0.52
1960-03,55.34,1.9400,3.39,29.410,4.25,0.52
1960-04,54.13,1.9433,3.35,29.540,4.28,0.52
1960-05,55.83,1.9467,3.30,29.570,4.35,0.52
1960-06,56.92,1.9500,3.26,29.610,4.15,0.52
1960-07,55.53,1.9500,3.26,29.550,3.90,0.52
1960-08,56.96,1.9500,3.27,29.610,3.80,0.52
1960-09,53.52,1.9500,3.27,29.610,3.80,0.52
1960-10,53.39,1.9500,3.27,29.750,3.89,0.52
1960-11,55.54,1.9500,3.27,29.780,3.93,0.52
1960-12,57.57,1.9500,3.27,29.810,3.84,0.52
1961-01,61.78,1.9467,3.21,29.840,3.84,0.52
1961-02,63.44,1.9433,3.15,29.840,3.78,0.52
1961-03,65.60,1.9400,3.09,29.840,3.74,0.52
1961-04,65.17,1.9400,3.07,29.810,3.78,0.52
1961-05,66.56,1.9400,3.05,29.840,3.71,0.52
1961-06,64.65,1.9400,3.03,29.840,3.88,0.52
1961-07,66.76,1.9467,3.04,29.920,3.92,0.52
1961-08,68.07,1.9533,3.04,29.940,4.04,0.52
1961-09,66.77,1.9600,3.05,29.980,3.98,0.52
1961-10,68.62,1.9800,3.10,29.980,3.92,0.52
1961-11,71.32,2.0000,3.14,29.980,3.94,0.52
1961-12,70.96,2.0200,3.19,30.010,4.06,0.52
1962-01,68.84,2.0267,3.25,30.040,4.08,0.52
1962-02,69.96,2.0333,3.31,30.110,4.04,0.52
1962-03,69.37,2.0400,3.37,30.170,3.93,0.52
1962-04,65.24,2.0467,3.40,30.210,3.84,0.52
1962-05,59.63,2.0533,3.44,30.240,3.87,0.52
1962-06,55.86,2.0600,3.47,30.210,3.91,0.52
1962-07,58.23,2.0667,3.49,30.220,4.01,0.52
1962-08,59.12,2.0733,3.51,30.280,3.98,0.52
1962-09,55.49,2.0800,3.53,30.420,3.98,0.52
1962-10,56.52,2.0967,3.58,30.380,3.93,0.52
1962-11,62.26,2.1133,3.62,30.380,3.92,0.52
1962-12,63.10,2.1300,3.67,30.380,3.86,0.52
1963-01,66.20,2.1367,3.68,30.440,3.83,0.52
1963-02,64.29,2.1433,3.70,30.480,3.92,0.52
1963-03,66.85,2.1500,3.71,30.510,3.93,0.52
1963-04,69.80,2.1667,3.75,30.480,3.97,0.52
1963-05,70.80,2.1833,3.80,30.510,3.93,0.52
1963-06,68.86,2.2000,3.84,30.610,3.99,0.52
1963-07,69.13,2.2033,3.88,30.690,4.02,0.52
1963-08,72.66,2.2067,3.92,30.750,4.00,0.52
1963-09,71.70,2.2100,3.96,30.720,4.08,0.52
1963-10,74.01,2.2333,3.98,30.750,4.11,0.52
1963-11,73.66,2.2567,4.00,30.780,4.12,0.52
1963-12,75.02,2.2800,4.02,30.880,4.13,0.52
1964-01,77.04,2.2967,4.07,30.940,4.17,0.50
1964-02,77.97,2.3133,4.13,30.910,4.15,0.50
1964-03,78.98,2.3300,4.18,30.940,4.22,0.50
1964-04,79.46,2.3467,4.23,30.950,4.23,0.50
1964-05,80.11,2.3633,4.28,30.980,4.20,0.50
1964-06,81.69,2.3800,4.33,31.010,4.17,0.50
1964-07,83.18,2.4000,4.38,31.020,4.19,0.50
1964-08,81.83,2.4200,4.42,31.050,4.19,0.50
1964-09,84.18,2.4400,4.47,31.080,4.20,0.50
1964-10,85.18,2.4600,4.50,31.120,4.19,0.50
1964-11,84.42,2.4800,4.52,31.210,4.15,0.50
1964-12,84.75,2.5000,4.55,31.250,4.18,0.50
1965-01,87.58,2.5167,4.59,31.280,4.19,0.48
1965-02,87.25,2.5333,4.64,31.280,4.21,0.48
1965-03,86.16,2.5500,4.68,31.310,4.21,0.48
1965-04,89.11,2.5700,4.73,31.380,4.20,0.48
1965-05,87.72,2.5900,4.79,31.480,4.21,0.48
1965-06,84.12,2.6100,4.84,31.610,4.21,0.48
1965-07,85.42,2.6267,4.89,31.580,4.20,0.48
1965-08,87.17,2.6433,4.93,31.550,4.25,0.48
1965-09,89.96,2.6600,4.98,31.620,4.29,0.48
1965-10,92.23,2.6800,5.05,31.650,4.35,0.48
1965-11,91.61,2.7000,5.12,31.750,4.45,0.48
1965-12,92.43,2.7200,5.19,31.850,4.62,0.48
1966-01,92.88,2.7400,5.24,31.880,4.61,0.48
1966-02,91.22,2.7600,5.29,32.080,4.83,0.48
1966-03,89.23,2.7800,5.34,32.180,4.87,0.48
1966-04,90.90,2.7967,5.38,32.280,4.75,0.48
1966-05,86.13,2.8133,5.42,32.350,4.78,0.48
1966-06,84.74,2.8300,5.46,32.380,4.81,0.48
1966-07,82.31,2.8500,5.48,32.450,5.02,0.48
1966-08,77.10,2.8700,5.49,32.650,5.22,0.48
1966-09,76.56,2.8900,5.51,32.750,5.18,0.48
1966-10,80.20,2.8833,5.52,32.850,5.01,0.48
1966-11,80.45,2.8767,5.54,32.880,5.16,0.48
1966-12,80.38,2.8700,5.55,32.920,4.84,0.48
1967-01,86.61,2.8800,5.52,32.900,4.58,0.48
1967-02,86.78,2.8900,5.48,33.000,4.63,0.48
1967-03,90.20,2.9000,5.45,33.000,4.54,0.48
1967-04,93.84,2.9000,5.41,33.100,4.59,0.48
1967-05,89.08,2.9000,5.37,33.100,4.85,0.48
1967-06,90.64,2.9000,5.33,33.300,5.02,0.48
1967-07,94.75,2.9067,5.32,33.400,5.16,0.48
1967-08,93.64,2.9133,5.31,33.500,5.28,0.48
1967-09,96.32,2.9200,5.30,33.600,5.30,0.48
1967-10,93.90,2.9200,5.31,33.700,5.48,0.48
1967-11,94.00,2.9200,5.32,33.900,5.75,0.48
1967-12,96.11,2.9200,5.33,34.000,5.70,0.48
1968-01,92.24,2.9300,5.37,34.100,5.53,0.53
1968-02,89.36,2.9400,5.40,34.200,5.56,0.53
1968-03,92.48,2.9500,5.44,34.300,5.74,0.53
1968-04,97.46,2.9633,5.48,34.400,5.64,0.53
1968-05,98.68,2.9767,5.53,34.500,5.87,0.53
1968-06,99.40,2.9900,5.57,34.700,5.72,0.53
1968-07,97.28,3.0033,5.60,34.900,5.50,0.53
1968-08,99.32,3.0167,5.63,35.000,5.42,0.53
1968-09,102.67,3.0300,5.66,35.100,5.46,0.53
1968-10,103.41,3.0433,5.69,35.300,5.58,0.53
1968-11,108.12,3.0567,5.73,35.400,5.70,0.53
1968-12,103.86,3.0700,5.76,35.600,6.03,0.53
1969-01,103.01,3.0800,5.78,35.700,6.04,0.53
1969-02,98.13,3.0900,5.80,35.800,6.19,0.53
1969-03,101.42,3.1000,5.82,36.100,6.30,0.53
1969-04,103.69,3.1100,5.83,36.300,6.17,0.53
1969-05,102.94,3.1200,5.83,36.400,6.32,0.53
1969-06,97.71,3.1300,5.84,36.600,6.57,0.53
1969-07,91.83,3.1367,5.86,36.800,6.72,0.53
1969-08,95.54,3.1433,5.87,36.900,6.69,0.53
1969-09,93.12,3.1500,5.89,37.100,7.16,0.53
1969-10,97.12,3.1533,5.85,37.300,7.10,0.53
1969-11,93.22,3.1567,5.82,37.500,7.14,0.53
1969-12,92.06,3.1600,5.78,37.700,7.65,0.53
1970-01,85.75,3.1633,5.73,37.900,7.79,0.49
1970-02,89.71,3.1667,5.68,38.100,7.24,0.49
1970-03,89.63,3.1700,5.63,38.300,7.07,0.49
1970-04,81.52,3.1733,5.59,38.500,7.39,0.49
1970-05,77.84,3.1767,5.56,38.600,7.91,0.49
1970-06,72.72,3.1800,5.52,38.800,7.84,0.49
1970-07,78.05,3.1833,5.47,38.900,7.46,0.49
1970-08,81.52,3.1867,5.41,39.000,7.53,0.49
1970-09,84.30,3.1900,5.36,39.200,7.39,0.49
1970-10,83.51,3.1733,5.28,39.400,7.33,0.49
1970-11,87.20,3.1567,5.21,39.600,6.84,0.49
1970-12,92.15,3.1400,5.13,39.800,6.39,0.49
1971-01,96.42,3.1300,5.16,39.900,6.24,0.48
1971-02,97.00,3.1200,5.19,39.900,6.11,0.48
1971-03,100.31,3.1100,5.22,40.000,5.70,0.48
1971-04,103.95,3.1067,5.25,40.100,5.83,0.48
1971-05,100.20,3.1033,5.29,40.300,6.39,0.48
1971-06,99.70,3.1000,5.32,40.500,6.52,0.48
1971-07,95.96,3.0967,5.36,40.600,6.73,0.48
1971-08,99.03,3.0933,5.39,40.700,6.58,0.48
1971-09,98.34,3.0900,5.43,40.800,6.14,0.48
1971-10,92.80,3.0833,5.52,40.900,5.93,0.48
1971-11,93.99,3.0767,5.61,41.000,5.81,0.48
1971-12,102.09,3.0700,5.70,41.100,5.93,0.48
1972-01,103.94,3.0700,5.74,41.200,5.95,0.48
1972-02,106.19,3.0700,5.77,41.400,6.08,0.48
1972-03,107.48,3.0700,5.81,41.400,6.07,0.48
1972-04,106.69,3.0700,5.86,41.500,6.19,0.48
1972-05,109.35,3.0700,5.92,41.600,6.13,0.48
1972-06,107.14,3.0700,5.97,41.700,6.11,0.48
1972-07,107.39,3.0733,6.03,41.800,6.11,0.48
1972-08,111.09,3.0767,6.08,41.900,6.21,0.48
1972-09,110.16,3.0800,6.14,42.100,6.55,0.48
1972-10,111.58,3.1033,6.23,42.200,6.48,0.48
1972-11,116.87,3.1267,6.33,42.400,6.28,0.48
1972-12,119.10,3.1500,6.42,42.500,6.36,0.48
1973-01,116.03,3.1567,6.55,42.700,6.46,0.48
1973-02,111.68,3.1633,6.67,43.000,6.64,0.48
1973-03,110.18,3.1700,6.80,43.400,6.71,0.48
1973-04,106.97,3.1867,6.94,43.700,6.67,0.48
1973-05,104.95,3.2033,7.09,43.900,6.85,0.48
1973-06,102.90,3.2200,7.23,44.200,6.90,0.48
1973-07,108.22,3.2367,7.38,44.200,7.13,0.48
1973-08,104.25,3.2533,7.54,45.000,7.40,0.48
1973-09,108.21,3.2700,7.69,45.200,7.09,0.48
1973-10,108.29,3.3067,7.85,45.600,6.79,0.48
1973-11,95.96,3.3433,8.00,45.900,6.73,0.48
1973-12,97.55,3.3800,8.16,46.300,6.74,0.48
1974-01,96.57,3.4000,8.23,46.800,6.99,0.48
1974-02,96.22,3.4200,8.29,47.300,6.96,0.48
1974-03,93.25,3.4400,8.36,47.800,7.21,0.48
1974-04,90.31,3.4600,8.49,48.100,7.51,0.48
1974-05,87.28,3.4800,8.61,48.600,7.58,0.48
1974-06,86.02,3.5000,8.74,49.000,7.54,0.48
1974-07,79.31,3.5300,8.86,49.300,7.81,0.48
1974-08,70.52,3.5600,8.99,49.900,8.04,0.48
1974-09,63.54,3.5900,9.11,50.600,8.04,0.48
1974-10,73.90,3.5933,9.04,51.000,7.90,0.48
1974-11,68.11,3.5967,8.96,51.500,7.68,0.48
1974-12,68.56,3.6000,8.89,51.900,7.43,0.48
1975-01,76.98,3.6233,8.74,52.300,7.50,0.48
1975-02,81.59,3.6467,8.60,52.600,7.39,0.48
1975-03,83.36,3.6700,8.45,52.800,7.73,0.48
1975-04,87.30,3.6833,8.29,53.000,8.23,0.48
1975-05,92.58,3.6967,8.12,53.100,8.06,0.48
1975-06,95.19,3.7100,7.96,53.500,7.86,0.48
1975-07,88.75,3.7100,7.89,54.000,8.06,0.48
1975-08,85.48,3.7100,7.83,54.200,8.40,0.48
1975-09,83.87,3.7100,7.76,54.600,8.43,0.48
1975-10,89.04,3.7000,7.83,54.900,8.14,0.48
1975-11,90.67,3.6900,7.89,55.300,8.05,0.48
1975-12,90.19,3.6800,7.96,55.600,8.00,0.48
1976-01,100.87,3.6833,8.19,55.800,7.74,0.48
1976-02,100.02,3.6867,8.43,55.900,7.79,0.48
1976-03,102.77,3.6900,8.66,56.000,7.73,0.48
1976-04,101.64,3.7133,8.86,56.100,7.56,0.48
1976-05,99.85,3.7367,9.05,56.400,7.90,0.48
1976-06,104.28,3.7600,9.25,56.700,7.86,0.48
1976-07,103.19,3.7900,9.35,57.000,7.83,0.48
1976-08,102.91,3.8200,9.45,57.300,7.77,0.48
1976-09,105.24,3.8500,9.55,57.600,7.59,0.48
1976-10,103.10,3.9167,9.67,57.900,7.41,0.48
1976-11,102.10,3.9833,9.79,58.100,7.29,0.48
1976-12,107.46,4.0500,9.91,58.400,6.87,0.48
1977-01,102.03,4.0967,9.97,58.700,7.21,0.48
1977-02,99.82,4.1433,10.02,59.300,7.39,0.48
1977-03,98.42,4.1900,10.08,59.600,7.46,0.48
1977-04,98.93,4.2467,10.19,60.000,7.37,0.48
1977-05,96.12,4.3033,10.31,60.200,7.46,0.48
1977-06,100.48,4.3600,10.42,60.500,7.28,0.48
1977-07,99.12,4.4067,10.52,60.800,7.33,0.48
1977-08,96.77,4.4533,10.61,61.100,7.40,0.48
1977-09,96.53,4.5000,10.71,61.300,7.34,0.48
1977-10,92.34,4.5567,10.77,61.600,7.52,0.48
1977-11,94.83,4.6133,10.83,62.000,7.58,0.48
1977-12,93.82,4.6700,10.89,62.300,7.69,0.48
1978-01,89.25,4.7133,10.90,62.700,7.96,0.48
1978-02,87.04,4.7567,10.91,63.000,8.03,0.48
1978-03,89.21,4.8000,10.92,63.400,8.04,0.48
1978-04,97.67,4.8367,11.02,63.900,8.15,0.48
1978-05,97.24,4.8733,11.13,64.500,8.35,0.48
1978-06,95.53,4.9100,11.23,65.000,8.46,0.48
1978-07,100.68,4.9467,11.34,65.500,8.64,0.48
1978-08,103.29,4.9833,11.46,65.900,8.41,0.48
1978-09,102.96,5.0200,11.57,66.500,8.42,0.48
1978-10,93.15,5.0367,11.82,67.100,8.64,0.48
1978-11,94.70,5.0533,12.08,67.500,8.81,0.48
1978-12,96.73,5.0700,12.33,67.900,9.01,0.48
1979-01,99.93,5.1133,12.65,68.500,9.10,0.46
1979-02,96.28,5.1567,12.98,69.200,9.10,0.46
1979-03,100.90,5.2000,13.30,69.900,9.12,0.46
1979-04,101.76,5.2467,13.53,70.600,9.18,0.46
1979-05,99.08,5.2933,13.75,71.400,9.25,0.46
1979-06,101.99,5.3400,13.98,72.200,8.91,0.46
1979-07,103.81,5.3967,14.20,73.000,8.95,0.46
1979-08,109.32,5.4533,14.41,73.700,9.03,0.46
1979-09,108.56,5.5100,14.63,74.400,9.33,0.46
1979-10,101.82,5.5567,14.71,75.200,10.30,0.46
1979-11,106.16,5.6033,14.78,76.000,10.65,0.46
1979-12,107.94,5.6500,14.86,76.900,10.39,0.46
1980-01,114.16,5.7000,15.00,78.000,10.80,0.46
1980-02,113.66,5.7500,15.15,79.000,12.41,0.46
1980-03,102.09,5.8000,15.29,80.100,12.75,0.46
1980-04,106.29,5.8467,15.17,80.900,11.47,0.46
1980-05,110.76,5.8933,15.06,81.700,10.18,0.46
1980-06,114.24,5.9400,14.94,82.500,9.78,0.46
1980-07,121.67,5.9833,14.84,82.600,10.25,0.46
1980-08,123.74,6.0267,14.74,83.200,11.10,0.46
1980-09,125.46,6.0700,14.64,83.900,11.51,0.46
1980-10,127.47,6.1000,14.70,84.700,11.75,0.46
1980-11,137.21,6.1300,14.76,85.600,12.68,0.46
1980-12,135.76,6.1600,14.82,86.400,12.84,0.46
1981-01,126.91,6.2000,14.74,87.200,12.57,0.46
1981-02,132.01,6.2400,14.66,88.000,13.19,0.46
1981-03,136.00,6.2800,14.58,88.600,13.12,0.46
1981-04,132.81,6.3167,14.72,89.100,13.68,0.46
1981-05,132.41,6.3533,14.87,89.700,14.10,0.46
1981-06,131.21,6.3900,15.01,90.500,13.47,0.46
1981-07,130.92,6.4333,15.10,91.500,14.28,0.46
1981-08,122.79,6.4767,15.18,92.200,14.94,0.46
1981-09,116.18,6.5200,15.27,93.100,15.32,0.46
1981-10,124.20,6.5567,15.30,93.400,15.15,0.46
1981-11,126.35,6.5933,15.33,93.800,13.39,0.46
1981-12,122.55,6.6300,15.36,94.100,13.72,0.46
1982-01,117.78,6.6600,15.18,94.400,14.59,0.46
1982-02,113.31,6.6900,14.99,94.700,14.43,0.46
1982-03,111.96,6.7200,14.81,94.700,13.86,0.46
1982-04,116.44,6.7500,14.60,95.000,13.87,0.46
1982-05,111.68,6.7800,14.38,95.900,13.62,0.46
1982-06,109.61,6.8100,14.17,97.000,14.30,0.46
1982-07,108.98,6.8233,13.97,97.500,13.95,0.46
1982-08,119.51,6.8367,13.76,97.700,13.06,0.46
1982-09,120.42,6.8500,13.56,97.700,12.34,0.46
1982-10,135.47,6.8567,13.25,98.100,10.91,0.46
1982-11,138.54,6.8633,12.95,98.000,10.55,0.46
1982-12,140.64,6.8700,12.64,97.700,10.54,0.46
1983-01,145.30,6.8833,12.57,97.900,10.46,0.46
1983-02,148.06,6.8967,12.49,98.000,10.72,0.46
1983-03,152.96,6.9100,12.42,98.100,10.51,0.46
1983-04,162.11,6.9200,12.48,98.800,10.40,0.46
1983-05,162.39,6.9300,12.53,99.200,10.38,0.46
1983-06,168.11,6.9400,12.59,99.400,10.85,0.46
1983-07,162.04,6.9600,12.83,99.800,11.38,0.46
1983-08,164.40,6.9800,13.06,100.100,11.85,0.46
1983-09,166.07,7.0000,13.30,100.400,11.65,0.46
1983-10,163.55,7.0300,13.54,100.800,11.54,0.46
1983-11,166.40,7.0600,13.79,101.100,11.69,0.46
1983-12,164.04,7.0900,14.03,101.400,11.83,0.46
1984-01,163.41,7.1200,14.44,102.100,11.67,0.46
1984-02,157.06,7.1500,14.85,102.600,11.84,0.46
1984-03,157.98,7.1800,15.26,102.900,12.32,0.46
1984-04,160.05,7.2233,15.57,103.300,12.63,0.46
1984-05,150.55,7.2667,15.89,103.500,13.41,0.46
1984-06,153.20,7.3100,16.20,103.700,13.56,0.46
1984-07,150.66,7.3333,16.32,104.100,13.36,0.46
1984-08,166.68,7.3567,16.44,104.400,12.72,0.46
1984-09,164.62,7.3800,16.56,104.700,12.52,0.46
1984-10,166.09,7.4300,16.59,105.100,12.16,0.46
1984-11,163.58,7.4800,16.61,105.300,11.57,0.46
1984-12,167.24,7.5300,16.64,105.500,11.50,0.46
1985-01,179.63,7.5733,16.56,105.700,11.38,0.46
1985-02,181.18,7.6167,16.47,106.300,11.51,0.46
1985-03,181.27,7.6600,16.39,106.800,11.86,0.46
1985-04,179.83,7.6867,16.13,107.000,11.43,0.46
1985-05,189.55,7.7133,15.87,107.200,10.85,0.46
1985-06,192.43,7.7400,15.61,107.500,10.16,0.46
1985-07,190.92,7.7733,15.48,107.700,10.31,0.46
1985-08,187.91,7.8067,15.36,107.900,10.33,0.46
1985-09,182.08,7.8400,15.23,108.100,10.37,0.46
1985-10,189.82,7.8600,15.02,108.500,10.24,0.46
1985-11,200.46,7.8800,14.82,109.000,9.78,0.46
1985-12,211.28,7.9000,14.61,109.500,9.26,0.46
1986-01,211.78,7.9400,14.58,109.900,9.19,0.46
1986-02,226.92,7.9800,14.55,109.700,8.70,0.46
1986-03,238.90,8.0200,14.52,109.100,7.78,0.46
1986-04,235.52,8.0467,14.58,108.700,7.30,0.46
1986-05,245.04,8.0733,14.65,109.000,7.71,0.46
1986-06,250.84,8.1000,14.71,109.400,7.80,0.46
1986-07,236.12,8.1433,14.76,109.500,7.30,0.46
1986-08,248.52,8.1867,14.80,109.600,7.17,0.46
1986-09,231.32,8.2300,14.85,110.000,7.45,0.46
1986-10,243.98,8.2467,14.73,110.200,7.43,0.46
1986-11,249.05,8.2633,14.60,110.400,7.25,0.46
1986-12,242.17,8.2800,14.48,110.800,7.11,0.46
1987-01,276.45,8.3000,14.69,111.400,7.08,0.40
1987-02,283.00,8.3200,14.89,111.800,7.25,0.40
1987-03,291.70,8.3400,15.10,112.200,7.25,0.40
1987-04,288.36,8.4000,14.87,112.700,8.02,0.40
1987-05,289.83,8.4600,14.65,113.000,8.61,0.40
1987-06,304.00,8.5200,14.42,113.500,8.40,0.40
1987-07,318.66,8.5667,14.90,113.800,8.45,0.40
1987-08,329.80,8.6133,15.38,114.300,8.76,0.40
1987-09,321.83,8.6600,15.86,114.700,9.42,0.40
1987-10,255.75,8.7100,16.41,115.000,9.52,0.40
1987-11,230.30,8.7600,16.95,115.400,8.86,0.40
1987-12,247.08,8.8100,17.50,115.600,8.99,0.40
1988-01,255.04,8.8567,17.86,116.000,8.67,0.34
1988-02,267.82,8.9033,18.23,116.200,8.21,0.34
1988-03,258.89,8.9500,18.59,116.500,8.37,0.34
1988-04,261.56,9.0433,19.62,117.200,8.72,0.34
1988-05,262.16,9.1367,20.64,117.500,9.09,0.34
1988-06,273.50,9.2300,21.67,118.000,8.92,0.34
1988-07,272.21,9.3067,22.02,118.500,9.06,0.34
1988-08,261.52,9.3833,22.38,119.000,9.26,0.34
1988-09,271.91,9.4600,22.73,119.500,8.98,0.34
1988-10,278.97,9.5500,23.07,119.900,8.80,0.34
1988-11,273.70,9.6400,23.42,120.300,8.96,0.34
1988-12,275.31,9.7500,23.75,120.700,9.11,0.34
1989-01,297.47,9.8133,24.15,121.200,9.09,0.34
1989-02,288.86,9.8967,24.56,121.600,9.17,0.34
1989-03,294.87,10.0100,24.96,122.200,9.36,0.34
1989-04,309.12,10.0867,25.05,123.100,9.18,0.34
1989-05,320.52,10.1933,25.13,123.700,8.86,0.34
1989-06,317.98,10.3700,25.22,124.100,8.28,0.34
1989-07,346.08,10.4233,24.71,124.500,8.02,0.34
1989-08,351.45,10.5467,24.20,124.500,8.11,0.34
1989-09,350.87,10.7300,23.69,124.800,8.19,0.34
1989-10,340.36,10.7967,23.42,125.400,8.01,0.34
1989-11,345.99,10.9233,23.14,125.900,7.87,0.34
1989-12,359.69,11.0600,22.87,126.300,7.84,0.34
1990-01,329.08,11.1400,22.47,127.500,8.21,0.34
1990-02,331.89,11.2300,22.07,128.000,8.47,0.34
1990-03,338.70,11.3200,21.67,128.600,8.59,0.34
1990-04,330.80,11.4367,21.53,128.900,8.79,0.34
1990-05,361.23,11.5533,21.40,129.100,8.76,0.34
1990-06,359.54,11.6600,21.26,129.900,8.48,0.34
1990-07,356.15,11.7267,21.42,130.500,8.47,0.34
1990-08,322.56,11.7833,21.58,131.600,8.75,0.34
1990-09,314.94,11.8300,21.74,132.500,8.89,0.34
1990-10,304.00,11.9267,21.61,133.400,8.72,0.34
1990-11,322.22,12.0133,21.47,133.700,8.39,0.34
1990-12,330.22,12.0900,21.34,134.200,8.08,0.34
1991-01,343.93,12.1067,21.21,134.700,8.09,0.34
1991-02,367.07,12.1133,21.07,134.800,7.85,0.34
1991-03,371.30,12.1100,20.94,134.800,8.11,0.34
1991-04,375.35,12.1300,20.43,135.100,8.04,0.34
1991-05,389.83,12.1400,19.92,135.600,8.07,0.34
1991-06,377.92,12.1500,19.41,136.000,8.28,0.34
1991-07,387.81,12.1933,18.88,136.200,8.27,0.34
1991-08,392.15,12.2367,18.35,136.600,7.90,0.34
1991-09,387.86,12.2800,17.82,137.000,7.65,0.34
1991-10,392.45,12.2533,17.20,137.200,7.53,0.34
1991-11,381.40,12.2267,16.59,137.800,7.42,0.34
1991-12,417.09,12.2000,15.97,138.200,7.09,0.34
1992-01,408.78,12.2400,16.04,138.300,7.03,0.34
1992-02,412.70,12.2800,16.12,138.600,7.34,0.34
1992-03,403.69,12.3200,16.19,139.100,7.54,0.34
1992-04,414.95,12.3200,16.48,139.400,7.48,0.34
1992-05,417.30,12.3200,16.76,139.700,7.39,0.34
1992-06,408.14,12.3200,17.05,140.100,7.26,0.34
1992-07,424.21,12.3433,17.38,140.500,6.84,0.34
1992-08,414.03,12.3667,17.71,140.800,6.59,0.34
1992-09,417.80,12.4000,18.04,141.100,6.42,0.34
1992-10,422.75,12.3867,18.39,141.700,6.59,0.34
1992-11,431.35,12.3833,18.74,142.100,6.87,0.34
1992-12,435.71,12.3900,19.09,142.300,6.77,0.34
1993-01,442.52,12.4133,19.34,142.800,6.60,0.35
1993-02,442.01,12.4467,19.59,143.100,6.26,0.35
1993-03,451.67,12.4800,19.84,143.300,5.98,0.35
1993-04,440.19,12.4933,19.67,143.800,5.97,0.35
1993-05,453.83,12.5067,19.50,144.200,6.04,0.35
1993-06,450.53,12.5200,19.33,144.300,5.96,0.35
1993-07,450.15,12.5200,19.69,144.500,5.81,0.35
1993-08,463.56,12.5200,20.05,144.800,5.68,0.35
1993-09,458.93,12.5200,20.41,145.000,5.36,0.35
1993-10,469.10,12.5400,20.90,145.600,5.33,0.35
1993-11,461.79,12.5600,21.40,146.000,5.72,0.35
1993-12,466.45,12.5800,21.89,146.300,5.77,0.35
1994-01,481.61,12.6233,22.16,146.300,5.75,0.35
1994-02,467.14,12.6667,22.44,146.700,5.97,0.35
1994-03,445.77,12.7100,22.71,147.100,6.48,0.35
1994-04,453.02,12.7533,23.54,147.200,6.97,0.35
1994-05,456.50,12.7967,24.37,147.500,7.18,0.35
1994-06,444.27,12.8400,25.20,147.900,7.10,0.35
1994-07,461.01,12.8700,25.91,148.400,7.30,0.35
1994-08,475.49,12.9000,26.62,149.000,7.24,0.35
1994-09,462.69,12.9200,27.33,149.300,7.46,0.35
1994-10,472.35,13.0133,28.42,149.400,7.74,0.35
1994-11,453.69,13.0967,29.51,149.800,7.96,0.35
1994-12,459.11,13.1700,30.60,150.100,7.81,0.35
1995-01,470.42,13.1800,31.25,150.500,7.78,0.35
1995-02,487.39,13.1800,31.90,150.900,7.47,0.35
1995-03,500.71,13.1700,32.55,151.200,7.20,0.35
1995-04,514.26,13.2433,33.18,151.800,7.06,0.35
1995-05,533.40,13.3067,33.80,152.100,6.63,0.35
1995-06,544.75,13.3600,34.43,152.400,6.17,0.35
1995-07,562.06,13.4400,34.68,152.600,6.28,0.35
1995-08,561.88,13.5100,34.93,152.900,6.49,0.35
1995-09,581.72,13.5800,35.18,153.100,6.20,0.35
1995-10,581.50,13.6500,34.77,153.500,6.04,0.35
1995-11,605.37,13.7200,34.37,153.700,5.93,0.35
1995-12,620.73,13.7900,33.96,153.900,5.71,0.35
1996-01,636.02,13.8933,33.99,154.700,5.65,0.35
1996-02,640.43,13.9967,34.01,155.000,5.81,0.35
1996-03,653.73,14.1000,34.04,155.500,6.27,0.35
1996-04,654.17,14.1567,34.33,156.100,6.51,0.35
1996-05,669.12,14.2133,34.62,156.400,6.74,0.35
1996-06,675.88,14.2700,34.91,156.700,6.91,0.35
1996-07,639.95,14.4000,35.27,157.000,6.87,0.35
1996-08,654.72,14.5300,35.64,157.200,6.64,0.35
1996-09,687.31,14.6600,36.00,157.700,6.83,0.35
1996-10,705.27,14.7400,36.91,158.200,6.53,0.35
1996-11,756.56,14.8200,37.82,158.700,6.20,0.35
1996-12,740.74,14.9000,38.73,159.100,6.30,0.35
1997-01,786.16,14.9533,39.23,159.400,6.58,0.35
1997-02,790.82,15.0067,39.74,159.700,6.42,0.35
1997-03,757.12,15.0600,40.24,159.800,6.69,0.35
1997-04,801.34,15.0933,40.34,159.900,6.89,0.35
1997-05,846.36,15.1267,40.45,159.900,6.71,0.35
1997-06,885.14,15.1600,40.55,160.200,6.49,0.35
1997-07,954.29,15.2167,40.58,160.400,6.22,0.35
1997-08,927.58,15.2733,40.61,160.800,6.30,0.35
1997-09,947.28,15.3300,40.64,161.200,6.21,0.35
1997-10,914.62,15.3867,40.33,161.500,6.03,0.35
1997-11,974.77,15.4433,40.03,161.700,5.88,0.35
1997-12,970.43,15.5000,39.72,161.800,5.81,0.35
1998-01,1001.27,15.5500,39.66,162.000,5.54,0.35
1998-02,1047.70,15.6000,39.60,162.000,5.57,0.35
1998-03,1101.75,15.6400,39.54,162.000,5.65,0.35
1998-04,1111.75,15.7500,39.35,162.200,5.64,0.35
1998-05,1090.98,15.8500,39.16,162.600,5.65,0.35
1998-06,1133.84,15.9500,38.97,162.800,5.50,0.35
1998-07,1120.67,16.0167,38.68,163.200,5.46,0.35
1998-08,957.28,16.0833,38.38,163.400,5.34,0.35
1998-09,1017.05,16.1400,38.09,163.500,4.81,0.35
1998-10,1111.60,16.1667,37.96,163.900,4.53,0.35
1998-11,1163.63,16.1833,37.84,164.100,4.83,0.35
1998-12,1229.23,16.2000,37.71,164.400,4.65,0.35
1999-01,1273.00,16.2833,37.93,164.700,4.72,0.35
1999-02,1236.16,16.3667,38.16,164.700,5.00,0.35
1999-03,1286.37,16.4500,38.38,164.800,5.23,0.35
1999-04,1335.18,16.4500,39.26,165.900,5.18,0.35
1999-05,1294.26,16.4500,40.14,166.000,5.54,0.35
1999-06,1372.71,16.4500,41.02,166.000,5.90,0.35
1999-07,1328.05,16.5133,42.00,166.700,5.79,0.35
1999-08,1320.41,16.5767,42.98,167.100,5.94,0.35
1999-09,1282.71,16.6400,43.96,167.800,5.92,0.35
1999-10,1354.12,16.6567,45.36,168.100,6.11,0.35
1999-11,1388.91,16.6733,46.77,168.400,6.03,0.35
1999-12,1469.25,16.6900,48.17,168.800,6.28,0.35
2000-01,1394.46,16.7133,49.10,169.300,6.66,0.35
2000-02,1366.42,16.7367,50.02,170.000,6.52,0.35
2000-03,1498.58,16.7600,50.95,171.000,6.26,0.35
2000-04,1468.25,16.7400,51.27,170.900,5.99,0.35
2000-05,1420.60,16.7200,51.60,171.200,6.44,0.35
2000-06,1454.60,16.7000,51.92,172.200,6.10,0.35
2000-07,1430.83,16.5833,52.51,172.700,6.05,0.35
2000-08,1517.68,16.4667,53.11,172.700,5.83,0.35
2000-09,1436.23,16.3500,53.70,173.600,5.80,0.35
2000-10,1429.40,16.3233,52.47,173.900,5.74,0.35
2000-11,1314.95,16.2967,51.23,174.200,5.72,0.35
2000-12,1283.27,16.2700,50.00,174.600,5.24,0.35
2001-01,1366.01,16.1700,48.48,175.600,5.16,0.35
2001-02,1239.94,16.0700,46.96,176.000,5.10,0.35
2001-03,1145.87,15.9700,45.44,176.100,4.89,0.35
2001-04,1249.46,15.8767,42.56,176.400,5.14,0.35
2001-05,1255.82,15.7833,39.67,177.300,5.39,0.35
2001-06,1236.72,15.6900,36.79,177.700,5.28,0.35
2001-07,1211.23,15.7067,33.96,177.400,5.24,0.35
2001-08,1133.58,15.7233,31.14,177.400,4.97,0.35
2001-09,1038.55,15.7400,28.31,178.100,4.73,0.35
2001-10,1059.78,15.7400,27.10,177.600,4.57,0.35
2001-11,1139.45,15.7400,25.90,177.500,4.65,0.35
2001-12,1148.08,15.7400,24.69,177.400,5.09,0.35
2002-01,1130.20,15.7367,24.69,177.700,5.04,0.35
2002-02,1106.73,15.7333,24.70,178.000,4.91,0.35
2002-03,1146.54,15.7300,24.70,178.500,5.28,0.35
2002-04,1076.92,15.8333,25.38,179.300,5.21,0.35
2002-05,1067.14,15.9367,26.06,179.500,5.16,0.35
2002-06,968.65,16.0400,26.74,179.600,4.93,0.35
2002-07,911.62,15.9600,27.84,180.000,4.65,0.35
2002-08,878.02,15.8800,28.94,180.500,4.26,0.35
2002-09,815.28,15.8000,30.04,180.800,3.87,0.35
2002-10,885.76,15.8900,29.22,181.200,3.94,0.35
2002-11,934.53,15.9800,28.41,181.500,4.05,0.35
2002-12,879.82,16.0700,27.59,181.800,4.03,0.35
2003-01,855.70,16.1200,28.50,182.600,4.05,0.35
2003-02,841.15,16.1700,29.41,183.600,3.90,0.35
2003-03,848.18,16.2200,30.32,183.900,3.81,0.35
2003-04,916.92,16.2033,31.73,183.200,3.96,0.35
2003-05,967.00,16.1867,33.14,182.900,3.57,0.35
2003-06,974.50,16.1700,34.55,183.100,3.33,0.35
2003-07,990.31,16.3100,35.89,183.700,3.98,0.35
2003-08,1021.99,16.4500,37.24,184.500,4.45,0.35
2003-09,995.97,16.5900,38.58,185.100,4.27,0.35
2003-10,1050.71,16.8567,41.97,184.900,4.29,0.35
2003-11,1070.12,17.1233,45.35,185.000,4.30,0.35
2003-12,1111.92,17.3900,48.74,185.500,4.27,0.35
2004-01,1135.26,17.6000,49.83,186.300,4.15,0.35
2004-02,1155.97,17.8100,50.91,186.700,4.08,0.35
2004-03,1126.21,18.0200,52.00,187.100,3.83,0.35
2004-04,1107.30,18.2133,53.38,187.400,4.35,0.35
2004-05,1121.20,18.4067,54.77,188.200,4.72,0.35
2004-06,1140.84,18.6000,56.15,188.900,4.73,0.35
2004-07,1106.62,18.7867,56.69,189.100,4.50,0.35
2004-08,1104.24,18.9733,57.23,189.200,4.28,0.35
2004-09,1114.58,19.1600,57.77,189.800,4.13,0.35
2004-10,1130.51,19.2533,58.03,190.800,4.10,0.35
2004-11,1173.82,19.3467,58.29,191.700,4.19,0.35
2004-12,1211.92,19.4400,58.55,191.700,4.23,0.35
2005-01,1181.27,19.7033,59.14,191.600,4.22,0.35
2005-02,1203.60,19.9667,59.73,192.400,4.17,0.35
2005-03,1180.59,20.2300,60.32,193.100,4.50,0.35
2005-04,1162.16,20.4633,61.33,193.700,4.34,0.35
2005-05,1191.50,20.6967,62.35,193.600,4.14,0.35
2005-06,1191.33,20.9300,63.36,193.700,4.00,0.35
2005-07,1235.35,21.1100,64.43,194.900,4.18,0.35
2005-08,1220.33,21.2900,65.50,196.100,4.26,0.35
2005-09,1228.81,21.4700,66.57,198.800,4.20,0.35
2005-10,1207.01,21.7200,67.69,199.100,4.46,0.35
2005-11,1249.48,21.9700,68.81,198.100,4.54,0.35
2005-12,1268.80,22.2200,69.93,198.100,4.47,0.35
2006-01,1280.08,22.4067,70.84,199.300,4.42,0.35
2006-02,1280.66,22.5933,71.76,199.400,4.57,0.35
2006-03,1294.83,22.7800,72.67,199.700,4.72,0.35
2006-04,1305.19,23.0000,73.28,200.700,4.99,0.35
2006-05,1270.09,23.2200,73.88,201.300,5.11,0.35
2006-06,1270.20,23.4400,74.49,201.800,5.11,0.35
2006-07,1276.66,23.6600,75.85,202.900,5.09,0.35
2006-08,1303.82,23.8800,77.21,203.800,4.88,0.35
2006-09,1331.32,24.1000,78.57,202.800,4.72,0.35
2006-10,1377.94,24.3600,79.55,201.900,4.73,0.35
2006-11,1400.63,24.6200,80.53,202.000,4.60,0.35
2006-12,1416.63,24.8800,81.51,203.100,4.56,0.35
2007-01,1438.24,25.0833,82.06,203.437,4.76,0.35
2007-02,1406.82,25.2867,82.60,204.226,4.72,0.35
2007-03,1424.55,25.4900,83.15,205.288,4.56,0.35
2007-04,1482.37,25.7167,83.74,205.904,4.69,0.35
2007-05,1530.62,25.9433,84.33,206.755,4.75,0.35
2007-06,1519.43,26.1700,84.92,207.234,5.10,0.35
2007-07,1455.27,26.4400,82.81,207.603,5.00,0.35
2007-08,1473.99,26.7100,80.71,207.667,4.67,0.35
2007-09,1547.04,26.9800,78.60,208.547,4.52,0.35
2007-10,1549.38,27.2300,74.46,209.190,4.53,0.35
2007-11,1481.14,27.4800,70.32,210.834,4.15,0.35
2007-12,1468.36,27.7300,66.18,211.445,4.10,0.35
2008-01,1378.55,27.9200,64.25,212.174,3.74,0.35
2008-02,1330.63,28.1100,62.32,212.687,3.74,0.35
2008-03,1322.70,28.3000,60.39,213.448,3.51,0.35
2008-04,1385.59,28.4367,57.38,213.942,3.68,0.35
2008-05,1385.67,28.5733,54.38,215.208,3.88,0.35
2008-06,1280.00,28.7100,51.37,217.463,4.10,0.35
2008-07,1267.38,28.7567,49.56,219.016,4.01,0.35
2008-08,1277.58,28.8033,47.76,218.690,3.89,0.35
2008-09,1166.36,28.8500,45.95,218.877,3.69,0.35
2008-10,968.75,28.6967,35.59,216.995,3.81,0.35
2008-11,816.21,28.5433,25.24,213.153,3.53,0.35
2008-12,903.25,28.3900,14.88,211.398,2.42,0.35
2009-01,825.44,28.0133,12.21,211.933,2.52,0.35
2009-02,700.82,27.6367,9.53,212.705,2.87,0.35
2009-03,797.87,27.2600,6.86,212.495,2.82,0.35
2009-04,872.81,26.7033,7.08,212.709,2.93,0.35
2009-05,942.87,26.1467,7.29,213.022,3.29,0.35
2009-06,919.32,25.5900,7.51,214.790,3.72,0.35
2009-07,987.48,25.0267,9.19,214.726,3.56,0.35
2009-08,1020.62,24.4633,10.86,215.445,3.59,0.35
2009-09,1057.08,23.9000,12.54,215.861,3.40,0.35
2009-10,1042.88,23.4033,25.35,216.509,3.39,0.35
2009-11,1095.63,22.9067,38.16,217.234,3.40,0.35
2009-12,1115.10,22.4100,50.97,217.347,3.59,0.35
2010-01,1089.19,22.2400,54.29,217.488,3.73,0.35
2010-02,1115.71,22.0700,57.61,217.281,3.69,0.35
2010-03,1169.43,21.9000,60.93,217.353,3.73,0.35
2010-04,1186.69,21.9467,62.99,217.403,3.85,0.35
2010-05,1070.71,21.9933,65.04,217.290,3.42,0.35
2010-06,1030.71,22.0400,67.10,217.199,3.20,0.35
2010-07,1125.86,22.1433,68.69,217.605,3.01,0.35
2010-08,1049.33,22.2467,70.27,217.923,2.70,0.35
2010-09,1141.20,22.3500,71.86,218.275,2.65,0.35
2010-10,1184.38,22.4767,73.69,219.035,2.54,0.35
2010-11,1180.55,22.6033,75.52,219.590,2.76,0.35
2010-12,1257.64,22.7300,77.35,220.472,3.29,0.35
2011-01,1286.12,22.9633,78.67,221.187,3.39,0.35
2011-02,1327.22,23.1967,79.99,221.898,3.58,0.35
2011-03,1325.83,23.4300,81.31,223.046,3.41,0.35
2011-04,1361.22,23.7333,82.16,224.093,3.46,0.35
2011-05,1345.20,24.0367,83.02,224.806,3.17,0.35
2011-06,1320.64,24.3400,83.87,224.806,3.00,0.35
2011-07,1286.94,24.6200,84.91,225.395,3.00,0.35
2011-08,1218.89,24.9000,85.94,226.106,2.30,0.35
2011-09,1131.42,25.1800,86.98,226.597,1.98,0.35
2011-10,1253.30,25.5967,86.97,226.750,2.15,0.35
2011-11,1246.96,26.0133,86.96,227.169,2.01,0.35
2011-12,1277.06,26.4300,86.95,227.223,1.98,0.35
2012-01,1312.41,26.7367,87.48,227.842,1.97,0.35
2012-02,1365.68,27.0433,88.01,228.329,1.97,0.35
2012-03,1419.04,27.3500,88.54,228.807,2.17,0.35
2012-04,1397.91,27.6733,88.33,229.187,2.05,0.35
2012-05,1310.33,27.9967,88.13,228.713,1.80,0.35
2012-06,1365.51,28.3200,87.92,228.524,1.62,0.35
2012-07,1379.32,28.7433,87.45,228.590,1.53,0.35
2012-08,1406.58,29.1667,86.97,229.918,1.68,0.35
2012-09,1444.49,29.5900,86.50,231.015,1.72,0.35
2012-10,1412.16,30.1433,86.50,231.638,1.75,0.35
2012-11,1416.18,30.6967,86.51,231.249,1.65,0.35
2012-12,1426.19,31.2500,86.51,231.221,1.72,0.35
2013-01,1498.11,31.5367,86.91,231.679,1.91,0.35
2013-02,1514.68,31.8233,87.30,232.937,1.98,0.35
2013-03,1562.17,32.1100,87.70,232.282,1.96,0.35
2013-04,1597.57,32.4967,88.78,231.797,1.76,0.35
2013-05,1630.74,32.8833,89.87,231.893,1.93,0.35
2013-06,1614.96,33.2700,90.95,232.445,2.30,0.35
2013-07,1685.73,33.6467,92.09,232.900,2.58,0.35
2013-08,1632.97,34.0233,93.23,233.456,2.74,0.35
2013-09,1681.55,34.4000,94.37,233.544,2.81,0.35
2013-10,1756.54,34.5967,96.31,233.669,2.62,0.35
2013-11,1805.81,34.7933,98.26,234.100,2.72,0.35
2013-12,1848.36,34.9900,100.20,234.719,2.90,0.35
2014-01,1782.59,35.4033,100.42,235.288,2.86,0.35
2014-02,1859.45,35.8167,100.63,235.547,2.71,0.35
2014-03,1872.34,36.2300,100.85,236.028,2.72,0.35
2014-04,1883.95,36.6133,101.61,236.468,2.71,0.35
2014-05,1923.57,36.9967,102.36,236.918,2.56,0.35
2014-06,1960.23,37.3800,103.12,237.231,2.60,0.35
2014-07,1930.67,37.7500,104.07,237.498,2.54,0.35
2014-08,2003.37,38.1200,105.01,237.460,2.42,0.35
2014-09,1972.29,38.4900,105.96,237.477,2.53,0.35
2014-10,2018.05,38.8067,104.74,237.430,2.30,0.35
2014-11,2067.56,39.1233,103.53,236.983,2.33,0.35
2014-12,2058.90,39.4400,102.31,236.252,2.21,0.35
2015-01,1994.99,39.8967,101.29,234.718,1.88,0.35
2015-02,2104.50,40.3533,100.27,235.236,1.98,0.35
2015-03,2067.89,40.8100,99.25,236.005,2.04,0.35
2015-04,2085.51,41.1200,97.80,236.156,1.94,0.35
2015-05,2107.39,41.4300,96.36,236.974,2.20,0.35
2015-06,2063.11,41.7400,94.91,237.684,2.36,0.35
2015-07,2103.84,41.9967,93.49,238.053,2.32,0.35
2015-08,1972.18,42.2533,92.08,238.028,2.17,0.35
2015-09,1920.03,42.5100,90.66,237.506,2.17,0.35
2015-10,2079.36,42.8033,89.28,237.781,2.07,0.35
2015-11,2080.41,43.0967,87.91,238.016,2.26,0.35
2015-12,2043.94,43.3900,86.53,237.817,2.24,0.35
2016-01,1940.24,43.5533,86.50,237.833,2.09,0.35
2016-02,1932.23,43.7167,86.47,237.469,1.78,0.35
2016-03,2059.74,43.8800,86.44,238.038,1.89,0.35
2016-04,2065.30,44.0733,86.60,238.827,1.81,0.35
2016-05,2096.96,44.2667,86.76,239.464,1.81,0.35
2016-06,2098.86,44.4600,86.92,240.167,1.64,0.35
2016-07,2173.60,44.6500,87.64,240.150,1.50,0.35
2016-08,2170.95,44.8400,88.37,240.602,1.56,0.35
2016-09,2168.27,45.0300,89.09,241.051,1.63,0.35
2016-10,2126.15,45.2533,90.91,241.691,1.76,0.35
2016-11,2198.81,45.4767,92.73,242.029,2.14,0.35
2016-12,2238.83,45.7000,94.55,242.772,2.49,0.35
2017-01,2278.87,45.9267,96.46,243.780,2.43,0.35
2017-02,2363.64,46.1533,98.38,243.961,2.42,0.35
2017-03,2362.72,46.3800,100.29,243.749,2.48,0.35
2017-04,2384.20,46.6600,101.53,244.051,2.30,0.35
2017-05,2411.80,46.9400,102.78,243.962,2.30,0.35
2017-06,2423.41,47.2200,104.02,244.182,2.19,0.35
2017-07,2470.30,47.5367,105.04,244.390,2.32,0.35
2017-08,2471.65,47.8533,106.06,245.297,2.21,0.35
2017-09,2519.36,48.1700,107.08,246.418,2.20,0.35
2017-10,2575.26,48.4233,108.01,246.587,2.36,0.35
2017-11,2647.58,48.6767,108.95,247.332,2.35,0.35
2017-12,2673.61,48.9300,109.88,247.901,2.40,0.35
2018-01,2823.81,49.2867,111.73,248.884,2.58,0.21
2018-02,2713.83,49.6433,113.59,249.369,2.86,0.21
2018-03,2640.87,50.0000,115.44,249.498,2.84,0.21
2018-04,2648.05,50.3300,117.79,249.956,2.87,0.21
2018-05,2705.27,50.6600,120.13,250.646,2.98,0.21
2018-06,2718.37,50.9900,122.48,251.134,2.91,0.21
2018-07,2816.29,51.4400,125.12,251.597,2.89,0.21
2018-08,2901.52,51.8900,127.75,251.879,2.89,0.21
2018-09,2913.98,52.3400,130.39,252.010,3.00,0.21
2018-10,2711.74,52.8100,131.06,252.794,3.15,0.21
2018-11,2760.17,53.2800,131.72,252.760,3.12,0.21
2018-12,2506.85,53.7500,132.39,252.723,2.83,0.21
2019-01,2704.10,54.1467,133.06,252.673,2.71,0.21
2019-02,2784.49,54.5433,133.72,253.113,2.68,0.21
2019-03,2834.40,54.9400,134.39,254.148,2.57,0.21
2019-04,2945.83,55.3191,134.68,254.958,2.53,0.21
2019-05,2752.06,55.6982,134.98,255.371,2.40,0.21
2019-06,2941.76,56.0773,135.27,255.423,2.06,0.21
2019-07,2980.38,56.4582,134.48,255.925,1.63,0.21
2019-08,2926.46,56.8391,133.69,256.118,1.63,0.21
2019-09,2976.74,57.2200,132.90,256.532,1.70,0.21
2019-10,3037.56,57.5600,135.09,257.387,1.71,0.21
2019-11,3140.98,57.9000,137.28,257.989,1.81,0.21
2019-12,3230.78,58.2400,139.47,258.203,1.86,0.21
2020-01,3225.52,58.6869,131.76,258.687,1.76,0.21
2020-02,2954.22,59.1337,124.04,258.824,1.50,0.21
2020-03,2584.59,59.5806,116.33,257.989,0.87,0.21
2020-04,2912.43,59.6137,110.63,256.192,0.66,0.21
2020-05,3044.31,59.6469,104.93,255.942,0.67,0.21
2020-06,3100.29,59.6800,99.23,257.282,0.73,0.21
2020-07,3271.12,59.4033,98.89,258.604,0.62,0.21
2020-08,3500.31,59.1267,98.56,259.511,0.65,0.21
2020-09,3363.00,58.8500,98.22,260.149,0.68,0.21
2020-10,3269.96,58.6596,96.86,260.462,0.79,0.21
2020-11,3621.63,58.4692,95.49,260.927,0.87,0.21
2020-12,3756.07,58.2789,94.13,261.560,0.93,0.21
2021-01,3714.24,58.0637,105.49,262.639,1.08,0.21
2021-02,3811.15,57.8485,116.84,263.573,1.26,0.21
2021-03,3972.89,57.6334,128.20,264.847,1.61,0.21
2021-04,4181.17,57.7106,138.39,266.625,1.64,0.21
2021-05,4204.11,57.7878,148.57,268.404,1.62,0.21
2021-06,4297.50,57.8650,158.76,270.710,1.52,0.21
2021-07,4395.26,58.3282,164.30,271.965,1.32,0.21
2021-08,4522.68,58.7913,169.83,272.752,1.28,0.21
2021-09,4307.54,59.2545,175.37,273.942,1.37,0.21
2021-10,4605.38,59.6354,182.87,276.528,1.58,0.21
2021-11,4567.00,60.0162,190.37,278.824,1.56,0.21
2021-12,4766.18,60.3971,197.87,280.806,1.47,0.21
2022-01,4515.55,60.9214,197.88,282.542,1.76,0.21
2022-02,4373.94,61.4457,197.90,284.525,1.93,0.21
2022-03,4530.41,61.9700,197.91,287.467,2.13,0.21
2022-04,4131.93,62.6533,196.03,288.582,2.75,0.21
2022-05,4132.15,63.3367,194.14,291.299,2.90,0.21
2022-06,3785.38,64.0200,192.26,295.072,3.14,0.21
2022-07,4130.29,64.4528,190.53,294.940,2.90,0.21
2022-08,3955.00,64.8855,188.81,295.162,2.90,0.21
2022-09,3585.62,65.3183,187.08,296.421,3.52,0.21
2022-10,3871.98,65.8522,182.30,297.979,3.98,0.21
2022-11,4080.11,66.3861,177.53,298.708,3.89,0.21
2022-12,3839.50,66.9200,172.75,298.808,3.62,0.21
2023-01,4076.60,67.3500,173.56,300.456,3.53,0.21
2023-02,3970.15,67.7800,174.36,301.476,3.75,0.21
2023-03,4109.31,68.2100,175.17,301.643,3.66,0.21
2023-04,4169.48,68.3767,177.12,302.858,3.46,0.21
2023-05,4179.83,68.5433,179.06,303.316,3.57,0.21
2023-06,4450.38,68.7100,181.01,304.099,3.75,0.21
2023-07,4588.96,68.9111,182.09,304.615,3.90,0.21
2023-08,4507.66,69.1121,183.17,306.138,4.17,0.21
2023-09,4288.05,69.3131,184.25,307.374,4.38,0.21
2023-10,4193.80,69.6433,186.98,307.653,4.80,0.21
2023-11,4567.80,69.9735,189.70,308.087,4.50,0.21
2023-12,4769.83,70.3037,192.43,308.735,4.02,0.21
2024-01,4845.65,70.4774,192.08,309.794,4.06,0.21
2024-02,5096.27,70.6511,191.74,311.022,4.21,0.21
2024-03,5254.35,70.8248,191.39,312.107,4.21,0.21
2024-04,5035.69,71.2085,192.90,313.016,4.54,0.21
2024-05,5277.51,71.5921,194.42,313.140,4.48,0.21
2024-06,5460.48,71.9758,195.93,313.131,4.31,0.21
2024-07,5522.30,72.4505,197.38,313.566,4.25,0.21
2024-08,5648.40,72.9253,198.82,314.131,3.87,0.21
2024-09,5762.48,73.4000,200.27,314.851,3.72,0.21
2024-10,5705.45,73.8774,203.57,315.564,4.10,0.21
2024-11,6032.38,74.3548,206.87,316.449,4.36,0.21
2024-12,5881.63,74.8323,210.17,317.603,4.39,0.21